en_id,timestamp,temperature,humidity,brightness,gas_level,room_id,is_synthetic
1,2026-05-07 07:53:40,33.8,57.3,82.0,3411.0,,0
2,2026-05-07 07:54:10,33.7,57.5,82.0,3355.0,,0
3,2026-05-07 07:55:05,33.7,58.0,84.0,3438.0,,0
4,2026-05-07 07:55:35,33.6,58.1,85.0,3491.0,,0
5,2026-05-07 07:56:05,33.7,58.2,82.0,3392.0,,0
6,2026-05-07 07:56:35,33.8,58.0,84.0,3405.0,,0
7,2026-05-07 07:57:05,33.9,58.2,76.0,3063.0,,0
8,2026-05-07 07:57:35,33.9,58.3,85.0,3511.0,,0
9,2026-05-07 07:58:05,33.9,57.9,84.0,3347.0,,0
10,2026-05-07 07:58:10,34.0,57.9,84.0,3347.0,,0
11,2026-05-07 07:58:40,34.1,58.3,82.0,3353.0,,0
12,2026-05-07 07:59:10,34.2,57.8,83.0,3472.0,,0
13,2026-05-07 07:59:40,34.4,59.0,81.0,3309.0,,0
14,2026-05-07 08:00:10,34.4,56.9,84.0,3388.0,,0
15,2026-05-07 08:00:40,34.2,57.0,81.0,3362.0,,0
16,2026-05-07 08:01:10,34.2,58.3,83.0,3458.0,,0
17,2026-05-07 08:01:40,34.1,57.6,79.0,3303.0,,0
18,2026-05-07 08:02:15,34.0,57.6,80.0,3233.0,,0
19,2026-05-07 08:02:45,34.0,57.6,80.0,3261.0,,0
20,2026-05-07 08:03:15,34.0,57.5,80.0,3280.0,,0
21,2026-05-07 08:03:45,34.0,57.4,81.0,3280.0,,0
22,2026-05-07 08:04:15,33.9,57.6,77.0,3230.0,,0
23,2026-05-07 08:04:50,33.9,57.8,81.0,3257.0,,0
24,2026-05-07 08:05:15,33.9,57.8,78.0,3216.0,,0
25,2026-05-07 08:05:45,33.8,58.0,80.0,3257.0,,0
26,2026-05-07 08:06:20,33.7,58.3,79.0,3187.0,,0
27,2026-05-07 08:06:50,33.7,58.7,84.0,3493.0,,0
28,2026-05-07 08:07:20,33.7,58.4,84.0,4095.0,,0
29,2026-05-07 08:09:05,0.0,0.0,82.0,0.0,,0
30,2026-05-07 08:16:20,0.0,0.0,82.0,0.0,,0
31,2026-05-07 08:16:25,33.7,59.5,82.0,447.0,,0
32,2026-05-07 08:17:00,33.7,59.3,80.0,441.0,,0
33,2026-05-07 08:17:30,33.7,59.3,83.0,433.0,,0
34,2026-05-07 08:17:50,33.7,59.4,83.0,424.0,,0
35,2026-05-07 08:17:55,33.7,59.4,83.0,424.0,,0
36,2026-05-07 08:27:10,33.8,60.1,83.0,429.0,,0
37,2026-05-07 08:27:40,33.8,59.70000000000001,82.0,414.0,,0
38,2026-05-07 08:28:10,33.8,60.5,82.0,428.0,,0
39,2026-05-12 03:05:05,33.1,58.4,65.0,495.0,,0
40,2026-05-12 03:05:35,33.0,58.4,64.0,501.0,,0
41,2026-05-12 03:06:05,33.0,58.1,65.0,494.0,,0
42,2026-05-12 03:06:40,33.0,58.9,65.0,503.0,,0
43,2026-05-12 03:07:10,32.9,58.7,65.0,420.0,,0
44,2026-05-12 03:07:40,33.4,70.5,62.0,482.0,,0
45,2026-05-12 03:08:10,33.2,57.6,60.0,471.0,,0
46,2026-05-12 03:08:40,33.2,57.7,64.0,495.0,,0
47,2026-05-12 03:09:10,33.2,58.0,66.0,464.0,,0
48,2026-05-12 03:09:40,33.2,57.6,65.0,485.0,,0
49,2026-05-12 03:10:10,33.1,57.1,58.0,480.0,,0
50,2026-05-12 03:10:40,33.1,57.5,62.0,484.0,,0
51,2026-05-12 03:11:10,33.1,57.5,62.0,487.0,,0
52,2026-05-12 03:12:10,0.0,0.0,61.0,0.0,,0
53,2026-05-12 03:12:45,0.0,0.0,65.0,0.0,,0
54,2026-05-12 03:13:15,0.0,0.0,63.0,0.0,,0
55,2026-05-12 03:30:40,33.2,57.9,66.0,465.0,,0
56,2026-05-12 03:31:10,33.2,57.6,67.0,445.0,,0
57,2026-05-12 03:31:45,33.3,57.7,60.0,462.0,,0
58,2026-05-12 03:32:00,0.0,0.0,66.0,0.0,,0
59,2026-05-12 03:32:30,33.3,58.29999999999999,61.0,438.0,,0
60,2026-05-12 03:33:00,33.4,57.1,55.0,447.0,,0
61,2026-05-12 03:33:30,33.4,57.2,63.0,449.0,,0
62,2026-05-12 03:34:05,33.3,57.0,62.0,448.0,,0
63,2026-05-12 03:34:15,33.3,57.1,62.5,448.5,,0
64,2026-05-12 03:34:35,33.3,56.70000000000001,60.0,433.0,,0
65,2026-05-12 03:35:05,33.3,57.20000000000001,64.0,437.0,,0
66,2026-05-12 03:35:35,33.3,56.1,66.0,439.0,,0
67,2026-05-12 03:36:05,33.2,55.6,61.0,445.0,,0
68,2026-05-12 03:36:35,33.2,55.9,64.0,445.0,,0
69,2026-05-12 03:36:40,33.2,55.9,64.0,432.0,,0
70,2026-05-12 03:37:40,33.25,56.28,65.0,439.5,,0
71,2026-05-12 03:38:10,33.3,56.0,60.0,435.0,,0
72,2026-05-12 03:38:30,0.0,0.0,57.0,0.0,,0
73,2026-05-12 03:39:00,33.3,55.79999999999999,0.0,443.0,,0
74,2026-05-12 03:39:30,33.3,55.6,59.0,432.0,,0
75,2026-05-12 03:39:35,33.3,55.6,59.0,432.0,,0
76,2026-05-12 03:40:05,33.3,55.9,60.0,433.0,,0
77,2026-05-12 03:40:35,33.4,56.0,62.0,440.0,,0
78,2026-05-12 03:40:45,33.4,0.0,57.0,0.0,,0
79,2026-05-12 03:41:15,33.4,56.0,63.0,432.0,,0
80,2026-05-12 03:41:20,33.4,56.0,63.0,432.0,,0
81,2026-05-12 03:41:55,0.0,0.0,68.0,0.0,,0
82,2026-05-12 03:42:25,33.4,55.70000000000001,68.0,432.0,,0
83,2026-05-12 03:42:55,33.3,55.4,67.0,435.0,,0
84,2026-05-12 03:43:25,33.3,55.5,68.0,435.0,,0
85,2026-05-12 03:43:30,33.3,55.5,68.0,431.0,,0
86,2026-05-12 03:44:00,33.3,55.9,64.0,433.0,,0
87,2026-05-12 03:44:30,33.4,56.1,72.0,434.0,,0
88,2026-05-12 03:44:40,33.4,56.1,72.0,434.0,,0
89,2026-05-12 03:45:30,33.4,55.9,71.5,439.5,,0
90,2026-05-12 03:46:00,33.4,55.79999999999999,71.0,384.0,,0
91,2026-05-12 03:46:30,33.4,56.1,71.0,435.0,,0
92,2026-05-12 03:46:35,33.4,56.1,71.0,435.0,,0
93,2026-05-12 03:47:05,33.4,56.4,69.0,435.0,,0
94,2026-05-12 03:47:35,33.5,56.5,72.0,430.0,,0
95,2026-05-12 03:48:05,33.5,56.29999999999999,71.0,417.0,,0
96,2026-05-12 03:48:35,33.5,56.70000000000001,69.0,392.0,,0
97,2026-05-12 03:49:05,33.5,56.6,70.0,432.0,,0
98,2026-05-12 03:49:50,33.5,56.7,64.0,426.0,,0
99,2026-05-12 03:50:10,33.5,56.9,69.0,432.0,,0
100,2026-05-12 03:50:40,33.5,57.2,65.0,445.0,,0
101,2026-05-12 03:51:10,33.5,57.1,64.0,439.0,,0
102,2026-05-12 03:51:40,33.5,56.3,64.0,541.0,,0
103,2026-05-12 03:52:10,33.5,56.3,62.0,436.0,,0
104,2026-05-12 03:52:45,33.5,55.70000000000001,65.0,417.0,,0
105,2026-05-12 03:53:15,33.5,55.5,63.0,430.0,,0
106,2026-05-12 03:53:45,33.5,55.6,67.0,419.0,,0
107,2026-05-13 00:00:00,27.5,78.1,1.7,293.9,,1
108,2026-05-13 00:00:52,27.6,77.8,3.4,296.6,,1
109,2026-05-13 00:01:46,27.8,77.9,3.8,293.6,,1
110,2026-05-13 00:02:23,27.6,78.5,4.7,303.1,,1
111,2026-05-13 00:02:48,27.5,78.4,3.2,317.4,,1
112,2026-05-13 00:03:39,27.4,78.5,4.8,301.9,,1
113,2026-05-13 00:04:39,27.3,78.4,4.1,309.3,,1
114,2026-05-13 00:05:10,27.3,79.0,2.4,303.9,,1
115,2026-05-13 00:05:45,27.4,79.3,1.4,292.9,,1
116,2026-05-13 00:06:34,27.3,79.3,1.0,292.7,,1
117,2026-05-13 00:07:32,27.3,79.1,1.0,300.2,,1
118,2026-05-13 00:08:27,27.4,79.0,1.0,307.8,,1
119,2026-05-13 00:09:07,27.6,78.8,1.0,307.6,,1
120,2026-05-13 00:10:06,27.4,78.8,1.0,301.6,,1
121,2026-05-13 00:10:37,27.5,79.1,2.7,306.6,,1
122,2026-05-13 00:11:30,27.3,79.2,1.0,312.6,,1
123,2026-05-13 00:12:23,27.2,79.7,1.0,313.6,,1
124,2026-05-13 00:13:01,27.2,79.3,1.0,294.4,,1
125,2026-05-13 00:13:31,27.1,79.9,1.0,305.4,,1
126,2026-05-13 00:13:59,27.0,80.0,3.1,306.1,,1
127,2026-05-13 00:14:46,27.2,80.0,1.5,310.7,,1
128,2026-05-13 00:15:39,27.2,80.3,1.2,287.2,,1
129,2026-05-13 00:16:24,27.1,80.0,1.4,286.4,,1
130,2026-05-13 00:17:17,27.1,80.3,1.0,297.0,,1
131,2026-05-13 00:17:48,27.1,80.1,1.2,294.7,,1
132,2026-05-13 00:18:14,27.2,80.5,1.0,277.3,,1
133,2026-05-13 00:19:05,27.2,80.6,2.4,274.1,,1
134,2026-05-13 00:19:33,27.4,80.8,2.5,270.6,,1
135,2026-05-13 00:20:29,27.4,80.9,3.1,257.8,,1
136,2026-05-13 00:20:49,27.6,81.0,4.1,263.3,,1
137,2026-05-13 00:21:45,27.7,80.6,2.8,261.0,,1
138,2026-05-13 00:22:31,27.9,81.0,4.4,240.5,,1
139,2026-05-13 00:23:07,27.9,80.9,4.3,234.6,,1
140,2026-05-13 00:23:54,28.0,81.2,4.1,243.8,,1
141,2026-05-13 00:24:40,28.0,81.5,5.0,242.6,,1
142,2026-05-13 00:25:30,27.8,82.0,3.3,262.2,,1
143,2026-05-13 00:26:13,27.7,82.3,2.4,253.5,,1
144,2026-05-13 00:26:43,27.6,82.0,1.1,247.8,,1
145,2026-05-13 00:27:16,27.8,81.7,2.2,255.5,,1
146,2026-05-13 00:28:05,27.6,81.7,3.6,271.8,,1
147,2026-05-13 00:29:02,27.4,81.6,3.6,281.8,,1
148,2026-05-13 00:29:38,27.2,81.3,5.0,280.6,,1
149,2026-05-13 00:30:24,27.4,81.2,3.0,294.5,,1
150,2026-05-13 00:31:05,27.3,81.1,2.9,311.0,,1
151,2026-05-13 00:31:28,27.4,80.8,1.0,308.9,,1
152,2026-05-13 00:32:21,27.3,80.6,2.9,306.2,,1
153,2026-05-13 00:32:53,27.2,80.4,1.8,303.7,,1
154,2026-05-13 00:33:31,27.1,80.2,1.2,293.2,,1
155,2026-05-13 00:34:07,27.3,80.5,1.9,296.6,,1
156,2026-05-13 00:35:04,27.3,80.6,1.0,292.8,,1
157,2026-05-13 00:35:54,27.3,80.7,1.5,284.2,,1
158,2026-05-13 00:36:28,27.2,81.2,2.8,292.7,,1
159,2026-05-13 00:37:13,27.2,81.4,3.5,284.6,,1
160,2026-05-13 00:37:44,27.2,81.6,3.6,283.5,,1
161,2026-05-13 00:38:15,27.3,81.1,2.8,269.0,,1
162,2026-05-13 00:38:52,27.3,80.5,2.9,275.1,,1
163,2026-05-13 00:39:21,27.5,80.1,1.3,276.0,,1
164,2026-05-13 00:40:00,27.4,80.6,2.9,285.5,,1
165,2026-05-13 00:40:26,27.3,81.1,3.9,274.0,,1
166,2026-05-13 00:41:00,27.4,81.1,2.1,290.6,,1
167,2026-05-13 00:41:40,27.6,81.0,1.8,299.9,,1
168,2026-05-13 00:42:14,27.7,80.4,1.3,286.7,,1
169,2026-05-13 00:42:49,27.6,80.2,1.0,295.7,,1
170,2026-05-13 00:43:34,27.5,80.8,1.0,283.2,,1
171,2026-05-13 00:44:32,27.5,81.1,1.8,270.4,,1
172,2026-05-13 00:45:04,27.5,81.3,3.3,279.9,,1
173,2026-05-13 00:45:27,27.5,81.6,4.9,306.0,,1
174,2026-05-13 00:46:08,27.5,81.7,4.5,308.9,,1
175,2026-05-13 00:46:58,27.5,82.2,5.0,304.1,,1
176,2026-05-13 00:47:21,27.4,82.7,3.0,281.9,,1
177,2026-05-13 00:47:57,27.4,82.6,4.2,287.1,,1
178,2026-05-13 00:48:41,27.6,82.5,2.3,276.7,,1
179,2026-05-13 00:49:07,27.6,82.9,4.1,274.6,,1
180,2026-05-13 00:50:00,27.6,82.4,4.9,270.1,,1
181,2026-05-13 00:50:57,27.7,82.6,2.7,276.2,,1
182,2026-05-13 00:51:45,27.7,83.0,1.2,269.9,,1
183,2026-05-13 00:52:34,27.7,83.5,2.4,295.8,,1
184,2026-05-13 00:53:00,27.8,83.6,3.3,302.2,,1
185,2026-05-13 00:53:53,27.7,83.9,5.0,290.2,,1
186,2026-05-13 00:54:16,27.7,84.0,4.1,287.4,,1
187,2026-05-13 00:55:01,27.6,83.9,3.9,298.1,,1
188,2026-05-13 00:55:58,27.5,83.9,3.9,293.8,,1
189,2026-05-13 00:56:27,27.4,83.9,4.6,308.2,,1
190,2026-05-13 00:56:53,27.6,83.5,3.3,309.5,,1
191,2026-05-13 00:57:13,27.7,83.1,2.5,322.5,,1
192,2026-05-13 00:58:09,27.8,82.7,4.2,317.2,,1
193,2026-05-13 00:58:44,27.7,82.8,3.0,321.7,,1
194,2026-05-13 00:59:35,27.9,83.1,1.7,307.1,,1
195,2026-05-13 01:00:15,27.9,83.1,1.0,292.5,,1
196,2026-05-13 01:00:49,27.8,83.5,1.0,280.4,,1
197,2026-05-13 01:01:13,27.7,84.1,2.3,264.6,,1
198,2026-05-13 01:01:38,27.7,83.8,1.0,285.4,,1
199,2026-05-13 01:02:12,27.5,83.4,1.1,292.9,,1
200,2026-05-13 01:03:05,27.4,83.3,2.7,311.5,,1
201,2026-05-13 01:03:30,27.5,83.5,1.8,303.0,,1
202,2026-05-13 01:04:30,27.4,83.7,3.5,302.6,,1
203,2026-05-13 01:04:58,27.4,83.4,2.8,276.1,,1
204,2026-05-13 01:05:51,27.4,83.0,3.6,268.0,,1
205,2026-05-13 01:06:27,27.5,83.3,3.3,267.6,,1
206,2026-05-13 01:07:08,27.4,83.7,2.0,264.6,,1
207,2026-05-13 01:07:54,27.5,83.6,1.0,290.1,,1
208,2026-05-13 01:08:24,27.7,83.1,1.3,286.7,,1
209,2026-05-13 01:08:44,27.8,82.8,1.0,288.4,,1
210,2026-05-13 01:09:16,27.7,82.4,2.9,289.3,,1
211,2026-05-13 01:09:48,27.8,82.5,2.8,305.7,,1
212,2026-05-13 01:10:37,27.9,82.2,2.7,293.2,,1
213,2026-05-13 01:11:21,28.0,81.9,3.7,300.8,,1
214,2026-05-13 01:11:57,28.0,81.5,4.8,292.8,,1
215,2026-05-13 01:12:26,28.0,81.3,5.0,306.7,,1
216,2026-05-13 01:13:05,28.0,81.2,2.8,294.3,,1
217,2026-05-13 01:13:33,28.1,81.2,4.7,288.7,,1
218,2026-05-13 01:14:27,28.1,81.6,2.7,286.0,,1
219,2026-05-13 01:15:23,28.1,81.4,5.0,264.1,,1
220,2026-05-13 01:16:21,28.1,81.5,5.0,253.0,,1
221,2026-05-13 01:17:02,28.1,81.0,4.9,248.4,,1
222,2026-05-13 01:17:37,28.3,80.7,4.0,236.6,,1
223,2026-05-13 01:17:58,28.2,80.4,4.7,236.6,,1
224,2026-05-13 01:18:33,28.2,80.4,5.0,257.7,,1
225,2026-05-13 01:19:29,28.3,80.3,5.0,278.0,,1
226,2026-05-13 01:20:26,28.3,80.4,2.9,268.9,,1
227,2026-05-13 01:20:57,28.1,80.1,4.7,268.4,,1
228,2026-05-13 01:21:30,28.3,80.2,4.7,279.5,,1
229,2026-05-13 01:22:22,28.5,79.9,5.0,260.1,,1
230,2026-05-13 01:23:05,28.4,79.7,4.9,274.3,,1
231,2026-05-13 01:23:48,28.5,79.8,5.0,264.4,,1
232,2026-05-13 01:24:37,28.6,79.7,3.8,287.5,,1
233,2026-05-13 01:25:35,28.7,79.8,2.0,294.8,,1
234,2026-05-13 01:26:28,28.8,79.3,1.4,282.2,,1
235,2026-05-13 01:27:25,28.8,79.5,2.6,299.5,,1
236,2026-05-13 01:27:56,28.6,79.5,3.2,293.5,,1
237,2026-05-13 01:28:24,28.7,78.9,1.7,280.8,,1
238,2026-05-13 01:28:49,28.9,78.6,1.0,276.8,,1
239,2026-05-13 01:29:19,28.9,78.7,2.1,290.8,,1
240,2026-05-13 01:29:56,28.7,78.9,1.1,284.9,,1
241,2026-05-13 01:30:50,28.7,79.2,3.0,301.3,,1
242,2026-05-13 01:31:32,28.5,79.1,4.0,295.0,,1
243,2026-05-13 01:31:52,28.6,79.1,5.0,294.4,,1
244,2026-05-13 01:32:13,28.5,79.4,2.6,308.9,,1
245,2026-05-13 01:32:57,28.4,79.0,1.4,306.7,,1
246,2026-05-13 01:33:40,28.5,78.6,2.9,297.9,,1
247,2026-05-13 01:34:17,28.3,78.6,1.5,289.1,,1
248,2026-05-13 01:34:40,28.4,78.1,3.3,292.0,,1
249,2026-05-13 01:35:09,28.4,78.4,2.2,279.3,,1
250,2026-05-13 01:35:37,28.3,78.3,2.1,266.3,,1
251,2026-05-13 01:36:08,28.3,78.3,1.8,274.0,,1
252,2026-05-13 01:36:30,28.3,78.1,3.3,278.5,,1
253,2026-05-13 01:36:57,28.2,77.9,3.5,262.7,,1
254,2026-05-13 01:37:53,28.1,78.2,4.2,284.1,,1
255,2026-05-13 01:38:34,28.2,78.6,2.3,289.0,,1
256,2026-05-13 01:39:24,28.2,78.7,3.4,271.3,,1
257,2026-05-13 01:40:18,28.2,78.9,1.9,271.1,,1
258,2026-05-13 01:41:17,28.4,78.8,3.9,267.8,,1
259,2026-05-13 01:41:50,28.4,78.4,1.9,251.8,,1
260,2026-05-13 01:42:48,28.4,78.4,1.4,277.0,,1
261,2026-05-13 01:43:35,28.6,78.2,3.4,277.1,,1
262,2026-05-13 01:43:59,28.5,78.2,4.3,297.7,,1
263,2026-05-13 01:44:19,28.4,78.5,2.8,308.1,,1
264,2026-05-13 01:44:46,28.2,78.3,4.4,304.4,,1
265,2026-05-13 01:45:25,28.4,77.8,3.6,300.6,,1
266,2026-05-13 01:46:08,28.5,77.9,5.0,291.2,,1
267,2026-05-13 01:46:58,28.7,78.3,3.7,300.8,,1
268,2026-05-13 01:47:49,28.7,77.9,3.7,294.7,,1
269,2026-05-13 01:48:24,28.5,78.0,2.8,291.5,,1
270,2026-05-13 01:49:12,28.7,78.2,3.7,285.7,,1
271,2026-05-13 01:49:45,28.8,78.2,5.0,274.9,,1
272,2026-05-13 01:50:28,28.9,78.1,4.8,272.1,,1
273,2026-05-13 01:51:13,28.7,78.0,3.6,280.4,,1
274,2026-05-13 01:52:07,28.9,78.0,3.7,297.2,,1
275,2026-05-13 01:52:56,29.1,78.1,2.9,314.7,,1
276,2026-05-13 01:53:22,29.0,77.8,2.4,323.5,,1
277,2026-05-13 01:53:53,28.9,78.2,3.6,302.2,,1
278,2026-05-13 01:54:42,28.9,77.9,3.9,304.6,,1
279,2026-05-13 01:55:14,28.8,77.6,5.0,281.0,,1
280,2026-05-13 01:56:07,28.8,78.1,4.9,290.2,,1
281,2026-05-13 01:56:27,28.9,77.6,3.0,309.7,,1
282,2026-05-13 01:57:12,28.8,78.2,4.7,299.9,,1
283,2026-05-13 01:58:00,28.7,78.5,5.0,285.4,,1
284,2026-05-13 01:58:21,28.9,78.5,5.0,288.0,,1
285,2026-05-13 01:59:05,28.9,78.7,3.5,271.4,,1
286,2026-05-13 01:59:28,29.0,78.7,3.0,264.6,,1
287,2026-05-13 02:00:05,28.8,78.4,1.7,289.2,,1
288,2026-05-13 02:01:00,29.0,78.7,1.2,272.0,,1
289,2026-05-13 02:01:35,29.1,78.7,1.3,269.1,,1
290,2026-05-13 02:02:27,28.9,79.1,2.6,266.8,,1
291,2026-05-13 02:02:59,29.1,79.1,1.0,274.7,,1
292,2026-05-13 02:03:51,28.9,79.1,1.0,273.6,,1
293,2026-05-13 02:04:45,29.0,78.9,2.5,295.9,,1
294,2026-05-13 02:05:34,28.9,78.5,3.1,286.3,,1
295,2026-05-13 02:05:56,29.0,78.1,4.6,276.3,,1
296,2026-05-13 02:06:43,28.9,77.8,3.5,282.2,,1
297,2026-05-13 02:07:26,28.7,78.4,4.4,305.0,,1
298,2026-05-13 02:08:02,28.9,78.4,4.4,307.3,,1
299,2026-05-13 02:09:00,28.8,78.5,2.8,296.5,,1
300,2026-05-13 02:09:39,28.9,78.1,1.4,304.1,,1
301,2026-05-13 02:10:16,28.8,78.0,1.0,299.0,,1
302,2026-05-13 02:10:49,28.9,78.1,1.9,281.6,,1
303,2026-05-13 02:11:18,28.7,78.1,1.9,275.6,,1
304,2026-05-13 02:12:12,28.6,78.6,1.9,269.2,,1
305,2026-05-13 02:12:33,28.5,79.1,3.2,261.9,,1
306,2026-05-13 02:13:01,28.5,78.8,2.0,286.2,,1
307,2026-05-13 02:13:36,28.6,78.5,1.7,284.3,,1
308,2026-05-13 02:14:20,28.7,78.3,2.8,266.6,,1
309,2026-05-13 02:14:50,28.8,78.1,4.5,260.5,,1
310,2026-05-13 02:15:43,28.9,77.5,2.9,255.2,,1
311,2026-05-13 02:16:11,28.8,77.3,3.5,282.1,,1
312,2026-05-13 02:16:59,29.0,76.8,2.7,279.8,,1
313,2026-05-13 02:17:44,28.8,77.2,1.4,275.7,,1
314,2026-05-13 02:18:12,28.8,76.9,2.1,291.0,,1
315,2026-05-13 02:19:04,29.0,76.6,2.4,274.6,,1
316,2026-05-13 02:20:04,28.8,76.7,2.4,269.8,,1
317,2026-05-13 02:20:34,28.9,76.9,1.7,250.8,,1
318,2026-05-13 02:21:11,28.8,77.4,2.3,259.4,,1
319,2026-05-13 02:22:06,28.8,77.4,3.5,258.4,,1
320,2026-05-13 02:22:54,28.6,77.5,4.9,268.6,,1
321,2026-05-13 02:23:33,28.6,78.1,4.2,257.5,,1
322,2026-05-13 02:24:04,28.7,77.7,4.7,269.1,,1
323,2026-05-13 02:24:26,28.8,77.1,4.5,269.0,,1
324,2026-05-13 02:24:51,29.0,76.8,3.9,280.6,,1
325,2026-05-13 02:25:32,28.9,76.9,5.0,292.2,,1
326,2026-05-13 02:26:15,28.7,76.5,5.0,279.4,,1
327,2026-05-13 02:26:46,28.7,76.6,4.8,266.0,,1
328,2026-05-13 02:27:06,28.8,76.2,4.7,262.2,,1
329,2026-05-13 02:27:42,29.0,75.6,3.7,276.9,,1
330,2026-05-13 02:28:30,29.1,75.2,3.9,274.5,,1
331,2026-05-13 02:29:25,28.9,75.5,2.8,268.9,,1
332,2026-05-13 02:30:09,28.9,75.1,1.1,252.2,,1
333,2026-05-13 02:31:09,28.9,74.9,1.6,243.6,,1
334,2026-05-13 02:31:49,28.9,74.7,3.2,260.7,,1
335,2026-05-13 02:32:19,28.7,75.1,1.3,257.9,,1
336,2026-05-13 02:32:53,28.8,74.5,2.9,248.3,,1
337,2026-05-13 02:33:25,28.7,74.7,4.5,259.8,,1
338,2026-05-13 02:34:22,28.6,74.7,2.7,280.3,,1
339,2026-05-13 02:35:05,28.5,74.5,1.8,258.6,,1
340,2026-05-13 02:35:59,28.5,74.8,1.0,262.4,,1
341,2026-05-13 02:36:44,28.6,74.7,2.0,273.9,,1
342,2026-05-13 02:37:41,28.5,74.5,2.4,269.9,,1
343,2026-05-13 02:38:05,28.4,75.1,3.2,264.3,,1
344,2026-05-13 02:38:42,28.3,75.2,5.0,273.2,,1
345,2026-05-13 02:39:25,28.5,75.2,3.9,286.7,,1
346,2026-05-13 02:39:51,28.3,75.3,1.8,280.5,,1
347,2026-05-13 02:40:25,28.2,75.0,3.6,294.8,,1
348,2026-05-13 02:41:24,28.1,75.4,2.9,296.3,,1
349,2026-05-13 02:41:52,28.0,75.3,3.8,289.9,,1
350,2026-05-13 02:42:47,27.8,74.9,1.8,285.5,,1
351,2026-05-13 02:43:43,27.7,74.6,1.0,288.7,,1
352,2026-05-13 02:44:09,27.5,74.8,2.5,271.6,,1
353,2026-05-13 02:45:05,27.6,74.6,3.3,273.3,,1
354,2026-05-13 02:45:28,27.4,75.1,4.0,250.5,,1
355,2026-05-13 02:46:20,27.6,75.1,4.2,267.1,,1
356,2026-05-13 02:46:55,27.5,75.0,4.4,278.0,,1
357,2026-05-13 02:47:20,27.4,74.8,5.0,285.7,,1
358,2026-05-13 02:48:16,27.4,74.7,3.2,281.7,,1
359,2026-05-13 02:49:15,27.5,74.7,3.7,290.4,,1
360,2026-05-13 02:49:50,27.4,74.3,4.6,306.5,,1
361,2026-05-13 02:50:19,27.3,74.9,4.5,298.2,,1
362,2026-05-13 02:51:14,27.3,75.2,2.8,319.8,,1
363,2026-05-13 02:52:06,27.4,74.9,3.4,298.4,,1
364,2026-05-13 02:52:57,27.3,75.1,2.3,305.4,,1
365,2026-05-13 02:53:19,27.3,75.3,1.7,304.5,,1
366,2026-05-13 02:54:10,27.5,74.8,1.1,280.0,,1
367,2026-05-13 02:54:37,27.7,75.0,1.0,294.6,,1
368,2026-05-13 02:55:16,27.7,75.2,2.8,295.2,,1
369,2026-05-13 02:56:16,27.9,75.4,2.2,294.8,,1
370,2026-05-13 02:56:49,27.8,75.2,4.0,297.4,,1
371,2026-05-13 02:57:13,27.7,75.1,2.4,315.0,,1
372,2026-05-13 02:57:51,27.7,74.8,2.5,308.5,,1
373,2026-05-13 02:58:44,27.7,75.1,1.7,305.8,,1
374,2026-05-13 02:59:32,27.6,75.0,2.9,318.7,,1
375,2026-05-13 03:00:15,27.5,74.6,3.9,308.7,,1
376,2026-05-13 03:01:11,27.6,74.2,5.0,294.7,,1
377,2026-05-13 03:01:32,27.6,74.2,2.9,287.7,,1
378,2026-05-13 03:01:55,27.5,74.3,4.7,284.3,,1
379,2026-05-13 03:02:29,27.3,74.1,3.8,277.6,,1
380,2026-05-13 03:03:27,27.3,73.6,4.3,276.5,,1
381,2026-05-13 03:04:07,27.2,73.4,3.3,284.5,,1
382,2026-05-13 03:04:53,27.2,73.3,4.4,263.9,,1
383,2026-05-13 03:05:20,27.0,73.3,5.0,265.3,,1
384,2026-05-13 03:05:45,27.1,72.9,5.0,280.9,,1
385,2026-05-13 03:06:29,27.1,72.4,2.8,273.0,,1
386,2026-05-13 03:07:00,27.0,72.6,4.7,262.2,,1
387,2026-05-13 03:07:51,26.9,72.9,2.6,259.7,,1
388,2026-05-13 03:08:17,27.0,73.2,4.9,265.5,,1
389,2026-05-13 03:08:41,27.2,72.9,2.9,248.9,,1
390,2026-05-13 03:09:19,27.0,72.6,4.2,250.1,,1
391,2026-05-13 03:10:08,27.0,72.4,5.0,262.1,,1
392,2026-05-13 03:10:45,26.9,72.5,5.0,253.1,,1
393,2026-05-13 03:11:38,26.9,72.5,5.0,242.9,,1
394,2026-05-13 03:12:19,26.9,72.9,4.9,232.9,,1
395,2026-05-13 03:13:06,27.1,72.3,5.0,253.4,,1
396,2026-05-13 03:13:43,27.1,72.1,5.0,253.4,,1
397,2026-05-13 03:14:42,27.1,71.5,4.9,287.5,,1
398,2026-05-13 03:15:23,27.3,72.1,5.0,306.2,,1
399,2026-05-13 03:16:05,27.2,72.4,4.0,295.5,,1
400,2026-05-13 03:17:05,27.2,72.5,2.2,268.8,,1
401,2026-05-13 03:18:02,27.4,72.2,2.6,289.2,,1
402,2026-05-13 03:18:30,27.3,72.0,1.1,272.8,,1
403,2026-05-13 03:18:54,27.1,72.0,1.0,263.6,,1
404,2026-05-13 03:19:46,27.0,72.1,1.0,267.5,,1
405,2026-05-13 03:20:40,26.9,71.8,1.9,279.3,,1
406,2026-05-13 03:21:01,26.9,72.2,1.3,283.6,,1
407,2026-05-13 03:21:26,26.9,71.7,3.1,274.3,,1
408,2026-05-13 03:22:09,27.1,72.3,3.2,281.0,,1
409,2026-05-13 03:22:48,27.0,72.0,2.1,284.6,,1
410,2026-05-13 03:23:09,27.1,71.7,3.6,266.2,,1
411,2026-05-13 03:23:56,27.0,72.4,4.8,279.2,,1
412,2026-05-13 03:24:35,27.2,72.5,5.0,266.1,,1
413,2026-05-13 03:25:14,27.3,72.6,5.0,267.0,,1
414,2026-05-13 03:25:38,27.3,72.7,5.0,293.1,,1
415,2026-05-13 03:26:15,27.2,73.1,4.8,288.8,,1
416,2026-05-13 03:26:58,27.1,72.9,5.0,295.8,,1
417,2026-05-13 03:27:33,27.1,73.4,4.6,268.1,,1
418,2026-05-13 03:28:07,27.1,73.6,5.0,273.6,,1
419,2026-05-13 03:29:02,27.3,73.5,4.9,294.9,,1
420,2026-05-13 03:29:35,27.4,73.3,4.7,314.8,,1
421,2026-05-13 03:30:21,27.3,73.5,2.9,327.2,,1
422,2026-05-13 03:30:44,27.4,73.2,3.2,315.8,,1
423,2026-05-13 03:31:30,27.6,73.2,3.5,312.9,,1
424,2026-05-13 03:32:19,27.5,73.5,1.7,305.9,,1
425,2026-05-13 03:32:56,27.7,73.6,3.6,290.7,,1
426,2026-05-13 03:33:26,27.6,73.5,3.6,284.0,,1
427,2026-05-13 03:34:10,27.7,73.2,2.5,264.5,,1
428,2026-05-13 03:34:54,27.8,73.5,1.0,251.7,,1
429,2026-05-13 03:35:26,27.8,73.4,1.0,277.1,,1
430,2026-05-13 03:36:17,27.7,73.9,2.3,266.1,,1
431,2026-05-13 03:36:38,27.5,74.3,3.9,281.6,,1
432,2026-05-13 03:36:58,27.6,74.7,3.0,271.8,,1
433,2026-05-13 03:37:20,27.6,74.6,5.0,271.2,,1
434,2026-05-13 03:37:54,27.4,75.1,3.6,279.2,,1
435,2026-05-13 03:38:30,27.3,75.3,3.9,272.9,,1
436,2026-05-13 03:39:19,27.1,75.3,4.6,261.8,,1
437,2026-05-13 03:39:46,27.3,75.5,4.8,281.5,,1
438,2026-05-13 03:40:38,27.4,75.8,3.6,295.6,,1
439,2026-05-13 03:41:23,27.3,75.9,3.9,280.1,,1
440,2026-05-13 03:42:14,27.2,76.0,2.7,292.2,,1
441,2026-05-13 03:42:54,27.3,75.8,4.4,267.4,,1
442,2026-05-13 03:43:17,27.4,75.3,3.0,294.9,,1
443,2026-05-13 03:43:37,27.2,75.4,4.9,276.6,,1
444,2026-05-13 03:44:15,27.3,75.2,4.4,273.5,,1
445,2026-05-13 03:44:47,27.1,75.8,3.7,298.8,,1
446,2026-05-13 03:45:47,27.0,76.0,2.4,289.1,,1
447,2026-05-13 03:46:39,27.0,75.6,2.4,283.6,,1
448,2026-05-13 03:47:00,27.0,75.7,3.4,270.5,,1
449,2026-05-13 03:47:40,26.9,75.5,4.0,271.9,,1
450,2026-05-13 03:48:34,27.1,74.9,1.9,293.2,,1
451,2026-05-13 03:49:20,27.2,75.0,3.1,289.7,,1
452,2026-05-13 03:50:12,27.2,74.8,4.5,292.4,,1
453,2026-05-13 03:51:03,27.1,75.2,3.2,272.0,,1
454,2026-05-13 03:51:43,27.1,75.4,1.3,271.2,,1
455,2026-05-13 03:52:31,27.1,75.0,1.0,283.0,,1
456,2026-05-13 03:53:07,27.0,75.1,1.0,267.5,,1
457,2026-05-13 03:53:33,27.2,74.9,1.2,254.6,,1
458,2026-05-13 03:54:01,27.1,74.8,2.4,252.4,,1
459,2026-05-13 03:54:36,27.2,74.9,4.3,276.5,,1
460,2026-05-13 03:54:57,27.1,75.2,3.5,274.1,,1
461,2026-05-13 03:55:18,26.9,75.0,4.7,292.6,,1
462,2026-05-13 03:56:10,26.7,75.2,3.4,278.5,,1
463,2026-05-13 03:56:39,26.7,75.5,3.4,273.2,,1
464,2026-05-13 03:57:05,26.7,75.7,3.6,267.7,,1
465,2026-05-13 03:58:04,26.5,75.7,4.1,267.7,,1
466,2026-05-13 03:58:57,26.6,75.4,2.7,276.4,,1
467,2026-05-13 03:59:37,26.8,75.2,3.7,278.2,,1
468,2026-05-13 04:00:19,27.0,75.6,5.0,292.7,,1
469,2026-05-13 04:01:16,27.1,75.4,4.0,309.1,,1
470,2026-05-13 04:02:01,26.9,75.0,4.8,317.2,,1
471,2026-05-13 04:02:47,27.1,74.9,5.0,310.2,,1
472,2026-05-13 04:03:41,26.9,75.2,5.0,329.2,,1
473,2026-05-13 04:04:26,27.2,75.1,4.2,354.2,,1
474,2026-05-13 04:04:53,27.1,75.5,3.1,344.3,,1
475,2026-05-13 04:05:53,27.2,75.4,2.5,331.6,,1
476,2026-05-13 04:06:52,27.0,75.6,2.1,356.0,,1
477,2026-05-13 04:07:35,26.9,75.7,3.0,357.4,,1
478,2026-05-13 04:08:07,27.1,75.9,3.9,377.6,,1
479,2026-05-13 04:09:04,27.0,75.6,5.0,383.1,,1
480,2026-05-13 04:09:41,27.2,75.7,4.6,387.8,,1
481,2026-05-13 04:10:23,27.2,75.3,5.0,369.1,,1
482,2026-05-13 04:10:44,27.4,75.4,5.0,367.6,,1
483,2026-05-13 04:11:41,27.5,75.6,5.0,356.8,,1
484,2026-05-13 04:12:38,27.5,75.1,4.8,338.0,,1
485,2026-05-13 04:13:21,27.7,75.3,2.9,348.5,,1
486,2026-05-13 04:14:08,27.6,75.7,2.8,347.9,,1
487,2026-05-13 04:14:46,27.7,76.1,4.3,344.3,,1
488,2026-05-13 04:15:40,27.6,76.5,5.0,350.8,,1
489,2026-05-13 04:16:38,27.7,76.5,3.0,349.2,,1
490,2026-05-13 04:17:04,27.6,76.4,5.0,346.7,,1
491,2026-05-13 04:17:47,27.6,76.6,5.0,339.6,,1
492,2026-05-13 04:18:40,27.7,77.0,4.0,364.8,,1
493,2026-05-13 04:19:05,27.8,76.7,3.4,385.4,,1
494,2026-05-13 04:19:40,27.7,76.8,3.9,379.3,,1
495,2026-05-13 04:20:15,27.7,76.4,2.7,351.2,,1
496,2026-05-13 04:21:14,27.6,76.6,2.4,357.9,,1
497,2026-05-13 04:22:12,27.7,76.7,4.0,357.1,,1
498,2026-05-13 04:22:43,27.8,76.5,5.0,356.1,,1
499,2026-05-13 04:23:03,27.6,76.6,4.7,379.0,,1
500,2026-05-13 04:23:56,27.4,76.3,3.8,381.2,,1
501,2026-05-13 04:24:45,27.3,76.4,4.7,366.1,,1
502,2026-05-13 04:25:37,27.5,76.2,4.0,370.5,,1
503,2026-05-13 04:26:23,27.3,75.8,2.6,389.7,,1
504,2026-05-13 04:27:20,27.4,76.1,3.3,385.4,,1
505,2026-05-13 04:27:58,27.2,75.9,3.6,396.2,,1
506,2026-05-13 04:28:43,27.2,76.4,4.5,394.7,,1
507,2026-05-13 04:29:28,27.0,76.4,5.0,391.3,,1
508,2026-05-13 04:29:56,26.9,76.0,5.0,388.7,,1
509,2026-05-13 04:30:41,27.1,75.8,5.0,365.7,,1
510,2026-05-13 04:31:20,27.1,75.6,5.0,379.8,,1
511,2026-05-13 04:32:09,27.2,75.9,4.1,352.7,,1
512,2026-05-13 04:33:07,27.3,75.6,5.0,365.2,,1
513,2026-05-13 04:34:00,27.3,75.5,3.8,355.3,,1
514,2026-05-13 04:34:45,27.2,75.8,5.0,369.6,,1
515,2026-05-13 04:35:25,27.3,76.1,4.8,379.4,,1
516,2026-05-13 04:35:57,27.4,76.3,3.7,367.0,,1
517,2026-05-13 04:36:40,27.3,76.0,2.6,366.7,,1
518,2026-05-13 04:37:14,27.1,75.8,1.0,361.6,,1
519,2026-05-13 04:37:56,27.0,75.7,1.1,378.1,,1
520,2026-05-13 04:38:45,26.9,75.8,4.1,385.3,,1
521,2026-05-13 04:39:27,27.0,75.9,3.7,385.7,,1
522,2026-05-13 04:40:12,27.1,76.2,5.0,405.0,,1
523,2026-05-13 04:40:57,27.2,75.8,4.7,401.6,,1
524,2026-05-13 04:41:19,27.1,75.6,3.1,409.0,,1
525,2026-05-13 04:42:06,27.3,75.5,3.8,382.0,,1
526,2026-05-13 04:42:47,27.2,76.0,4.9,394.2,,1
527,2026-05-13 04:43:18,27.1,76.4,5.0,379.8,,1
528,2026-05-13 04:44:10,27.2,76.7,5.0,372.8,,1
529,2026-05-13 04:44:36,27.1,77.1,5.0,365.0,,1
530,2026-05-13 04:45:03,27.1,76.9,3.4,380.9,,1
531,2026-05-13 04:45:53,27.1,76.5,2.4,372.4,,1
532,2026-05-13 04:46:19,27.2,76.4,1.5,365.0,,1
533,2026-05-13 04:47:14,27.4,75.9,4.7,360.7,,1
534,2026-05-13 04:48:10,27.3,76.0,3.1,377.5,,1
535,2026-05-13 04:48:59,27.5,75.5,1.6,370.8,,1
536,2026-05-13 04:49:24,27.4,75.9,1.0,374.4,,1
537,2026-05-13 04:49:58,27.5,75.4,2.2,393.3,,1
538,2026-05-13 04:50:43,27.5,75.4,3.4,365.8,,1
539,2026-05-13 04:51:28,27.6,75.4,2.5,380.0,,1
540,2026-05-13 04:52:26,27.5,75.6,4.7,366.0,,1
541,2026-05-13 04:53:09,27.3,76.0,4.9,368.1,,1
542,2026-05-13 04:53:44,27.2,75.9,5.0,383.9,,1
543,2026-05-13 04:54:32,27.3,75.9,4.3,377.0,,1
544,2026-05-13 04:55:03,27.5,75.9,2.1,354.9,,1
545,2026-05-13 04:55:44,27.6,76.3,2.5,354.8,,1
546,2026-05-13 04:56:22,27.5,76.1,4.5,347.2,,1
547,2026-05-13 04:56:48,27.6,76.4,3.3,346.4,,1
548,2026-05-13 04:57:08,27.4,76.9,1.7,359.0,,1
549,2026-05-13 04:57:58,27.5,76.8,1.8,351.0,,1
550,2026-05-13 04:58:38,27.4,77.0,3.6,349.5,,1
551,2026-05-13 04:58:59,27.4,76.6,5.0,329.1,,1
552,2026-05-13 04:59:29,27.5,76.4,5.0,334.8,,1
553,2026-05-13 05:00:28,27.6,76.0,4.6,337.4,,1
554,2026-05-13 05:00:56,27.6,75.8,3.1,329.4,,1
555,2026-05-13 05:01:36,27.5,75.7,3.0,336.3,,1
556,2026-05-13 05:01:57,27.6,75.4,2.6,349.2,,1
557,2026-05-13 05:02:35,27.6,75.7,2.5,350.3,,1
558,2026-05-13 05:03:29,27.4,76.3,3.0,339.2,,1
559,2026-05-13 05:04:10,27.5,75.9,3.1,349.5,,1
560,2026-05-13 05:05:08,27.7,76.0,4.0,364.5,,1
561,2026-05-13 05:05:53,27.6,75.9,4.4,354.1,,1
562,2026-05-13 05:06:38,27.4,75.8,5.4,371.2,,1
563,2026-05-13 05:07:35,27.4,75.6,6.6,356.1,,1
564,2026-05-13 05:08:04,27.5,75.1,7.1,371.5,,1
565,2026-05-13 05:08:41,27.4,75.1,7.3,373.2,,1
566,2026-05-13 05:09:23,27.5,74.6,6.1,393.1,,1
567,2026-05-13 05:09:50,27.4,74.4,6.0,373.4,,1
568,2026-05-13 05:10:19,27.3,75.0,6.6,369.7,,1
569,2026-05-13 05:11:12,27.3,74.9,4.1,385.7,,1
570,2026-05-13 05:11:49,27.5,75.3,2.7,393.1,,1
571,2026-05-13 05:12:29,27.5,75.2,3.0,394.4,,1
572,2026-05-13 05:13:06,27.6,75.4,4.9,386.2,,1
573,2026-05-13 05:13:26,27.7,75.3,4.9,395.7,,1
574,2026-05-13 05:14:06,27.8,75.4,4.7,409.2,,1
575,2026-05-13 05:14:37,27.7,75.3,6.2,386.7,,1
576,2026-05-13 05:15:37,27.7,75.2,7.7,408.0,,1
577,2026-05-13 05:16:11,27.6,74.9,5.7,400.1,,1
578,2026-05-13 05:16:39,27.6,75.0,5.2,392.8,,1
579,2026-05-13 05:17:25,27.7,75.4,5.7,373.0,,1
580,2026-05-13 05:18:12,27.9,75.0,7.4,386.5,,1
581,2026-05-13 05:18:48,27.8,75.1,6.1,370.3,,1
582,2026-05-13 05:19:16,28.0,75.0,6.1,377.8,,1
583,2026-05-13 05:20:14,28.0,74.4,6.9,371.8,,1
584,2026-05-13 05:20:44,27.9,74.1,7.1,361.0,,1
585,2026-05-13 05:21:21,28.0,73.6,4.6,360.9,,1
586,2026-05-13 05:22:14,28.2,73.4,4.3,366.4,,1
587,2026-05-13 05:23:12,28.2,73.8,6.4,375.2,,1
588,2026-05-13 05:23:54,28.3,73.7,7.5,376.3,,1
589,2026-05-13 05:24:31,28.2,73.6,8.6,382.8,,1
590,2026-05-13 05:25:04,28.1,73.8,5.5,378.2,,1
591,2026-05-13 05:25:55,28.3,73.6,4.9,389.5,,1
592,2026-05-13 05:26:41,28.4,73.4,4.7,380.3,,1
593,2026-05-13 05:27:15,28.3,73.9,7.1,369.6,,1
594,2026-05-13 05:27:40,28.4,74.1,6.4,374.8,,1
595,2026-05-13 05:28:32,28.3,74.0,7.5,376.3,,1
596,2026-05-13 05:29:30,28.2,74.0,8.2,362.8,,1
597,2026-05-13 05:30:28,28.2,73.9,8.7,359.4,,1
598,2026-05-13 05:31:20,28.1,74.0,8.3,359.3,,1
599,2026-05-13 05:32:13,28.2,73.6,6.7,356.7,,1
600,2026-05-13 05:32:51,28.4,73.6,5.4,369.5,,1
601,2026-05-13 05:33:17,28.4,73.7,4.0,384.8,,1
602,2026-05-13 05:33:40,28.2,73.9,3.2,395.1,,1
603,2026-05-13 05:34:10,28.2,73.8,4.2,389.4,,1
604,2026-05-13 05:34:48,28.3,74.0,2.9,372.6,,1
605,2026-05-13 05:35:27,28.3,74.0,2.5,360.2,,1
606,2026-05-13 05:35:52,28.4,74.3,1.6,378.7,,1
607,2026-05-13 05:36:52,28.3,74.6,1.0,368.9,,1
608,2026-05-13 05:37:13,28.2,75.0,2.0,387.8,,1
609,2026-05-13 05:37:35,28.3,75.1,1.2,384.3,,1
610,2026-05-13 05:38:02,28.1,74.7,1.6,365.8,,1
611,2026-05-13 05:38:32,28.1,74.4,2.4,347.0,,1
612,2026-05-13 05:39:18,28.2,74.6,3.4,348.8,,1
613,2026-05-13 05:40:16,28.2,74.3,5.4,373.2,,1
614,2026-05-13 05:41:02,28.0,74.5,6.6,371.6,,1
615,2026-05-13 05:41:36,28.1,73.9,4.8,370.0,,1
616,2026-05-13 05:42:20,28.1,73.9,4.6,361.8,,1
617,2026-05-13 05:43:07,28.1,74.4,3.5,338.6,,1
618,2026-05-13 05:44:05,28.0,74.6,5.6,344.5,,1
619,2026-05-13 05:44:47,28.0,74.1,4.0,337.6,,1
620,2026-05-13 05:45:38,28.1,73.5,5.1,341.4,,1
621,2026-05-13 05:46:23,28.2,73.7,5.8,341.3,,1
622,2026-05-13 05:46:56,28.2,73.2,4.5,355.6,,1
623,2026-05-13 05:47:51,28.1,73.1,6.6,352.9,,1
624,2026-05-13 05:48:36,28.2,72.7,6.1,361.5,,1
625,2026-05-13 05:49:24,28.0,72.6,6.7,378.1,,1
626,2026-05-13 05:49:53,28.0,72.7,6.2,379.4,,1
627,2026-05-13 05:50:35,27.9,72.6,6.4,376.2,,1
628,2026-05-13 05:51:33,28.1,72.2,6.5,359.9,,1
629,2026-05-13 05:52:30,28.1,72.5,7.1,354.6,,1
630,2026-05-13 05:53:00,28.1,72.3,5.7,338.6,,1
631,2026-05-13 05:53:22,28.0,72.3,5.5,361.4,,1
632,2026-05-13 05:53:42,28.0,72.1,6.2,376.7,,1
633,2026-05-13 05:54:39,27.8,72.6,3.5,357.3,,1
634,2026-05-13 05:55:25,27.9,72.5,1.8,344.2,,1
635,2026-05-13 05:56:23,28.1,72.7,1.3,346.7,,1
636,2026-05-13 05:56:46,28.1,72.6,1.2,348.1,,1
637,2026-05-13 05:57:29,28.1,72.5,3.3,355.9,,1
638,2026-05-13 05:58:05,28.2,72.5,4.3,342.1,,1
639,2026-05-13 05:58:53,28.3,72.5,6.2,346.8,,1
640,2026-05-13 05:59:45,28.1,72.2,6.4,359.4,,1
641,2026-05-13 06:00:17,28.0,72.5,5.7,358.1,,1
642,2026-05-13 06:00:55,28.0,72.6,3.6,355.6,,1
643,2026-05-13 06:01:37,28.1,72.4,1.4,373.2,,1
644,2026-05-13 06:02:02,27.9,72.7,1.7,366.6,,1
645,2026-05-13 06:02:53,28.1,72.3,1.7,368.9,,1
646,2026-05-13 06:03:21,28.2,72.4,3.9,372.8,,1
647,2026-05-13 06:03:52,28.0,72.1,6.5,384.5,,1
648,2026-05-13 06:04:12,28.2,72.1,4.0,397.7,,1
649,2026-05-13 06:04:47,28.2,71.8,6.0,385.2,,1
650,2026-05-13 06:05:09,28.1,72.1,7.8,373.1,,1
651,2026-05-13 06:06:05,28.0,72.0,8.1,380.3,,1
652,2026-05-13 06:06:26,28.2,72.0,7.0,388.7,,1
653,2026-05-13 06:07:17,28.0,71.9,3.8,378.0,,1
654,2026-05-13 06:07:57,27.9,72.2,3.2,368.2,,1
655,2026-05-13 06:08:23,27.9,72.0,3.6,372.6,,1
656,2026-05-13 06:09:18,28.0,71.7,3.6,373.3,,1
657,2026-05-13 06:09:48,27.9,71.4,1.8,381.9,,1
658,2026-05-13 06:10:20,27.8,71.4,3.8,382.8,,1
659,2026-05-13 06:11:03,27.7,71.9,3.4,389.7,,1
660,2026-05-13 06:11:31,27.8,71.9,4.3,369.2,,1
661,2026-05-13 06:12:09,27.6,72.2,2.6,378.8,,1
662,2026-05-13 06:12:42,27.7,71.7,4.7,363.1,,1
663,2026-05-13 06:13:04,27.9,71.2,2.2,357.5,,1
664,2026-05-13 06:14:04,27.8,71.6,4.4,353.3,,1
665,2026-05-13 06:14:25,27.9,71.4,2.3,376.4,,1
666,2026-05-13 06:15:13,27.9,70.9,1.0,381.3,,1
667,2026-05-13 06:15:59,27.8,70.6,2.8,381.9,,1
668,2026-05-13 06:16:56,28.0,70.4,1.3,391.8,,1
669,2026-05-13 06:17:44,27.9,70.3,1.9,370.1,,1
670,2026-05-13 06:18:35,27.9,70.7,2.7,343.7,,1
671,2026-05-13 06:19:06,27.8,70.8,4.3,356.5,,1
672,2026-05-13 06:19:59,27.7,70.9,5.8,367.9,,1
673,2026-05-13 06:20:27,27.5,70.8,6.2,378.5,,1
674,2026-05-13 06:20:49,27.6,70.8,5.2,353.1,,1
675,2026-05-13 06:21:41,27.6,71.2,4.1,339.0,,1
676,2026-05-13 06:22:29,27.7,71.4,2.5,326.2,,1
677,2026-05-13 06:22:50,27.5,71.9,1.9,338.6,,1
678,2026-05-13 06:23:18,27.7,71.3,3.4,336.4,,1
679,2026-05-13 06:24:11,27.8,71.0,3.7,343.2,,1
680,2026-05-13 06:25:04,27.8,70.8,2.5,325.6,,1
681,2026-05-13 06:25:41,27.9,70.3,1.5,317.8,,1
682,2026-05-13 06:26:30,27.8,70.4,3.1,328.4,,1
683,2026-05-13 06:27:28,27.7,70.7,2.5,326.2,,1
684,2026-05-13 06:28:28,27.9,70.9,4.3,337.2,,1
685,2026-05-13 06:29:14,27.9,71.3,5.5,344.0,,1
686,2026-05-13 06:30:02,27.8,71.3,6.5,347.1,,1
687,2026-05-13 06:30:43,27.8,71.4,5.6,358.5,,1
688,2026-05-13 06:31:41,27.9,71.3,6.1,362.9,,1
689,2026-05-13 06:32:23,28.0,71.4,3.4,348.7,,1
690,2026-05-13 06:32:44,27.8,71.3,2.8,345.6,,1
691,2026-05-13 06:33:20,27.8,71.7,5.1,362.1,,1
692,2026-05-13 06:34:01,27.9,71.8,5.4,360.6,,1
693,2026-05-13 06:34:54,28.0,71.9,5.1,385.5,,1
694,2026-05-13 06:35:42,27.8,71.8,4.8,372.4,,1
695,2026-05-13 06:36:11,27.8,72.2,3.6,391.0,,1
696,2026-05-13 06:36:47,27.8,72.6,5.8,390.1,,1
697,2026-05-13 06:37:25,27.6,72.7,4.2,369.2,,1
698,2026-05-13 06:38:22,27.6,73.1,6.2,353.1,,1
699,2026-05-13 06:38:51,27.7,73.3,5.5,351.5,,1
700,2026-05-13 06:39:35,27.8,73.1,5.6,374.5,,1
701,2026-05-13 06:40:13,27.8,73.6,5.9,373.2,,1
702,2026-05-13 06:40:33,27.8,73.5,3.6,371.2,,1
703,2026-05-13 06:41:26,27.7,73.9,4.3,377.7,,1
704,2026-05-13 06:41:56,27.8,73.7,3.8,389.5,,1
705,2026-05-13 06:42:20,27.9,73.7,4.6,402.7,,1
706,2026-05-13 06:42:44,27.9,73.2,4.9,395.8,,1
707,2026-05-13 06:43:28,27.7,73.7,4.5,381.9,,1
708,2026-05-13 06:43:51,27.5,73.6,3.4,376.8,,1
709,2026-05-13 06:44:32,27.5,73.8,3.6,352.9,,1
710,2026-05-13 06:45:17,27.7,73.7,4.7,349.9,,1
711,2026-05-13 06:46:14,27.7,73.7,3.1,375.3,,1
712,2026-05-13 06:46:49,27.7,73.8,3.6,368.4,,1
713,2026-05-13 06:47:17,27.6,73.9,2.4,365.0,,1
714,2026-05-13 06:48:07,27.7,74.0,5.1,359.8,,1
715,2026-05-13 06:48:30,27.7,74.3,5.3,378.9,,1
716,2026-05-13 06:49:24,27.6,74.8,3.2,397.4,,1
717,2026-05-13 06:50:06,27.5,74.6,2.6,382.6,,1
718,2026-05-13 06:50:59,27.5,74.3,1.5,393.2,,1
719,2026-05-13 06:51:26,27.4,74.6,1.7,388.9,,1
720,2026-05-13 06:52:00,27.5,74.3,1.1,378.2,,1
721,2026-05-13 06:52:59,27.5,74.1,1.6,357.3,,1
722,2026-05-13 06:53:52,27.5,74.4,1.5,377.4,,1
723,2026-05-13 06:54:25,27.6,74.8,1.0,374.2,,1
724,2026-05-13 06:55:15,27.7,75.1,3.4,367.9,,1
725,2026-05-13 06:55:40,27.6,75.0,4.1,361.9,,1
726,2026-05-13 06:56:27,27.7,74.6,3.3,350.1,,1
727,2026-05-13 06:57:06,27.6,74.6,4.7,360.4,,1
728,2026-05-13 06:57:42,27.8,74.2,6.7,375.3,,1
729,2026-05-13 06:58:04,27.8,73.7,8.0,390.0,,1
730,2026-05-13 06:58:51,27.7,73.8,5.9,371.5,,1
731,2026-05-13 06:59:17,27.7,74.1,7.7,379.4,,1
732,2026-05-13 06:59:48,27.8,74.0,9.2,397.6,,1
733,2026-05-13 07:00:08,28.0,73.6,20.1,3845.2,,1
734,2026-05-13 07:01:07,28.2,73.1,29.2,2812.6,,1
735,2026-05-13 07:01:50,28.4,72.4,38.4,2601.7,,1
736,2026-05-13 07:02:16,28.5,72.0,45.6,3255.5,,1
737,2026-05-13 07:02:40,28.6,71.6,54.6,2708.6,,1
738,2026-05-13 07:03:32,28.7,71.2,59.5,2272.6,,1
739,2026-05-13 07:04:30,28.9,70.4,60.8,1929.1,,1
740,2026-05-13 07:05:07,29.0,69.6,63.2,1653.0,,1
741,2026-05-13 07:05:47,29.2,69.7,64.5,1444.7,,1
742,2026-05-13 07:06:44,29.3,69.6,64.2,3530.6,,1
743,2026-05-13 07:07:16,29.4,69.1,68.9,2981.8,,1
744,2026-05-13 07:08:02,29.6,69.3,69.2,3933.4,,1
745,2026-05-13 07:08:55,29.7,69.1,69.7,3100.5,,1
746,2026-05-13 07:09:55,29.8,69.3,70.5,3505.0,,1
747,2026-05-13 07:10:21,30.0,69.4,69.7,3889.4,,1
748,2026-05-13 07:10:48,30.1,69.1,69.8,3200.3,,1
749,2026-05-13 07:11:13,30.2,68.9,71.8,2664.5,,1
750,2026-05-13 07:11:37,30.2,68.4,70.8,2221.6,,1
751,2026-05-13 07:11:59,30.4,68.2,71.5,1890.2,,1
752,2026-05-13 07:12:51,30.6,68.0,74.4,1596.4,,1
753,2026-05-13 07:13:33,30.8,67.7,76.4,1362.3,,1
754,2026-05-13 07:14:09,30.9,68.1,79.6,1181.9,,1
755,2026-05-13 07:14:54,31.2,67.9,78.5,1042.2,,1
756,2026-05-13 07:15:14,31.2,67.9,76.0,916.5,,1
757,2026-05-13 07:15:38,31.4,67.6,73.7,821.0,,1
758,2026-05-13 07:16:36,31.5,67.0,76.3,756.6,,1
759,2026-05-13 07:17:00,31.6,67.4,76.7,700.3,,1
760,2026-05-13 07:17:59,31.7,67.1,73.7,659.4,,1
761,2026-05-13 07:18:48,31.9,67.0,73.1,650.0,,1
762,2026-05-13 07:19:40,32.0,67.1,72.9,623.1,,1
763,2026-05-13 07:20:03,32.2,66.5,74.7,590.6,,1
764,2026-05-13 07:20:56,32.3,66.4,74.9,574.0,,1
765,2026-05-13 07:21:40,32.5,66.3,75.8,551.9,,1
766,2026-05-13 07:22:14,32.7,66.6,74.4,557.9,,1
767,2026-05-13 07:22:54,32.8,66.5,74.1,524.9,,1
768,2026-05-13 07:23:31,32.7,66.8,70.9,531.3,,1
769,2026-05-13 07:24:26,32.8,66.9,69.7,541.2,,1
770,2026-05-13 07:25:07,32.9,66.5,71.9,527.3,,1
771,2026-05-13 07:25:50,32.9,67.0,72.3,540.7,,1
772,2026-05-13 07:26:26,32.7,67.1,74.9,509.0,,1
773,2026-05-13 07:27:20,32.5,67.2,75.0,513.2,,1
774,2026-05-13 07:27:57,32.6,67.1,75.4,484.4,,1
775,2026-05-13 07:28:57,32.7,66.9,75.3,479.4,,1
776,2026-05-13 07:29:49,32.6,67.2,74.0,491.4,,1
777,2026-05-13 07:30:11,32.5,67.7,77.6,506.9,,1
778,2026-05-13 07:31:06,32.3,68.3,76.2,498.0,,1
779,2026-05-13 07:31:32,32.5,68.3,77.9,3846.8,,1
780,2026-05-13 07:32:11,32.3,68.8,78.3,2673.4,,1
781,2026-05-13 07:33:01,32.5,69.2,78.6,3188.3,,1
782,2026-05-13 07:34:01,32.5,68.9,78.2,3471.7,,1
783,2026-05-13 07:34:33,32.6,69.2,75.1,2856.1,,1
784,2026-05-13 07:35:06,32.7,69.1,75.2,2385.1,,1
785,2026-05-13 07:35:53,32.6,69.5,74.8,2009.6,,1
786,2026-05-13 07:36:53,32.7,69.1,75.9,1688.4,,1
787,2026-05-13 07:37:34,32.6,69.5,74.7,1451.4,,1
788,2026-05-13 07:37:54,32.6,69.3,74.0,1283.3,,1
789,2026-05-13 07:38:40,32.5,69.2,77.0,1119.6,,1
790,2026-05-13 07:39:37,32.6,69.1,77.4,1013.1,,1
791,2026-05-13 07:40:07,32.6,69.2,74.8,936.4,,1
792,2026-05-13 07:40:56,32.7,69.0,74.7,841.1,,1
793,2026-05-13 07:41:50,32.7,69.1,71.6,793.4,,1
794,2026-05-13 07:42:33,32.8,69.0,74.3,734.6,,1
795,2026-05-13 07:43:19,32.9,68.5,75.0,676.2,,1
796,2026-05-13 07:43:55,33.0,68.9,77.0,634.1,,1
797,2026-05-13 07:44:25,33.1,69.1,80.5,615.4,,1
798,2026-05-13 07:45:15,33.2,68.6,79.9,580.8,,1
799,2026-05-13 07:46:06,33.1,69.0,80.3,549.2,,1
800,2026-05-13 07:46:52,33.0,68.7,80.7,549.4,,1
801,2026-05-13 07:47:33,33.1,69.1,78.0,546.0,,1
802,2026-05-13 07:48:06,33.0,68.9,79.3,545.3,,1
803,2026-05-13 07:48:32,33.1,68.6,75.9,543.2,,1
804,2026-05-13 07:49:05,33.2,68.7,74.2,523.3,,1
805,2026-05-13 07:49:36,33.4,68.5,74.9,512.6,,1
806,2026-05-13 07:50:07,33.2,68.8,74.0,486.0,,1
807,2026-05-13 07:50:54,33.2,69.2,71.0,3685.0,,1
808,2026-05-13 07:51:37,33.2,68.9,70.1,3838.7,,1
809,2026-05-13 07:52:22,33.0,68.5,70.5,3266.9,,1
810,2026-05-13 07:52:57,33.0,68.3,71.4,3042.5,,1
811,2026-05-13 07:53:25,33.1,68.2,69.0,2996.0,,1
812,2026-05-13 07:54:24,33.1,68.4,71.0,2498.6,,1
813,2026-05-13 07:55:14,33.2,68.7,73.4,2085.9,,1
814,2026-05-13 07:55:35,33.1,68.6,77.9,1756.7,,1
815,2026-05-13 07:56:21,33.3,68.9,81.1,1519.0,,1
816,2026-05-13 07:57:17,33.4,68.7,83.1,1300.4,,1
817,2026-05-13 07:58:05,33.4,69.1,80.5,1141.9,,1
818,2026-05-13 07:58:48,33.6,68.9,82.1,1009.8,,1
819,2026-05-13 07:59:43,33.5,68.9,80.9,923.4,,1
820,2026-05-13 08:00:20,33.5,69.0,75.1,825.9,,1
821,2026-05-13 08:01:20,33.4,69.3,77.9,748.4,,1
822,2026-05-13 08:02:09,33.4,68.9,77.7,721.8,,1
823,2026-05-13 08:02:55,33.3,69.4,73.9,670.0,,1
824,2026-05-13 08:03:45,33.4,69.4,72.5,645.2,,1
825,2026-05-13 08:04:20,33.6,69.5,70.6,611.0,,1
826,2026-05-13 08:05:07,33.8,69.2,72.9,582.3,,1
827,2026-05-13 08:05:33,33.7,68.9,71.7,585.6,,1
828,2026-05-13 08:06:00,33.7,68.5,69.7,556.5,,1
829,2026-05-13 08:06:23,33.6,68.3,72.6,2890.6,,1
830,2026-05-13 08:06:50,33.7,68.1,72.0,3467.9,,1
831,2026-05-13 08:07:19,33.8,68.0,73.6,4011.8,,1
832,2026-05-13 08:07:51,33.8,68.3,71.8,2766.3,,1
833,2026-05-13 08:08:22,33.8,68.8,73.1,3875.0,,1
834,2026-05-13 08:09:07,33.7,69.0,73.2,3211.7,,1
835,2026-05-13 08:09:54,33.7,69.0,74.2,2642.6,,1
836,2026-05-13 08:10:27,33.8,68.5,76.9,2215.8,,1
837,2026-05-13 08:11:26,33.8,68.7,79.0,1856.9,,1
838,2026-05-13 08:12:02,33.9,68.3,75.9,1601.1,,1
839,2026-05-13 08:12:43,33.8,68.8,76.5,2738.9,,1
840,2026-05-13 08:13:09,33.9,69.0,74.4,4033.7,,1
841,2026-05-13 08:13:56,33.7,69.2,76.1,3318.6,,1
842,2026-05-13 08:14:54,33.8,68.7,73.5,3548.3,,1
843,2026-05-13 08:15:20,34.0,68.8,69.8,2920.3,,1
844,2026-05-13 08:15:44,33.9,69.1,69.6,2456.3,,1
845,2026-05-13 08:16:17,33.7,69.4,71.1,2066.1,,1
846,2026-05-13 08:16:44,33.8,69.8,70.8,1748.6,,1
847,2026-05-13 08:17:38,33.9,69.4,72.0,1490.4,,1
848,2026-05-13 08:18:06,33.9,69.8,73.0,1310.3,,1
849,2026-05-13 08:18:27,33.8,69.8,74.2,1129.2,,1
850,2026-05-13 08:19:10,33.6,70.1,75.7,1019.8,,1
851,2026-05-13 08:19:49,33.8,69.6,75.0,904.3,,1
852,2026-05-13 08:20:37,33.9,69.9,74.1,824.2,,1
853,2026-05-13 08:21:15,34.0,69.9,77.8,767.5,,1
854,2026-05-13 08:22:12,33.9,69.5,76.4,719.5,,1
855,2026-05-13 08:22:57,33.9,69.1,74.9,656.8,,1
856,2026-05-13 08:23:21,33.9,69.2,71.3,613.2,,1
857,2026-05-13 08:24:09,33.9,69.5,72.3,591.1,,1
858,2026-05-13 08:24:57,34.1,69.4,70.5,595.8,,1
859,2026-05-13 08:25:45,34.2,69.4,75.2,597.0,,1
860,2026-05-13 08:26:21,34.3,69.0,72.9,592.2,,1
861,2026-05-13 08:26:47,34.2,69.4,72.2,587.0,,1
862,2026-05-13 08:27:29,34.1,69.4,70.8,572.4,,1
863,2026-05-13 08:28:05,34.2,69.3,74.4,557.4,,1
864,2026-05-13 08:28:49,34.4,69.6,72.1,542.9,,1
865,2026-05-13 08:29:47,34.4,69.6,76.3,533.1,,1
866,2026-05-13 08:30:35,34.2,69.9,77.8,524.9,,1
867,2026-05-13 08:31:34,34.3,69.4,76.2,514.1,,1
868,2026-05-13 08:31:59,34.2,69.8,73.3,4038.8,,1
869,2026-05-13 08:32:55,34.3,69.2,73.2,3300.0,,1
870,2026-05-13 08:33:23,34.1,68.8,77.3,2862.2,,1
871,2026-05-13 08:34:19,34.2,69.1,73.3,2668.9,,1
872,2026-05-13 08:35:00,34.3,69.1,76.6,2714.5,,1
873,2026-05-13 08:35:59,34.4,69.0,79.6,2278.5,,1
874,2026-05-13 08:36:55,34.2,69.3,76.4,1933.2,,1
875,2026-05-13 08:37:48,34.3,69.6,75.2,1661.7,,1
876,2026-05-13 08:38:29,34.5,70.0,77.0,1424.1,,1
877,2026-05-13 08:39:07,34.4,69.7,76.7,1221.2,,1
878,2026-05-13 08:39:28,34.2,69.9,76.6,3526.6,,1
879,2026-05-13 08:40:17,34.3,69.5,75.3,4042.5,,1
880,2026-05-13 08:40:41,34.4,69.3,75.4,2590.0,,1
881,2026-05-13 08:41:29,34.4,69.8,76.2,3536.2,,1
882,2026-05-13 08:42:09,34.2,69.6,78.0,3441.4,,1
883,2026-05-13 08:42:29,34.3,69.4,78.2,3819.3,,1
884,2026-05-13 08:43:08,34.4,69.2,76.7,4089.0,,1
885,2026-05-13 08:43:42,34.3,69.1,76.0,3385.0,,1
886,2026-05-13 08:44:15,34.1,69.1,79.8,2816.3,,1
887,2026-05-13 08:45:00,34.0,69.1,77.8,2376.8,,1
888,2026-05-13 08:45:47,34.1,69.3,77.1,1978.6,,1
889,2026-05-13 08:46:26,34.2,69.0,80.1,1699.3,,1
890,2026-05-13 08:47:06,34.3,69.1,79.6,1445.5,,1
891,2026-05-13 08:47:32,34.5,68.9,77.6,1245.5,,1
892,2026-05-13 08:48:01,34.4,69.3,74.9,1093.5,,1
893,2026-05-13 08:48:40,34.4,68.8,74.6,962.7,,1
894,2026-05-13 08:49:04,34.2,69.2,77.8,883.3,,1
895,2026-05-13 08:50:03,34.3,68.8,77.9,817.1,,1
896,2026-05-13 08:50:57,34.1,69.0,77.1,743.6,,1
897,2026-05-13 08:51:36,34.3,68.4,75.0,676.8,,1
898,2026-05-13 08:52:11,34.1,69.0,75.5,655.7,,1
899,2026-05-13 08:52:32,34.1,68.9,72.7,609.3,,1
900,2026-05-13 08:53:12,34.1,68.4,75.8,590.8,,1
901,2026-05-13 08:53:39,34.3,68.7,77.5,570.4,,1
902,2026-05-13 08:54:36,34.3,69.2,76.8,562.3,,1
903,2026-05-13 08:55:23,34.2,69.1,73.4,566.1,,1
904,2026-05-13 08:56:18,34.2,68.7,74.1,545.6,,1
905,2026-05-13 08:56:50,34.1,68.5,71.3,544.3,,1
906,2026-05-13 08:57:13,33.9,68.6,68.0,544.8,,1
907,2026-05-13 08:57:37,34.1,68.5,71.1,532.2,,1
908,2026-05-13 08:58:00,33.9,68.2,73.8,524.7,,1
909,2026-05-13 08:58:38,33.8,68.8,72.5,3903.8,,1
910,2026-05-13 08:59:02,33.9,68.6,72.4,2774.5,,1
911,2026-05-13 08:59:47,34.1,68.2,68.2,3376.7,,1
912,2026-05-13 09:00:10,33.9,67.5,69.3,3782.0,,1
913,2026-05-13 09:01:01,33.8,66.6,69.5,2956.2,,1
914,2026-05-13 09:01:22,33.8,66.3,77.1,2837.9,,1
915,2026-05-13 09:02:14,33.7,65.9,78.5,2358.0,,1
916,2026-05-13 09:02:53,33.6,65.2,76.8,1968.7,,1
917,2026-05-13 09:03:14,33.7,64.8,79.3,1663.5,,1
918,2026-05-13 09:03:47,33.8,64.7,80.5,1447.0,,1
919,2026-05-13 09:04:24,33.9,64.5,79.3,1273.1,,1
920,2026-05-13 09:04:59,34.0,63.9,80.4,1151.5,,1
921,2026-05-13 09:05:49,34.0,63.5,79.3,1058.1,,1
922,2026-05-13 09:06:32,34.2,63.8,80.8,936.6,,1
923,2026-05-13 09:07:05,34.1,64.0,81.7,888.6,,1
924,2026-05-13 09:07:29,33.9,64.5,81.9,788.0,,1
925,2026-05-13 09:08:07,33.9,64.8,83.6,732.3,,1
926,2026-05-13 09:09:06,34.0,65.1,86.1,675.8,,1
927,2026-05-13 09:09:53,34.1,64.5,86.4,664.0,,1
928,2026-05-13 09:10:22,34.3,64.9,85.7,616.7,,1
929,2026-05-13 09:10:48,34.1,64.7,86.0,602.3,,1
930,2026-05-13 09:11:38,34.1,64.6,84.1,599.0,,1
931,2026-05-13 09:12:16,34.2,64.8,82.3,567.2,,1
932,2026-05-13 09:12:58,34.3,64.3,82.5,587.8,,1
933,2026-05-13 09:13:54,34.2,64.1,85.9,563.0,,1
934,2026-05-13 09:14:42,34.3,63.8,88.1,581.5,,1
935,2026-05-13 09:15:15,34.3,63.3,88.6,558.7,,1
936,2026-05-13 09:16:09,34.3,63.5,85.4,581.3,,1
937,2026-05-13 09:16:46,34.2,63.5,83.3,567.3,,1
938,2026-05-13 09:17:29,34.2,63.0,84.5,551.8,,1
939,2026-05-13 09:18:29,34.1,63.4,81.2,569.9,,1
940,2026-05-13 09:19:00,34.1,63.7,80.8,560.5,,1
941,2026-05-13 09:19:57,33.9,64.1,84.8,550.1,,1
942,2026-05-13 09:20:41,33.7,64.1,87.9,565.7,,1
943,2026-05-13 09:21:02,33.6,63.8,89.5,581.7,,1
944,2026-05-13 09:21:25,33.5,64.0,86.9,561.7,,1
945,2026-05-13 09:21:52,33.3,64.2,90.1,577.3,,1
946,2026-05-13 09:22:42,33.5,64.5,90.2,596.1,,1
947,2026-05-13 09:23:12,33.5,64.2,90.4,585.7,,1
948,2026-05-13 09:24:04,33.5,64.0,87.7,591.9,,1
949,2026-05-13 09:24:29,33.7,63.9,89.0,569.4,,1
950,2026-05-13 09:25:13,33.7,64.4,84.8,597.8,,1
951,2026-05-13 09:26:03,33.7,63.8,83.4,607.3,,1
952,2026-05-13 09:26:29,33.7,64.2,83.2,575.4,,1
953,2026-05-13 09:27:23,33.9,63.9,82.7,590.3,,1
954,2026-05-13 09:28:10,33.8,63.7,81.9,565.2,,1
955,2026-05-13 09:28:57,33.7,63.9,81.4,569.2,,1
956,2026-05-13 09:29:37,33.6,64.1,86.0,598.0,,1
957,2026-05-13 09:29:59,33.5,64.2,87.2,596.5,,1
958,2026-05-13 09:30:41,33.5,64.3,85.6,567.0,,1
959,2026-05-13 09:31:34,33.5,64.0,86.7,578.5,,1
960,2026-05-13 09:31:55,33.6,63.8,89.4,577.3,,1
961,2026-05-13 09:32:22,33.6,63.4,88.9,598.1,,1
962,2026-05-13 09:33:04,33.5,63.4,87.9,599.5,,1
963,2026-05-13 09:34:04,33.4,63.3,88.2,591.6,,1
964,2026-05-13 09:34:29,33.3,63.7,86.3,604.5,,1
965,2026-05-13 09:35:09,33.3,63.2,89.1,571.9,,1
966,2026-05-13 09:36:02,33.2,63.0,88.4,570.4,,1
967,2026-05-13 09:36:59,33.1,62.7,87.7,568.4,,1
968,2026-05-13 09:37:27,33.1,63.2,88.3,587.9,,1
969,2026-05-13 09:38:22,33.0,63.6,89.6,598.4,,1
970,2026-05-13 09:39:13,33.0,63.2,92.0,599.8,,1
971,2026-05-13 09:39:57,33.1,62.9,91.2,578.3,,1
972,2026-05-13 09:40:21,33.1,62.9,91.7,587.3,,1
973,2026-05-13 09:41:08,33.1,63.3,89.4,576.7,,1
974,2026-05-13 09:41:30,33.1,63.4,88.8,558.2,,1
975,2026-05-13 09:42:09,33.0,64.0,88.7,549.3,,1
976,2026-05-13 09:42:59,33.1,63.7,90.3,542.5,,1
977,2026-05-13 09:43:29,33.1,63.9,91.4,536.1,,1
978,2026-05-13 09:44:29,33.2,63.6,87.8,534.4,,1
979,2026-05-13 09:45:15,33.4,63.8,88.4,529.5,,1
980,2026-05-13 09:45:59,33.5,63.7,87.3,547.1,,1
981,2026-05-13 09:46:44,33.3,64.0,88.8,533.6,,1
982,2026-05-13 09:47:40,33.2,64.5,85.3,510.8,,1
983,2026-05-13 09:48:35,33.3,64.3,88.7,539.0,,1
984,2026-05-13 09:49:34,33.4,64.5,87.0,527.2,,1
985,2026-05-13 09:50:31,33.3,64.9,83.7,543.7,,1
986,2026-05-13 09:51:01,33.4,64.4,82.3,557.9,,1
987,2026-05-13 09:51:51,33.5,64.2,86.4,527.8,,1
988,2026-05-13 09:52:51,33.4,64.6,86.8,546.2,,1
989,2026-05-13 09:53:41,33.4,64.3,85.1,533.8,,1
990,2026-05-13 09:54:24,33.5,63.8,87.5,563.4,,1
991,2026-05-13 09:54:58,33.4,64.2,86.6,559.5,,1
992,2026-05-13 09:55:28,33.4,64.6,87.2,562.3,,1
993,2026-05-13 09:56:18,33.5,64.4,87.7,531.5,,1
994,2026-05-13 09:56:49,33.5,64.3,88.4,563.8,,1
995,2026-05-13 09:57:32,33.5,64.3,91.9,575.0,,1
996,2026-05-13 09:58:22,33.5,64.0,88.3,588.7,,1
997,2026-05-13 09:59:14,33.6,63.8,87.0,593.7,,1
998,2026-05-13 09:59:52,33.4,63.7,87.2,591.7,,1
999,2026-05-13 10:00:28,33.3,64.1,90.4,568.4,,1
1000,2026-05-13 10:00:54,33.4,64.4,89.2,580.6,,1
1001,2026-05-13 10:01:51,33.3,64.7,88.2,591.9,,1
1002,2026-05-13 10:02:50,33.3,64.8,86.2,563.0,,1
1003,2026-05-13 10:03:44,33.4,64.3,82.9,558.2,,1
1004,2026-05-13 10:04:24,33.2,64.9,84.3,576.7,,1
1005,2026-05-13 10:05:22,33.3,64.3,83.4,540.3,,1
1006,2026-05-13 10:05:47,33.2,64.8,82.3,516.3,,1
1007,2026-05-13 10:06:20,33.0,64.4,82.9,519.5,,1
1008,2026-05-13 10:06:56,33.1,64.2,82.7,525.3,,1
1009,2026-05-13 10:07:20,33.2,64.5,81.6,542.3,,1
1010,2026-05-13 10:07:54,33.0,64.5,84.1,547.9,,1
1011,2026-05-13 10:08:27,32.9,64.8,85.5,547.3,,1
1012,2026-05-13 10:09:13,33.0,64.3,86.0,518.0,,1
1013,2026-05-13 10:09:47,33.1,64.6,85.8,539.7,,1
1014,2026-05-13 10:10:33,33.2,64.7,83.9,528.5,,1
1015,2026-05-13 10:10:54,33.4,64.6,85.1,507.6,,1
1016,2026-05-13 10:11:17,33.2,64.7,87.2,507.2,,1
1017,2026-05-13 10:12:08,33.1,64.5,83.6,493.1,,1
1018,2026-05-13 10:13:03,33.0,64.8,83.8,501.8,,1
1019,2026-05-13 10:14:02,33.2,64.5,83.9,523.1,,1
1020,2026-05-13 10:14:41,33.1,64.9,85.2,504.5,,1
1021,2026-05-13 10:15:12,33.1,65.0,84.6,535.5,,1
1022,2026-05-13 10:15:56,33.2,64.2,86.1,515.5,,1
1023,2026-05-13 10:16:52,33.0,64.0,82.8,548.1,,1
1024,2026-05-13 10:17:32,33.2,63.5,82.2,537.9,,1
1025,2026-05-13 10:18:29,33.3,62.9,84.6,542.6,,1
1026,2026-05-13 10:18:57,33.4,62.9,85.3,557.5,,1
1027,2026-05-13 10:19:24,33.2,62.8,83.5,585.6,,1
1028,2026-05-13 10:20:13,33.3,62.4,83.2,561.4,,1
1029,2026-05-13 10:20:33,33.4,62.5,85.6,593.4,,1
1030,2026-05-13 10:20:53,33.5,61.9,84.7,606.7,,1
1031,2026-05-13 10:21:51,33.3,62.4,82.6,581.1,,1
1032,2026-05-13 10:22:22,33.4,62.8,86.8,558.8,,1
1033,2026-05-13 10:23:09,33.5,62.9,84.4,549.5,,1
1034,2026-05-13 10:24:02,33.7,62.7,86.6,534.6,,1
1035,2026-05-13 10:24:51,33.8,62.8,90.1,563.2,,1
1036,2026-05-13 10:25:44,33.8,62.5,88.2,540.9,,1
1037,2026-05-13 10:26:32,33.8,61.9,88.2,541.6,,1
1038,2026-05-13 10:27:06,33.7,61.8,89.8,559.1,,1
1039,2026-05-13 10:27:30,33.6,61.5,87.1,574.4,,1
1040,2026-05-13 10:27:57,33.7,61.3,84.3,567.7,,1
1041,2026-05-13 10:28:56,33.5,61.8,86.4,549.2,,1
1042,2026-05-13 10:29:26,33.5,62.0,85.3,581.4,,1
1043,2026-05-13 10:30:02,33.5,62.0,83.5,551.2,,1
1044,2026-05-13 10:30:30,33.6,61.6,84.1,536.4,,1
1045,2026-05-13 10:31:20,33.7,61.1,83.5,532.2,,1
1046,2026-05-13 10:32:12,33.8,61.4,85.9,513.7,,1
1047,2026-05-13 10:33:06,33.8,61.7,83.3,505.6,,1
1048,2026-05-13 10:33:50,33.7,61.7,82.2,507.9,,1
1049,2026-05-13 10:34:21,33.9,61.3,85.3,505.8,,1
1050,2026-05-13 10:34:49,33.9,61.8,83.1,491.4,,1
1051,2026-05-13 10:35:19,33.8,61.4,82.4,506.8,,1
1052,2026-05-13 10:36:01,33.6,61.5,81.7,534.1,,1
1053,2026-05-13 10:36:31,33.7,61.1,83.2,542.6,,1
1054,2026-05-13 10:37:06,33.5,61.5,84.8,524.6,,1
1055,2026-05-13 10:37:56,33.4,61.7,84.6,523.5,,1
1056,2026-05-13 10:38:50,33.4,61.8,86.7,554.6,,1
1057,2026-05-13 10:39:36,33.5,62.2,88.2,541.1,,1
1058,2026-05-13 10:40:31,33.4,62.3,84.2,547.0,,1
1059,2026-05-13 10:41:22,33.6,62.2,87.6,548.8,,1
1060,2026-05-13 10:42:05,33.6,62.0,90.8,557.6,,1
1061,2026-05-13 10:42:26,33.5,62.2,93.4,555.7,,1
1062,2026-05-13 10:43:04,33.5,62.1,89.8,539.6,,1
1063,2026-05-13 10:43:56,33.5,62.5,89.7,558.9,,1
1064,2026-05-13 10:44:23,33.6,62.9,89.0,529.2,,1
1065,2026-05-13 10:45:13,33.6,63.2,88.4,507.8,,1
1066,2026-05-13 10:45:34,33.5,63.0,87.1,534.2,,1
1067,2026-05-13 10:46:31,33.3,63.4,85.5,543.3,,1
1068,2026-05-13 10:47:02,33.2,63.9,84.4,557.9,,1
1069,2026-05-13 10:47:22,33.3,64.2,87.8,549.8,,1
1070,2026-05-13 10:47:45,33.3,64.3,85.3,566.3,,1
1071,2026-05-13 10:48:25,33.2,64.5,82.6,545.5,,1
1072,2026-05-13 10:48:45,33.3,64.8,84.6,544.6,,1
1073,2026-05-13 10:49:40,33.1,65.3,84.8,544.4,,1
1074,2026-05-13 10:50:26,33.3,64.7,83.8,569.9,,1
1075,2026-05-13 10:51:16,33.1,64.7,83.6,581.3,,1
1076,2026-05-13 10:51:58,33.2,65.0,83.6,543.6,,1
1077,2026-05-13 10:52:38,33.3,64.3,84.0,576.0,,1
1078,2026-05-13 10:53:32,33.3,64.4,85.3,600.5,,1
1079,2026-05-13 10:54:10,33.3,64.0,84.9,554.7,,1
1080,2026-05-13 10:55:08,33.3,64.2,82.5,568.7,,1
1081,2026-05-13 10:56:01,33.3,64.2,82.5,547.2,,1
1082,2026-05-13 10:56:54,33.3,64.1,83.5,576.8,,1
1083,2026-05-13 10:57:25,33.1,64.1,84.9,574.4,,1
1084,2026-05-13 10:58:08,32.9,64.0,83.7,608.5,,1
1085,2026-05-13 10:58:43,33.0,64.2,86.6,612.2,,1
1086,2026-05-13 10:59:21,33.2,63.6,87.3,600.8,,1
1087,2026-05-13 11:00:06,33.2,63.5,85.9,574.9,,1
1088,2026-05-13 11:00:58,33.3,63.7,87.4,548.7,,1
1089,2026-05-13 11:01:48,33.5,63.9,86.4,513.6,,1
1090,2026-05-13 11:02:30,33.6,63.4,84.2,559.6,,1
1091,2026-05-13 11:02:57,33.4,63.0,84.5,547.9,,1
1092,2026-05-13 11:03:21,33.5,63.2,86.2,569.3,,1
1093,2026-05-13 11:03:58,33.6,63.2,86.7,568.1,,1
1094,2026-05-13 11:04:31,33.6,62.9,87.6,572.2,,1
1095,2026-05-13 11:05:09,33.8,62.6,87.9,574.0,,1
1096,2026-05-13 11:05:50,33.7,62.3,86.4,549.4,,1
1097,2026-05-13 11:06:26,33.6,62.6,83.4,516.9,,1
1098,2026-05-13 11:07:19,33.7,62.5,84.2,538.3,,1
1099,2026-05-13 11:07:41,33.8,62.0,86.3,513.2,,1
1100,2026-05-13 11:08:08,33.7,61.7,87.1,544.7,,1
1101,2026-05-13 11:08:44,33.7,61.8,88.0,570.3,,1
1102,2026-05-13 11:09:43,33.8,61.3,88.1,579.7,,1
1103,2026-05-13 11:10:13,33.7,60.9,86.3,601.6,,1
1104,2026-05-13 11:11:10,33.7,61.2,86.7,601.0,,1
1105,2026-05-13 11:12:04,33.5,61.4,84.7,594.8,,1
1106,2026-05-13 11:12:32,33.5,61.7,88.7,579.3,,1
1107,2026-05-13 11:13:03,33.7,61.4,88.5,557.3,,1
1108,2026-05-13 11:13:41,33.6,61.1,87.9,552.8,,1
1109,2026-05-13 11:14:19,33.6,61.6,88.8,560.8,,1
1110,2026-05-13 11:15:01,33.5,61.4,91.7,590.3,,1
1111,2026-05-13 11:16:00,33.4,61.5,89.1,565.9,,1
1112,2026-05-13 11:16:21,33.2,61.5,87.1,586.2,,1
1113,2026-05-13 11:17:20,33.0,61.5,85.6,581.8,,1
1114,2026-05-13 11:17:52,32.9,61.8,86.7,584.1,,1
1115,2026-05-13 11:18:19,32.9,61.8,83.8,545.3,,1
1116,2026-05-13 11:19:05,33.1,62.1,87.7,525.2,,1
1117,2026-05-13 11:19:57,33.1,62.0,87.7,525.0,,1
1118,2026-05-13 11:20:25,33.0,61.9,85.3,503.9,,1
1119,2026-05-13 11:21:14,33.0,61.7,86.1,507.1,,1
1120,2026-05-13 11:22:04,33.1,61.4,86.7,514.2,,1
1121,2026-05-13 11:22:40,33.0,61.9,88.3,498.0,,1
1122,2026-05-13 11:23:33,32.9,62.1,87.5,483.2,,1
1123,2026-05-13 11:24:24,32.9,62.3,88.3,492.5,,1
1124,2026-05-13 11:24:45,33.1,62.4,87.9,508.8,,1
1125,2026-05-13 11:25:23,33.2,61.9,86.8,522.5,,1
1126,2026-05-13 11:25:52,33.3,62.0,88.4,526.9,,1
1127,2026-05-13 11:26:51,33.4,62.2,88.2,540.6,,1
1128,2026-05-13 11:27:31,33.3,62.0,89.3,564.3,,1
1129,2026-05-13 11:28:31,33.2,61.9,89.7,536.2,,1
1130,2026-05-13 11:29:00,33.1,62.3,87.9,535.2,,1
1131,2026-05-13 11:29:42,33.0,62.5,87.9,524.2,,1
1132,2026-05-13 11:30:25,33.1,62.4,89.4,498.9,,1
1133,2026-05-13 11:31:25,33.1,62.6,89.8,514.7,,1
1134,2026-05-13 11:32:18,32.9,62.5,91.3,550.9,,1
1135,2026-05-13 11:32:57,33.2,62.5,87.2,515.2,,1
1136,2026-05-13 11:33:34,33.2,62.0,87.3,490.1,,1
1137,2026-05-13 11:34:00,33.1,61.6,90.1,505.9,,1
1138,2026-05-13 11:34:35,33.2,61.7,87.1,537.4,,1
1139,2026-05-13 11:35:10,33.0,62.0,87.4,558.6,,1
1140,2026-05-13 11:36:00,33.2,61.5,87.4,549.7,,1
1141,2026-05-13 11:36:56,33.1,61.5,88.3,533.1,,1
1142,2026-05-13 11:37:21,33.3,61.7,89.0,575.0,,1
1143,2026-05-13 11:38:21,33.3,61.9,86.0,583.0,,1
1144,2026-05-13 11:38:56,33.4,62.2,84.1,579.7,,1
1145,2026-05-13 11:39:42,33.5,61.8,85.3,563.3,,1
1146,2026-05-13 11:40:12,33.4,62.4,85.3,576.1,,1
1147,2026-05-13 11:40:49,33.3,62.4,87.0,555.3,,1
1148,2026-05-13 11:41:46,33.4,62.7,86.3,529.2,,1
1149,2026-05-13 11:42:15,33.5,62.8,85.8,551.2,,1
1150,2026-05-13 11:42:41,33.4,62.5,84.8,534.8,,1
1151,2026-05-13 11:43:07,33.3,62.9,83.7,525.2,,1
1152,2026-05-13 11:43:27,33.4,63.2,85.3,513.9,,1
1153,2026-05-13 11:43:50,33.5,63.5,88.7,523.0,,1
1154,2026-05-13 11:44:42,33.5,64.1,89.4,528.9,,1
1155,2026-05-13 11:45:36,33.4,64.4,87.5,531.5,,1
1156,2026-05-13 11:46:23,33.2,64.1,86.3,538.7,,1
1157,2026-05-13 11:46:45,33.2,63.7,83.6,540.3,,1
1158,2026-05-13 11:47:37,33.3,63.8,80.7,541.6,,1
1159,2026-05-13 11:48:03,33.2,64.3,82.8,521.8,,1
1160,2026-05-13 11:48:48,33.3,64.4,83.5,521.2,,1
1161,2026-05-13 11:49:09,33.3,63.9,84.1,514.9,,1
1162,2026-05-13 11:49:52,33.3,64.0,87.7,530.7,,1
1163,2026-05-13 11:50:15,33.2,64.5,86.6,543.7,,1
1164,2026-05-13 11:50:49,33.3,64.0,86.1,509.9,,1
1165,2026-05-13 11:51:47,33.1,64.6,84.5,534.2,,1
1166,2026-05-13 11:52:47,33.3,64.4,85.4,516.9,,1
1167,2026-05-13 11:53:25,33.4,64.6,85.4,508.7,,1
1168,2026-05-13 11:54:13,33.2,64.6,86.1,496.1,,1
1169,2026-05-13 11:54:53,33.2,64.5,83.6,511.4,,1
1170,2026-05-13 11:55:36,33.3,64.8,81.8,500.1,,1
1171,2026-05-13 11:56:28,33.5,64.6,82.7,522.6,,1
1172,2026-05-13 11:57:11,33.6,64.5,81.5,547.1,,1
1173,2026-05-13 11:58:03,33.6,64.3,80.9,583.6,,1
1174,2026-05-13 11:58:35,33.7,64.6,81.2,549.6,,1
1175,2026-05-13 11:59:03,33.8,64.7,81.8,546.2,,1
1176,2026-05-13 12:00:00,33.7,64.3,84.3,515.3,,1
1177,2026-05-13 12:00:31,33.7,63.6,81.9,512.4,,1
1178,2026-05-13 12:01:19,33.6,62.7,80.4,492.0,,1
1179,2026-05-13 12:02:09,33.5,63.0,80.5,502.7,,1
1180,2026-05-13 12:03:01,33.6,62.6,82.6,477.4,,1
1181,2026-05-13 12:03:44,33.7,62.2,84.5,475.0,,1
1182,2026-05-13 12:04:44,33.6,62.1,84.9,504.4,,1
1183,2026-05-13 12:05:06,33.4,62.2,85.2,478.7,,1
1184,2026-05-13 12:05:32,33.6,61.7,87.6,458.4,,1
1185,2026-05-13 12:06:10,33.4,62.1,85.4,454.6,,1
1186,2026-05-13 12:06:52,33.6,61.6,85.8,448.8,,1
1187,2026-05-13 12:07:22,33.7,61.1,86.8,480.8,,1
1188,2026-05-13 12:07:48,33.9,61.4,84.6,478.2,,1
1189,2026-05-13 12:08:12,33.7,61.5,82.5,479.5,,1
1190,2026-05-13 12:08:34,33.8,61.1,81.3,477.6,,1
1191,2026-05-13 12:09:30,34.0,61.3,81.9,492.0,,1
1192,2026-05-13 12:10:15,33.8,61.6,82.6,500.8,,1
1193,2026-05-13 12:10:56,33.8,61.3,79.5,479.5,,1
1194,2026-05-13 12:11:53,33.8,61.9,81.2,482.0,,1
1195,2026-05-13 12:12:25,33.8,61.8,79.8,485.9,,1
1196,2026-05-13 12:12:46,34.0,61.3,80.3,474.2,,1
1197,2026-05-13 12:13:29,34.0,61.9,82.0,462.2,,1
1198,2026-05-13 12:14:10,34.1,61.7,77.9,455.8,,1
1199,2026-05-13 12:15:07,34.2,61.9,77.1,458.4,,1
1200,2026-05-13 12:15:27,34.1,62.5,77.9,444.4,,1
1201,2026-05-13 12:16:14,33.9,62.6,79.2,447.3,,1
1202,2026-05-13 12:16:47,34.0,62.2,81.0,449.6,,1
1203,2026-05-13 12:17:11,34.1,62.2,77.0,477.9,,1
1204,2026-05-13 12:18:04,34.0,62.7,77.5,471.4,,1
1205,2026-05-13 12:18:39,33.8,62.8,76.3,480.5,,1
1206,2026-05-13 12:19:34,33.9,62.9,79.4,458.1,,1
1207,2026-05-13 12:20:20,33.9,62.5,79.1,452.3,,1
1208,2026-05-13 12:20:43,33.8,62.6,78.6,437.7,,1
1209,2026-05-13 12:21:18,33.8,62.9,77.1,434.0,,1
1210,2026-05-13 12:21:39,33.8,62.6,74.3,442.1,,1
1211,2026-05-13 12:22:25,34.0,62.7,75.0,434.0,,1
1212,2026-05-13 12:23:02,33.9,62.6,72.3,465.9,,1
1213,2026-05-13 12:23:54,34.0,62.2,72.6,497.3,,1
1214,2026-05-13 12:24:16,34.1,62.6,73.6,519.4,,1
1215,2026-05-13 12:25:05,33.9,62.3,71.9,517.6,,1
1216,2026-05-13 12:25:45,33.7,62.7,73.5,498.2,,1
1217,2026-05-13 12:26:45,33.8,62.6,73.5,504.3,,1
1218,2026-05-13 12:27:33,33.8,63.2,75.0,491.2,,1
1219,2026-05-13 12:28:27,33.6,62.9,76.5,466.9,,1
1220,2026-05-13 12:29:16,33.6,63.2,75.3,493.0,,1
1221,2026-05-13 12:29:39,33.4,62.6,73.3,475.5,,1
1222,2026-05-13 12:30:02,33.3,62.3,78.3,500.2,,1
1223,2026-05-13 12:30:24,33.2,62.1,78.8,504.4,,1
1224,2026-05-13 12:30:55,33.3,62.1,80.4,505.9,,1
1225,2026-05-13 12:31:16,33.4,61.7,79.8,533.9,,1
1226,2026-05-13 12:31:42,33.4,61.1,81.1,535.8,,1
1227,2026-05-13 12:32:16,33.6,60.7,82.2,522.1,,1
1228,2026-05-13 12:32:53,33.6,60.5,80.3,495.2,,1
1229,2026-05-13 12:33:14,33.5,60.8,76.7,529.6,,1
1230,2026-05-13 12:34:08,33.4,61.3,76.7,536.9,,1
1231,2026-05-13 12:34:37,33.3,60.9,77.2,563.3,,1
1232,2026-05-13 12:35:34,33.4,61.1,81.5,524.6,,1
1233,2026-05-13 12:35:59,33.6,61.0,81.7,504.4,,1
1234,2026-05-13 12:36:19,33.7,61.1,80.9,504.9,,1
1235,2026-05-13 12:36:51,33.8,60.6,84.4,507.8,,1
1236,2026-05-13 12:37:45,34.0,61.0,85.0,530.9,,1
1237,2026-05-13 12:38:11,34.0,60.7,79.9,549.0,,1
1238,2026-05-13 12:38:33,34.0,60.5,77.0,546.2,,1
1239,2026-05-13 12:39:15,34.1,60.9,78.3,567.2,,1
1240,2026-05-13 12:40:02,34.0,61.1,80.4,547.8,,1
1241,2026-05-13 12:40:47,34.1,60.8,77.0,515.5,,1
1242,2026-05-13 12:41:40,34.1,60.5,80.3,498.3,,1
1243,2026-05-13 12:42:18,34.0,60.4,79.9,490.8,,1
1244,2026-05-13 12:42:56,34.1,60.1,77.2,506.6,,1
1245,2026-05-13 12:43:24,34.0,59.7,77.1,531.8,,1
1246,2026-05-13 12:43:46,33.8,59.4,77.0,524.6,,1
1247,2026-05-13 12:44:35,33.9,59.6,76.4,534.9,,1
1248,2026-05-13 12:45:33,33.7,59.7,74.1,538.8,,1
1249,2026-05-13 12:46:01,33.6,59.8,77.4,545.5,,1
1250,2026-05-13 12:46:54,33.5,60.1,79.7,510.0,,1
1251,2026-05-13 12:47:52,33.3,60.3,77.4,515.6,,1
1252,2026-05-13 12:48:13,33.3,60.6,75.0,524.9,,1
1253,2026-05-13 12:49:06,33.3,60.2,74.8,495.0,,1
1254,2026-05-13 12:49:56,33.2,60.5,76.7,509.3,,1
1255,2026-05-13 12:50:48,33.2,61.0,73.7,504.5,,1
1256,2026-05-13 12:51:14,33.1,61.1,76.9,481.8,,1
1257,2026-05-13 12:51:48,33.0,61.2,74.1,462.4,,1
1258,2026-05-13 12:52:13,32.9,61.6,77.7,495.0,,1
1259,2026-05-13 12:53:05,33.1,61.7,78.4,513.8,,1
1260,2026-05-13 12:53:45,33.0,61.4,77.3,527.5,,1
1261,2026-05-13 12:54:08,33.0,60.9,75.0,529.3,,1
1262,2026-05-13 12:54:49,32.9,60.7,74.7,511.0,,1
1263,2026-05-13 12:55:46,33.0,60.4,75.3,522.1,,1
1264,2026-05-13 12:56:28,33.1,60.3,75.0,530.4,,1
1265,2026-05-13 12:56:51,33.1,60.7,74.5,520.8,,1
1266,2026-05-13 12:57:18,33.0,60.5,73.6,513.9,,1
1267,2026-05-13 12:57:39,33.1,60.4,78.2,500.1,,1
1268,2026-05-13 12:58:39,33.1,60.6,79.0,521.3,,1
1269,2026-05-13 12:59:20,33.0,60.4,75.1,537.2,,1
1270,2026-05-13 13:00:17,32.9,60.2,76.6,502.4,,1
1271,2026-05-13 13:00:57,33.1,60.0,77.2,513.3,,1
1272,2026-05-13 13:01:17,33.2,60.0,74.0,518.8,,1
1273,2026-05-13 13:02:11,33.1,60.3,73.8,483.0,,1
1274,2026-05-13 13:03:05,33.1,60.6,72.4,496.9,,1
1275,2026-05-13 13:03:45,33.2,60.4,77.4,483.8,,1
1276,2026-05-13 13:04:38,33.3,60.7,80.1,457.9,,1
1277,2026-05-13 13:05:24,33.2,60.5,77.8,452.0,,1
1278,2026-05-13 13:05:52,33.2,60.5,78.5,438.1,,1
1279,2026-05-13 13:06:27,33.1,61.0,81.2,473.4,,1
1280,2026-05-13 13:07:16,33.1,60.8,78.3,463.9,,1
1281,2026-05-13 13:07:38,33.3,60.8,81.2,476.4,,1
1282,2026-05-13 13:08:04,33.3,61.2,79.6,505.3,,1
1283,2026-05-13 13:09:04,33.1,61.0,82.7,494.8,,1
1284,2026-05-13 13:09:30,33.3,61.3,82.5,491.3,,1
1285,2026-05-13 13:10:16,33.3,60.7,82.8,491.9,,1
1286,2026-05-13 13:10:47,33.5,60.3,83.1,513.6,,1
1287,2026-05-13 13:11:41,33.3,60.8,80.3,518.2,,1
1288,2026-05-13 13:12:31,33.2,61.0,78.5,510.8,,1
1289,2026-05-13 13:13:12,33.4,60.7,77.7,497.1,,1
1290,2026-05-13 13:13:33,33.3,60.6,78.6,504.7,,1
1291,2026-05-13 13:14:12,33.5,60.6,81.1,491.2,,1
1292,2026-05-13 13:15:08,33.4,60.5,78.3,530.2,,1
1293,2026-05-13 13:15:33,33.4,61.0,76.9,518.3,,1
1294,2026-05-13 13:15:59,33.5,60.7,77.5,491.9,,1
1295,2026-05-13 13:16:46,33.5,60.4,79.9,470.2,,1
1296,2026-05-13 13:17:35,33.7,60.6,81.0,502.6,,1
1297,2026-05-13 13:18:25,33.6,60.6,84.4,519.7,,1
1298,2026-05-13 13:18:45,33.6,60.7,82.4,524.0,,1
1299,2026-05-13 13:19:22,33.6,60.8,83.3,532.9,,1
1300,2026-05-13 13:20:12,33.5,61.3,80.1,536.0,,1
1301,2026-05-13 13:20:43,33.6,60.8,75.7,556.3,,1
1302,2026-05-13 13:21:36,33.8,60.7,73.1,553.3,,1
1303,2026-05-13 13:22:07,33.6,60.6,72.7,523.3,,1
1304,2026-05-13 13:22:34,33.7,61.0,70.6,500.6,,1
1305,2026-05-13 13:23:16,33.5,61.3,71.1,503.6,,1
1306,2026-05-13 13:23:59,33.5,61.2,75.0,531.7,,1
1307,2026-05-13 13:24:30,33.7,61.6,77.2,543.1,,1
1308,2026-05-13 13:25:05,33.8,61.1,81.5,569.2,,1
1309,2026-05-13 13:26:00,33.8,61.2,80.8,527.6,,1
1310,2026-05-13 13:26:58,33.6,61.7,82.8,496.9,,1
1311,2026-05-13 13:27:22,33.7,61.8,84.0,510.7,,1
1312,2026-05-13 13:28:16,33.8,61.3,83.2,508.9,,1
1313,2026-05-13 13:28:41,34.0,61.4,81.6,483.4,,1
1314,2026-05-13 13:29:05,33.9,61.7,78.6,483.8,,1
1315,2026-05-13 13:29:55,33.8,62.0,77.7,487.9,,1
1316,2026-05-13 13:30:49,33.7,62.3,74.1,507.6,,1
1317,2026-05-13 13:31:16,33.7,62.5,75.0,522.4,,1
1318,2026-05-13 13:32:04,33.7,62.6,78.2,515.9,,1
1319,2026-05-13 13:32:30,33.5,63.0,77.5,516.1,,1
1320,2026-05-13 13:33:27,33.4,63.2,79.7,521.9,,1
1321,2026-05-13 13:33:50,33.5,62.7,80.9,505.9,,1
1322,2026-05-13 13:34:11,33.4,62.5,82.7,519.8,,1
1323,2026-05-13 13:35:01,33.4,62.8,80.0,531.2,,1
1324,2026-05-13 13:35:47,33.2,63.2,77.9,526.1,,1
1325,2026-05-13 13:36:40,33.4,62.9,79.3,506.0,,1
1326,2026-05-13 13:37:07,33.6,62.7,77.8,492.7,,1
1327,2026-05-13 13:37:31,33.7,62.3,76.8,520.2,,1
1328,2026-05-13 13:38:15,33.5,61.9,73.0,500.7,,1
1329,2026-05-13 13:39:05,33.4,62.5,72.9,485.9,,1
1330,2026-05-13 13:39:36,33.5,61.9,69.6,496.7,,1
1331,2026-05-13 13:40:05,33.4,62.1,71.7,515.4,,1
1332,2026-05-13 13:41:01,33.4,62.3,73.5,497.4,,1
1333,2026-05-13 13:41:53,33.5,61.7,75.3,530.0,,1
1334,2026-05-13 13:42:45,33.5,62.1,76.9,548.6,,1
1335,2026-05-13 13:43:38,33.5,62.2,79.7,528.4,,1
1336,2026-05-13 13:44:13,33.4,62.3,81.2,505.2,,1
1337,2026-05-13 13:45:06,33.2,62.7,82.1,496.9,,1
1338,2026-05-13 13:45:29,33.1,62.6,81.3,505.8,,1
1339,2026-05-13 13:45:49,33.2,62.3,82.1,477.1,,1
1340,2026-05-13 13:46:47,33.1,62.2,80.1,465.1,,1
1341,2026-05-13 13:47:13,32.9,62.1,81.9,488.6,,1
1342,2026-05-13 13:47:50,33.2,62.5,80.9,460.8,,1
1343,2026-05-13 13:48:42,33.0,62.2,81.0,493.0,,1
1344,2026-05-13 13:49:36,32.8,62.1,80.4,474.9,,1
1345,2026-05-13 13:50:17,33.0,62.0,84.0,465.5,,1
1346,2026-05-13 13:51:07,33.2,61.9,83.6,484.0,,1
1347,2026-05-13 13:52:04,33.3,62.0,83.8,504.5,,1
1348,2026-05-13 13:52:50,33.2,62.5,83.1,517.4,,1
1349,2026-05-13 13:53:47,33.3,62.6,81.1,538.1,,1
1350,2026-05-13 13:54:16,33.3,62.9,77.7,517.5,,1
1351,2026-05-13 13:54:38,33.4,63.0,77.4,529.2,,1
1352,2026-05-13 13:55:28,33.4,62.7,74.2,541.3,,1
1353,2026-05-13 13:55:48,33.3,62.9,71.6,564.0,,1
1354,2026-05-13 13:56:30,33.1,63.0,73.6,554.8,,1
1355,2026-05-13 13:57:21,33.2,62.2,73.9,544.7,,1
1356,2026-05-13 13:57:49,33.2,62.2,71.7,560.9,,1
1357,2026-05-13 13:58:21,33.3,62.1,71.2,553.3,,1
1358,2026-05-13 13:59:07,33.2,62.4,72.0,513.6,,1
1359,2026-05-13 13:59:40,33.4,62.8,72.3,511.2,,1
1360,2026-05-13 14:00:09,33.2,62.5,75.7,525.8,,1
1361,2026-05-13 14:00:44,33.1,62.6,76.1,513.9,,1
1362,2026-05-13 14:01:33,33.1,62.1,72.1,508.9,,1
1363,2026-05-13 14:01:55,33.1,61.7,77.1,503.8,,1
1364,2026-05-13 14:02:37,33.3,61.4,78.8,496.5,,1
1365,2026-05-13 14:03:28,33.2,62.0,80.5,497.1,,1
1366,2026-05-13 14:04:06,33.0,62.5,77.4,474.3,,1
1367,2026-05-13 14:04:33,33.0,62.8,79.2,473.9,,1
1368,2026-05-13 14:05:22,33.1,62.3,81.7,480.3,,1
1369,2026-05-13 14:05:55,33.3,61.9,82.2,478.7,,1
1370,2026-05-13 14:06:37,33.2,61.8,80.9,514.9,,1
1371,2026-05-13 14:07:02,33.3,61.5,81.5,489.2,,1
1372,2026-05-13 14:07:42,33.4,60.9,80.8,503.4,,1
1373,2026-05-13 14:08:33,33.5,61.3,82.8,478.7,,1
1374,2026-05-13 14:09:09,33.3,61.1,86.2,486.1,,1
1375,2026-05-13 14:10:01,33.4,61.3,87.3,477.2,,1
1376,2026-05-13 14:10:39,33.5,61.7,83.8,513.6,,1
1377,2026-05-13 14:11:32,33.6,61.4,80.1,521.0,,1
1378,2026-05-13 14:12:27,33.5,61.3,78.3,524.8,,1
1379,2026-05-13 14:13:16,33.7,61.2,75.5,526.2,,1
1380,2026-05-13 14:14:16,33.6,61.2,73.8,541.5,,1
1381,2026-05-13 14:15:03,33.6,61.5,78.0,554.1,,1
1382,2026-05-13 14:15:27,33.5,61.8,76.7,546.5,,1
1383,2026-05-13 14:16:24,33.3,61.5,78.2,535.3,,1
1384,2026-05-13 14:17:01,33.5,61.4,79.0,507.6,,1
1385,2026-05-13 14:17:27,33.4,61.8,78.9,523.4,,1
1386,2026-05-13 14:18:06,33.3,61.5,82.9,505.9,,1
1387,2026-05-13 14:19:05,33.4,61.9,81.0,502.0,,1
1388,2026-05-13 14:19:46,33.3,61.7,78.9,487.4,,1
1389,2026-05-13 14:20:15,33.3,62.0,80.0,526.9,,1
1390,2026-05-13 14:21:00,33.3,62.3,76.5,554.6,,1
1391,2026-05-13 14:21:59,33.2,62.1,80.3,522.5,,1
1392,2026-05-13 14:22:46,33.1,62.4,77.3,552.5,,1
1393,2026-05-13 14:23:21,33.1,62.5,77.4,538.3,,1
1394,2026-05-13 14:23:45,33.3,62.7,79.1,513.0,,1
1395,2026-05-13 14:24:34,33.3,63.1,77.0,514.0,,1
1396,2026-05-13 14:25:27,33.1,62.7,80.2,481.7,,1
1397,2026-05-13 14:26:21,33.0,62.6,82.6,470.5,,1
1398,2026-05-13 14:27:05,33.0,62.4,82.9,455.7,,1
1399,2026-05-13 14:27:27,33.0,62.9,84.2,444.6,,1
1400,2026-05-13 14:28:10,33.0,62.8,83.3,457.7,,1
1401,2026-05-13 14:28:32,33.0,63.0,78.7,443.2,,1
1402,2026-05-13 14:29:02,33.1,63.3,75.6,448.7,,1
1403,2026-05-13 14:29:29,32.9,62.8,79.6,451.0,,1
1404,2026-05-13 14:30:20,33.0,62.5,81.2,435.7,,1
1405,2026-05-13 14:30:44,33.1,62.7,77.2,437.3,,1
1406,2026-05-13 14:31:16,33.2,63.0,74.2,431.1,,1
1407,2026-05-13 14:31:46,33.2,62.3,73.1,441.9,,1
1408,2026-05-13 14:32:23,33.0,62.0,73.3,449.0,,1
1409,2026-05-13 14:33:09,33.1,61.7,76.1,458.5,,1
1410,2026-05-13 14:33:48,33.2,61.7,75.8,495.2,,1
1411,2026-05-13 14:34:13,33.2,61.3,76.0,514.9,,1
1412,2026-05-13 14:35:08,33.3,61.2,76.0,541.2,,1
1413,2026-05-13 14:35:57,33.3,61.2,74.4,539.5,,1
1414,2026-05-13 14:36:36,33.3,61.5,74.9,532.8,,1
1415,2026-05-13 14:37:31,33.4,61.1,77.8,534.1,,1
1416,2026-05-13 14:38:03,33.6,60.9,75.4,527.7,,1
1417,2026-05-13 14:38:31,33.5,61.1,78.5,529.5,,1
1418,2026-05-13 14:39:03,33.4,60.8,77.7,540.1,,1
1419,2026-05-13 14:39:29,33.6,61.1,77.1,545.3,,1
1420,2026-05-13 14:40:24,33.8,61.1,80.4,537.4,,1
1421,2026-05-13 14:41:09,33.7,61.4,79.2,556.0,,1
1422,2026-05-13 14:41:37,33.5,61.2,77.7,565.0,,1
1423,2026-05-13 14:42:04,33.5,61.4,75.3,575.1,,1
1424,2026-05-13 14:42:29,33.5,61.0,77.0,545.7,,1
1425,2026-05-13 14:43:14,33.3,61.5,78.8,550.1,,1
1426,2026-05-13 14:43:36,33.3,61.8,81.6,549.1,,1
1427,2026-05-13 14:44:01,33.1,61.6,83.9,534.6,,1
1428,2026-05-13 14:44:58,33.0,61.9,83.2,537.8,,1
1429,2026-05-13 14:45:33,33.1,61.7,79.0,545.5,,1
1430,2026-05-13 14:46:06,33.2,61.9,80.2,537.4,,1
1431,2026-05-13 14:47:05,33.2,61.5,78.9,512.2,,1
1432,2026-05-13 14:47:41,33.3,61.3,75.9,500.6,,1
1433,2026-05-13 14:48:40,33.3,60.9,72.7,491.5,,1
1434,2026-05-13 14:49:07,33.1,60.7,70.7,518.1,,1
1435,2026-05-13 14:49:39,33.2,60.6,72.6,534.2,,1
1436,2026-05-13 14:50:35,33.0,60.8,76.2,513.0,,1
1437,2026-05-13 14:51:01,32.9,61.2,78.2,529.7,,1
1438,2026-05-13 14:51:26,33.1,60.9,77.6,544.9,,1
1439,2026-05-13 14:52:09,33.1,60.7,75.5,540.2,,1
1440,2026-05-13 14:53:09,33.2,60.7,74.9,509.1,,1
1441,2026-05-13 14:54:02,33.0,60.7,76.1,487.8,,1
1442,2026-05-13 14:54:56,33.2,60.3,76.0,481.1,,1
1443,2026-05-13 14:55:34,33.0,60.6,74.6,518.6,,1
1444,2026-05-13 14:56:21,33.0,60.0,74.7,542.3,,1
1445,2026-05-13 14:57:14,33.1,59.6,75.9,555.7,,1
1446,2026-05-13 14:58:03,32.9,59.2,80.0,563.2,,1
1447,2026-05-13 14:58:28,33.0,58.6,81.6,567.7,,1
1448,2026-05-13 14:59:26,33.1,58.8,81.6,535.6,,1
1449,2026-05-13 14:59:54,33.2,58.4,82.6,527.2,,1
1450,2026-05-13 15:00:51,33.3,58.6,82.3,493.5,,1
1451,2026-05-13 15:01:35,33.3,58.9,78.9,493.4,,1
1452,2026-05-13 15:02:23,33.2,58.7,81.3,512.0,,1
1453,2026-05-13 15:03:18,33.3,58.8,82.0,481.9,,1
1454,2026-05-13 15:04:02,33.2,58.9,80.7,491.7,,1
1455,2026-05-13 15:05:00,33.1,58.7,82.6,524.6,,1
1456,2026-05-13 15:05:51,33.1,58.7,83.6,501.9,,1
1457,2026-05-13 15:06:33,33.1,58.6,82.9,489.8,,1
1458,2026-05-13 15:07:17,33.0,58.6,81.4,498.8,,1
1459,2026-05-13 15:08:12,32.9,58.4,83.2,477.7,,1
1460,2026-05-13 15:08:49,33.1,58.0,83.2,479.4,,1
1461,2026-05-13 15:09:38,33.3,57.6,78.7,488.2,,1
1462,2026-05-13 15:10:34,33.4,57.5,79.1,493.4,,1
1463,2026-05-13 15:10:54,33.2,57.7,78.4,514.9,,1
1464,2026-05-13 15:11:38,33.2,57.9,78.1,486.6,,1
1465,2026-05-13 15:12:22,33.3,57.7,78.8,469.2,,1
1466,2026-05-13 15:12:57,33.1,57.4,80.6,468.5,,1
1467,2026-05-13 15:13:57,32.9,57.4,76.7,478.4,,1
1468,2026-05-13 15:14:53,33.1,57.7,79.6,473.8,,1
1469,2026-05-13 15:15:31,33.2,57.1,78.5,505.8,,1
1470,2026-05-13 15:16:23,33.2,57.0,78.1,490.0,,1
1471,2026-05-13 15:16:47,33.4,57.1,80.1,497.7,,1
1472,2026-05-13 15:17:21,33.5,57.0,80.2,513.0,,1
1473,2026-05-13 15:18:13,33.6,56.5,77.6,515.2,,1
1474,2026-05-13 15:19:04,33.8,56.9,73.6,503.9,,1
1475,2026-05-13 15:19:35,33.7,57.2,70.3,501.3,,1
1476,2026-05-13 15:20:09,33.8,56.7,70.8,480.3,,1
1477,2026-05-13 15:20:33,33.9,56.8,71.8,508.7,,1
1478,2026-05-13 15:20:55,33.8,57.1,69.8,489.9,,1
1479,2026-05-13 15:21:42,33.9,57.3,72.8,475.8,,1
1480,2026-05-13 15:22:41,33.8,57.8,73.6,503.4,,1
1481,2026-05-13 15:23:27,33.8,57.9,70.9,508.0,,1
1482,2026-05-13 15:24:12,33.8,58.3,77.0,525.4,,1
1483,2026-05-13 15:24:57,34.0,58.7,78.5,504.9,,1
1484,2026-05-13 15:25:30,34.1,58.4,77.4,517.3,,1
1485,2026-05-13 15:26:20,34.1,58.0,76.3,534.3,,1
1486,2026-05-13 15:26:54,34.2,57.7,75.4,533.0,,1
1487,2026-05-13 15:27:41,34.4,57.8,75.5,557.6,,1
1488,2026-05-13 15:28:14,34.5,58.0,77.9,551.0,,1
1489,2026-05-13 15:28:35,34.7,58.1,79.2,556.6,,1
1490,2026-05-13 15:29:08,34.6,58.1,83.0,529.6,,1
1491,2026-05-13 15:29:55,34.8,57.9,82.3,546.0,,1
1492,2026-05-13 15:30:19,34.8,57.8,83.0,543.0,,1
1493,2026-05-13 15:31:04,34.9,58.0,83.1,563.7,,1
1494,2026-05-13 15:32:02,34.7,58.3,81.1,568.1,,1
1495,2026-05-13 15:32:39,34.9,58.5,82.3,561.8,,1
1496,2026-05-13 15:33:19,35.1,58.6,81.5,569.4,,1
1497,2026-05-13 15:33:48,34.9,58.9,83.2,549.7,,1
1498,2026-05-13 15:34:37,35.1,58.8,82.1,508.4,,1
1499,2026-05-13 15:34:58,35.1,58.7,81.0,504.7,,1
1500,2026-05-13 15:35:26,35.0,58.4,77.4,535.3,,1
1501,2026-05-13 15:35:48,35.1,58.5,80.5,524.6,,1
1502,2026-05-13 15:36:23,35.0,58.8,83.1,502.8,,1
1503,2026-05-13 15:37:17,35.0,58.5,80.7,489.5,,1
1504,2026-05-13 15:37:58,35.0,58.9,81.3,506.5,,1
1505,2026-05-13 15:38:32,35.0,59.2,79.9,490.7,,1
1506,2026-05-13 15:39:07,35.0,59.3,75.8,525.7,,1
1507,2026-05-13 15:39:58,35.1,59.4,74.6,499.1,,1
1508,2026-05-13 15:40:19,35.1,59.0,74.0,481.2,,1
1509,2026-05-13 15:40:44,35.0,58.7,74.8,454.6,,1
1510,2026-05-13 15:41:19,35.0,58.6,77.5,481.7,,1
1511,2026-05-13 15:42:16,34.9,58.6,78.5,506.7,,1
1512,2026-05-13 15:43:01,35.0,58.3,78.7,488.5,,1
1513,2026-05-13 15:43:48,34.9,58.9,79.7,507.6,,1
1514,2026-05-13 15:44:24,34.8,58.8,78.4,504.1,,1
1515,2026-05-13 15:45:10,34.9,58.9,77.5,540.4,,1
1516,2026-05-13 15:45:39,35.1,58.5,81.1,545.5,,1
1517,2026-05-13 15:46:38,35.2,58.4,81.0,520.5,,1
1518,2026-05-13 15:47:20,35.1,58.6,78.2,509.9,,1
1519,2026-05-13 15:48:05,35.0,58.4,77.2,491.8,,1
1520,2026-05-13 15:48:57,35.2,58.7,79.7,500.8,,1
1521,2026-05-13 15:49:43,35.3,58.6,83.3,499.4,,1
1522,2026-05-13 15:50:38,35.1,58.9,82.4,510.2,,1
1523,2026-05-13 15:51:24,35.3,59.2,82.7,487.6,,1
1524,2026-05-13 15:51:54,35.1,59.7,82.8,509.9,,1
1525,2026-05-13 15:52:31,35.2,60.0,80.9,521.4,,1
1526,2026-05-13 15:53:21,35.2,59.6,81.5,487.0,,1
1527,2026-05-13 15:54:04,35.2,59.9,81.9,510.7,,1
1528,2026-05-13 15:54:29,35.3,59.3,84.7,504.7,,1
1529,2026-05-13 15:55:26,35.5,59.4,86.1,502.6,,1
1530,2026-05-13 15:55:58,35.6,59.3,85.5,522.7,,1
1531,2026-05-13 15:56:40,35.6,59.5,83.6,552.0,,1
1532,2026-05-13 15:57:12,35.4,59.6,84.6,568.1,,1
1533,2026-05-13 15:57:46,35.4,59.1,83.7,531.6,,1
1534,2026-05-13 15:58:06,35.4,58.7,83.7,512.7,,1
1535,2026-05-13 15:58:58,35.2,58.6,85.3,477.7,,1
1536,2026-05-13 15:59:26,35.3,58.9,86.5,474.0,,1
1537,2026-05-13 16:00:00,35.3,58.5,86.7,476.3,,1
1538,2026-05-13 16:00:44,35.3,57.9,83.1,465.7,,1
1539,2026-05-13 16:01:30,35.1,58.0,84.1,485.6,,1
1540,2026-05-13 16:01:55,35.1,58.3,82.8,481.7,,1
1541,2026-05-13 16:02:46,35.1,58.7,81.0,484.2,,1
1542,2026-05-13 16:03:26,34.9,58.3,80.1,501.0,,1
1543,2026-05-13 16:04:16,34.9,58.1,80.1,479.3,,1
1544,2026-05-13 16:04:50,34.7,57.9,78.8,465.6,,1
1545,2026-05-13 16:05:50,34.8,58.3,83.5,476.8,,1
1546,2026-05-13 16:06:21,34.9,57.7,83.6,501.1,,1
1547,2026-05-13 16:07:20,35.1,57.5,83.1,502.8,,1
1548,2026-05-13 16:08:18,35.1,58.0,82.5,515.4,,1
1549,2026-05-13 16:08:54,35.1,58.5,82.8,488.6,,1
1550,2026-05-13 16:09:40,35.1,58.2,79.7,499.8,,1
1551,2026-05-13 16:10:25,35.0,58.3,75.9,493.3,,1
1552,2026-05-13 16:10:55,35.2,58.1,78.4,519.9,,1
1553,2026-05-13 16:11:36,35.2,58.2,79.0,515.0,,1
1554,2026-05-13 16:12:11,35.1,58.3,78.6,513.9,,1
1555,2026-05-13 16:12:33,35.1,58.7,79.8,504.9,,1
1556,2026-05-13 16:13:31,35.0,58.8,78.3,488.8,,1
1557,2026-05-13 16:14:00,35.0,58.8,80.0,526.6,,1
1558,2026-05-13 16:14:55,35.0,58.7,78.2,506.1,,1
1559,2026-05-13 16:15:27,35.0,58.3,81.7,497.4,,1
1560,2026-05-13 16:16:18,34.9,58.9,80.8,504.1,,1
1561,2026-05-13 16:16:58,35.1,58.6,79.6,489.8,,1
1562,2026-05-13 16:17:38,35.1,58.4,75.4,483.0,,1
1563,2026-05-13 16:18:20,35.2,58.7,74.1,524.7,,1
1564,2026-05-13 16:19:02,35.1,59.1,77.6,512.0,,1
1565,2026-05-13 16:19:44,35.2,59.1,76.2,494.3,,1
1566,2026-05-13 16:20:41,35.1,59.2,76.6,508.1,,1
1567,2026-05-13 16:21:14,35.1,58.8,77.5,521.3,,1
1568,2026-05-13 16:21:54,35.1,58.9,76.9,515.4,,1
1569,2026-05-13 16:22:48,35.2,58.9,77.3,506.3,,1
1570,2026-05-13 16:23:08,35.2,58.9,77.9,513.7,,1
1571,2026-05-13 16:23:58,35.1,58.6,77.7,524.0,,1
1572,2026-05-13 16:24:26,35.2,58.8,78.1,488.0,,1
1573,2026-05-13 16:25:02,35.1,59.2,77.1,506.7,,1
1574,2026-05-13 16:25:25,35.0,59.7,77.4,493.0,,1
1575,2026-05-13 16:25:46,34.9,59.9,80.5,489.9,,1
1576,2026-05-13 16:26:24,35.1,60.1,80.5,513.4,,1
1577,2026-05-13 16:27:05,35.0,60.4,83.4,532.0,,1
1578,2026-05-13 16:27:52,35.0,60.2,82.2,504.0,,1
1579,2026-05-13 16:28:45,34.8,60.8,79.7,518.5,,1
1580,2026-05-13 16:29:07,34.8,60.3,81.8,532.6,,1
1581,2026-05-13 16:30:07,35.0,60.1,83.6,504.1,,1
1582,2026-05-13 16:30:45,35.1,60.5,80.1,508.1,,1
1583,2026-05-13 16:31:24,35.1,60.8,79.9,490.8,,1
1584,2026-05-13 16:31:47,35.0,60.6,78.2,506.4,,1
1585,2026-05-13 16:32:29,35.2,60.8,76.1,540.3,,1
1586,2026-05-13 16:33:18,35.0,61.0,79.6,561.4,,1
1587,2026-05-13 16:34:17,35.2,60.6,78.2,519.4,,1
1588,2026-05-13 16:34:48,35.2,60.6,79.1,508.4,,1
1589,2026-05-13 16:35:26,35.2,60.9,80.6,517.8,,1
1590,2026-05-13 16:36:04,35.4,61.2,79.7,508.5,,1
1591,2026-05-13 16:37:03,35.4,60.9,82.5,506.9,,1
1592,2026-05-13 16:37:55,35.3,61.1,85.4,523.2,,1
1593,2026-05-13 16:38:22,35.2,61.2,87.9,493.9,,1
1594,2026-05-13 16:38:49,35.3,61.0,86.1,480.5,,1
1595,2026-05-13 16:39:13,35.2,60.9,80.7,508.6,,1
1596,2026-05-13 16:39:58,35.2,60.7,81.2,514.6,,1
1597,2026-05-13 16:40:37,35.4,60.6,80.6,515.2,,1
1598,2026-05-13 16:41:23,35.3,60.7,80.1,488.2,,1
1599,2026-05-13 16:42:19,35.2,60.4,82.1,504.5,,1
1600,2026-05-13 16:43:13,35.3,60.6,84.4,489.6,,1
1601,2026-05-13 16:43:41,35.2,60.6,80.3,484.7,,1
1602,2026-05-13 16:44:13,35.3,60.9,82.8,518.4,,1
1603,2026-05-13 16:44:45,35.3,60.7,82.9,510.1,,1
1604,2026-05-13 16:45:15,35.2,60.4,83.1,509.8,,1
1605,2026-05-13 16:46:12,35.1,60.2,84.8,531.0,,1
1606,2026-05-13 16:46:50,35.0,59.8,83.7,519.4,,1
1607,2026-05-13 16:47:10,35.1,60.0,81.4,488.7,,1
1608,2026-05-13 16:47:50,34.9,60.0,82.6,483.1,,1
1609,2026-05-13 16:48:33,34.9,60.2,85.3,470.2,,1
1610,2026-05-13 16:49:10,35.0,60.0,83.3,484.3,,1
1611,2026-05-13 16:49:40,35.0,60.4,86.3,470.0,,1
1612,2026-05-13 16:50:40,34.9,60.0,86.1,464.1,,1
1613,2026-05-13 16:51:09,34.7,60.1,85.2,496.5,,1
1614,2026-05-13 16:51:44,34.5,60.4,82.5,481.6,,1
1615,2026-05-13 16:52:09,34.7,60.0,83.9,485.8,,1
1616,2026-05-13 16:52:48,34.7,59.9,83.9,517.4,,1
1617,2026-05-13 16:53:37,34.7,59.7,85.3,525.8,,1
1618,2026-05-13 16:54:03,34.8,59.8,85.2,515.4,,1
1619,2026-05-13 16:54:56,34.7,60.2,85.7,522.4,,1
1620,2026-05-13 16:55:38,34.8,60.2,83.4,510.9,,1
1621,2026-05-13 16:56:20,34.7,60.6,84.6,522.9,,1
1622,2026-05-13 16:57:15,34.8,60.4,84.4,500.2,,1
1623,2026-05-13 16:58:14,34.7,61.0,84.0,471.3,,1
1624,2026-05-13 16:58:42,34.9,61.2,83.0,471.7,,1
1625,2026-05-13 16:59:10,34.9,61.5,79.1,478.2,,1
1626,2026-05-13 17:00:04,34.7,61.5,71.7,461.9,,1
1627,2026-05-13 17:00:28,34.7,61.4,58.9,474.3,,1
1628,2026-05-13 17:01:03,34.5,61.3,54.9,474.9,,1
1629,2026-05-13 17:01:30,34.4,61.8,49.1,464.3,,1
1630,2026-05-13 17:02:30,34.3,61.9,45.9,468.3,,1
1631,2026-05-13 17:02:58,34.1,62.2,42.0,478.2,,1
1632,2026-05-13 17:03:24,34.0,62.6,35.6,445.0,,1
1633,2026-05-13 17:04:01,33.9,62.8,34.6,423.7,,1
1634,2026-05-13 17:04:54,33.9,63.2,37.3,438.1,,1
1635,2026-05-13 17:05:20,33.7,63.6,37.9,431.3,,1
1636,2026-05-13 17:05:54,33.5,63.6,34.0,424.4,,1
1637,2026-05-13 17:06:40,33.4,64.0,30.9,431.2,,1
1638,2026-05-13 17:07:17,33.2,64.2,31.4,406.5,,1
1639,2026-05-13 17:07:56,33.0,64.7,27.6,433.3,,1
1640,2026-05-13 17:08:20,32.8,65.1,27.2,438.2,,1
1641,2026-05-13 17:09:11,32.7,64.8,28.6,442.2,,1
1642,2026-05-13 17:09:50,32.6,64.4,25.1,429.0,,1
1643,2026-05-13 17:10:15,32.3,64.0,25.6,459.3,,1
1644,2026-05-13 17:11:06,32.3,63.7,25.6,452.5,,1
1645,2026-05-13 17:12:03,32.1,63.3,25.1,443.8,,1
1646,2026-05-13 17:13:03,31.9,63.6,27.3,439.8,,1
1647,2026-05-13 17:13:38,32.1,63.2,26.4,423.3,,1
1648,2026-05-13 17:14:30,31.9,63.1,25.7,421.1,,1
1649,2026-05-13 17:14:55,31.9,62.9,25.6,394.7,,1
1650,2026-05-13 17:15:42,31.8,62.6,24.4,419.5,,1
1651,2026-05-13 17:16:15,31.8,63.1,28.5,420.1,,1
1652,2026-05-13 17:16:38,32.0,63.3,27.9,416.2,,1
1653,2026-05-13 17:17:02,31.8,63.1,26.3,430.8,,1
1654,2026-05-13 17:17:22,31.7,62.7,30.6,416.2,,1
1655,2026-05-13 17:18:18,31.8,62.6,30.4,434.2,,1
1656,2026-05-13 17:18:54,31.7,62.3,30.5,429.2,,1
1657,2026-05-13 17:19:26,31.7,62.3,31.0,459.4,,1
1658,2026-05-13 17:20:10,31.8,62.6,28.2,442.8,,1
1659,2026-05-13 17:20:48,31.8,62.9,30.6,436.8,,1
1660,2026-05-13 17:21:33,31.9,62.6,32.4,425.8,,1
1661,2026-05-13 17:22:12,31.8,62.9,30.2,414.3,,1
1662,2026-05-13 17:23:09,32.0,62.3,33.1,437.4,,1
1663,2026-05-13 17:23:53,31.9,62.4,29.8,420.8,,1
1664,2026-05-13 17:24:22,31.7,62.3,30.0,442.4,,1
1665,2026-05-13 17:25:12,31.8,61.7,25.4,427.6,,1
1666,2026-05-13 17:26:01,31.9,61.7,29.7,425.2,,1
1667,2026-05-13 17:26:33,32.1,61.6,25.0,438.6,,1
1668,2026-05-13 17:27:00,32.0,61.9,29.0,414.5,,1
1669,2026-05-13 17:27:24,32.2,62.2,27.7,399.1,,1
1670,2026-05-13 17:28:11,32.0,62.3,31.6,403.1,,1
1671,2026-05-13 17:28:42,32.2,62.4,31.4,421.8,,1
1672,2026-05-13 17:29:42,31.9,62.0,27.0,418.8,,1
1673,2026-05-13 17:30:29,32.1,61.7,27.5,416.6,,1
1674,2026-05-13 17:31:09,31.9,62.1,26.0,425.6,,1
1675,2026-05-13 17:32:08,31.9,62.6,24.2,436.3,,1
1676,2026-05-13 17:32:59,31.9,62.7,27.3,424.4,,1
1677,2026-05-13 17:33:53,32.0,62.8,26.7,412.5,,1
1678,2026-05-13 17:34:48,31.8,63.3,23.9,413.2,,1
1679,2026-05-13 17:35:40,31.9,63.3,23.8,418.7,,1
1680,2026-05-13 17:36:30,31.8,63.2,24.5,413.6,,1
1681,2026-05-13 17:36:56,31.7,62.8,24.7,416.1,,1
1682,2026-05-13 17:37:32,31.7,63.1,26.5,439.8,,1
1683,2026-05-13 17:38:14,31.9,63.1,27.4,444.5,,1
1684,2026-05-13 17:38:42,31.7,63.1,26.6,469.2,,1
1685,2026-05-13 17:39:26,31.8,62.8,26.6,472.6,,1
1686,2026-05-13 17:39:52,32.0,63.0,27.7,463.7,,1
1687,2026-05-13 17:40:16,31.8,63.5,31.5,435.9,,1
1688,2026-05-13 17:40:40,31.9,63.8,27.9,412.8,,1
1689,2026-05-13 17:41:18,32.1,63.6,32.5,411.2,,1
1690,2026-05-13 17:42:16,31.9,64.0,33.7,443.7,,1
1691,2026-05-13 17:42:57,32.0,63.8,35.9,444.3,,1
1692,2026-05-13 17:43:21,31.8,64.0,33.2,422.0,,1
1693,2026-05-13 17:43:48,31.7,63.9,29.4,432.2,,1
1694,2026-05-13 17:44:11,31.8,63.6,26.8,415.6,,1
1695,2026-05-13 17:44:40,31.7,63.9,24.0,427.3,,1
1696,2026-05-13 17:45:33,31.7,64.0,24.9,427.1,,1
1697,2026-05-13 17:46:19,31.6,64.2,22.2,426.7,,1
1698,2026-05-13 17:47:13,31.7,64.5,24.8,437.2,,1
1699,2026-05-13 17:48:08,31.8,64.2,27.1,445.1,,1
1700,2026-05-13 17:48:49,31.7,64.5,27.3,418.9,,1
1701,2026-05-13 17:49:29,31.9,64.3,28.6,403.0,,1
1702,2026-05-13 17:50:16,31.7,64.1,29.4,408.2,,1
1703,2026-05-13 17:50:38,31.5,64.1,28.2,400.6,,1
1704,2026-05-13 17:51:07,31.6,63.9,27.9,396.7,,1
1705,2026-05-13 17:51:31,31.7,63.5,30.3,428.0,,1
1706,2026-05-13 17:51:57,31.9,63.7,27.6,427.9,,1
1707,2026-05-13 17:52:44,31.8,63.9,30.8,411.8,,1
1708,2026-05-13 17:53:28,31.9,63.5,26.3,417.5,,1
1709,2026-05-13 17:54:00,31.9,63.0,30.1,438.0,,1
1710,2026-05-13 17:54:37,31.9,63.3,33.3,427.8,,1
1711,2026-05-13 17:55:05,32.1,62.7,30.3,406.4,,1
1712,2026-05-13 17:55:56,32.0,63.1,28.7,415.0,,1
1713,2026-05-13 17:56:40,31.8,63.6,31.2,434.0,,1
1714,2026-05-13 17:57:36,31.7,63.6,31.5,445.9,,1
1715,2026-05-13 17:58:00,31.8,63.2,28.4,445.1,,1
1716,2026-05-13 17:58:37,31.7,63.3,28.1,440.8,,1
1717,2026-05-13 17:59:14,31.8,62.9,25.7,449.3,,1
1718,2026-05-13 17:59:35,31.9,62.7,28.8,425.8,,1
1719,2026-05-13 17:59:55,31.8,63.0,31.6,444.0,,1
1720,2026-05-13 18:00:41,31.7,63.1,34.9,454.8,,1
1721,2026-05-13 18:01:27,31.6,63.4,35.2,445.3,,1
1722,2026-05-13 18:02:02,31.4,63.6,35.5,436.1,,1
1723,2026-05-13 18:02:52,31.5,63.6,38.1,421.5,,1
1724,2026-05-13 18:03:24,31.4,63.4,39.9,392.9,,1
1725,2026-05-13 18:04:01,31.2,63.5,38.0,419.3,,1
1726,2026-05-13 18:04:56,31.1,63.3,37.3,410.3,,1
1727,2026-05-13 18:05:46,30.9,63.2,31.9,438.9,,1
1728,2026-05-13 18:06:42,30.9,62.9,35.1,443.8,,1
1729,2026-05-13 18:07:31,30.7,62.6,33.4,437.7,,1
1730,2026-05-13 18:08:18,30.7,62.3,30.6,457.2,,1
1731,2026-05-13 18:08:54,30.6,62.0,28.0,433.2,,1
1732,2026-05-13 18:09:23,30.8,62.3,26.0,407.8,,1
1733,2026-05-13 18:10:11,30.7,62.2,29.5,434.9,,1
1734,2026-05-13 18:10:41,30.7,62.3,27.1,431.9,,1
1735,2026-05-13 18:11:29,30.6,62.3,29.3,427.7,,1
1736,2026-05-13 18:12:27,30.4,62.2,32.9,443.2,,1
1737,2026-05-13 18:13:22,30.3,61.8,28.3,458.1,,1
1738,2026-05-13 18:14:12,30.5,61.9,24.8,463.8,,1
1739,2026-05-13 18:15:03,30.5,61.9,26.4,453.9,,1
1740,2026-05-13 18:15:50,30.5,62.4,27.5,444.2,,1
1741,2026-05-13 18:16:36,30.4,62.6,26.2,427.6,,1
1742,2026-05-13 18:17:34,30.6,62.0,24.5,440.5,,1
1743,2026-05-13 18:18:25,30.4,62.2,27.5,449.4,,1
1744,2026-05-13 18:18:53,30.3,62.7,27.8,450.8,,1
1745,2026-05-13 18:19:51,30.3,63.0,30.0,461.6,,1
1746,2026-05-13 18:20:32,30.2,63.4,32.6,455.0,,1
1747,2026-05-13 18:20:58,30.1,63.5,34.1,465.8,,1
1748,2026-05-13 18:21:20,30.0,63.2,35.1,460.3,,1
1749,2026-05-13 18:21:48,29.8,63.0,36.2,468.8,,1
1750,2026-05-13 18:22:46,29.8,62.9,32.9,433.6,,1
1751,2026-05-13 18:23:38,29.6,63.3,33.1,439.0,,1
1752,2026-05-13 18:24:30,29.5,63.7,33.0,441.8,,1
1753,2026-05-13 18:25:24,29.7,64.1,35.3,435.3,,1
1754,2026-05-13 18:26:08,29.5,64.3,28.7,455.7,,1
1755,2026-05-13 18:26:34,29.7,64.5,25.8,430.3,,1
1756,2026-05-13 18:27:17,29.7,64.7,26.7,441.3,,1
1757,2026-05-13 18:27:59,29.7,65.2,29.6,448.5,,1
1758,2026-05-13 18:28:35,29.5,65.2,31.9,461.9,,1
1759,2026-05-13 18:28:57,29.3,65.7,30.8,436.8,,1
1760,2026-05-13 18:29:25,29.5,65.7,28.6,435.7,,1
1761,2026-05-13 18:30:19,29.7,65.5,26.9,414.0,,1
1762,2026-05-13 18:31:07,29.7,65.6,27.3,436.1,,1
1763,2026-05-13 18:31:43,29.8,65.7,29.6,415.1,,1
1764,2026-05-13 18:32:22,29.7,65.8,27.7,406.9,,1
1765,2026-05-13 18:33:08,29.6,65.6,23.0,426.8,,1
1766,2026-05-13 18:34:07,29.7,65.9,25.7,445.1,,1
1767,2026-05-13 18:34:27,29.9,66.3,28.1,456.6,,1
1768,2026-05-13 18:34:49,30.1,66.2,24.8,447.0,,1
1769,2026-05-13 18:35:44,30.1,65.8,27.8,451.1,,1
1770,2026-05-13 18:36:20,30.3,65.4,26.5,472.2,,1
1771,2026-05-13 18:37:20,30.1,65.1,29.4,479.7,,1
1772,2026-05-13 18:38:18,30.0,64.9,29.9,486.6,,1
1773,2026-05-13 18:38:55,29.9,65.3,26.5,486.2,,1
1774,2026-05-13 18:39:18,29.8,65.2,29.4,458.2,,1
1775,2026-05-13 18:39:48,29.8,65.2,27.3,467.0,,1
1776,2026-05-13 18:40:11,30.0,65.4,29.2,458.1,,1
1777,2026-05-13 18:41:07,29.9,65.1,25.5,442.6,,1
1778,2026-05-13 18:41:30,30.0,65.1,28.0,441.0,,1
1779,2026-05-13 18:42:27,30.1,65.1,28.6,438.9,,1
1780,2026-05-13 18:43:13,30.3,64.8,28.3,426.7,,1
1781,2026-05-13 18:43:45,30.5,64.8,23.9,416.6,,1
1782,2026-05-13 18:44:08,30.4,65.0,22.5,405.3,,1
1783,2026-05-13 18:45:01,30.5,64.9,25.3,426.2,,1
1784,2026-05-13 18:45:47,30.6,65.0,24.6,415.3,,1
1785,2026-05-13 18:46:16,30.5,65.4,21.4,442.3,,1
1786,2026-05-13 18:47:07,30.3,65.4,21.1,469.1,,1
1787,2026-05-13 18:47:54,30.5,64.9,19.4,481.0,,1
1788,2026-05-13 18:48:22,30.6,65.0,19.8,483.6,,1
1789,2026-05-13 18:49:03,30.8,65.3,19.1,461.1,,1
1790,2026-05-13 18:49:33,30.7,65.8,23.8,447.1,,1
1791,2026-05-13 18:50:33,30.8,65.2,26.5,425.9,,1
1792,2026-05-13 18:50:54,30.9,65.5,25.1,441.1,,1
1793,2026-05-13 18:51:33,31.1,65.6,24.3,411.9,,1
1794,2026-05-13 18:51:56,31.2,65.3,26.0,430.0,,1
1795,2026-05-13 18:52:42,31.2,65.0,26.2,445.3,,1
1796,2026-05-13 18:53:23,31.0,65.3,28.1,450.2,,1
1797,2026-05-13 18:54:07,31.2,65.4,29.2,465.7,,1
1798,2026-05-13 18:55:05,31.1,65.2,32.2,449.3,,1
1799,2026-05-13 18:55:44,31.1,64.9,28.9,449.2,,1
1800,2026-05-13 18:56:12,31.0,64.9,26.6,445.1,,1
1801,2026-05-13 18:57:09,30.8,65.3,29.5,442.2,,1
1802,2026-05-13 18:57:38,30.7,65.3,29.4,457.0,,1
1803,2026-05-13 18:58:12,30.6,65.0,29.9,439.0,,1
1804,2026-05-13 18:58:40,30.7,65.2,30.4,416.8,,1
1805,2026-05-13 18:59:11,30.6,64.8,32.7,420.4,,1
1806,2026-05-13 18:59:32,30.4,64.9,29.4,442.1,,1
1807,2026-05-13 19:00:30,30.5,65.0,25.3,421.6,,1
1808,2026-05-13 19:01:29,30.4,65.3,21.8,440.8,,1
1809,2026-05-13 19:02:23,30.2,65.5,24.2,452.1,,1
1810,2026-05-13 19:03:03,30.2,65.1,20.6,433.9,,1
1811,2026-05-13 19:03:54,30.2,65.5,22.4,421.9,,1
1812,2026-05-13 19:04:17,30.3,65.2,23.9,406.5,,1
1813,2026-05-13 19:04:46,30.3,64.7,25.0,419.0,,1
1814,2026-05-13 19:05:22,30.2,64.5,23.7,434.3,,1
1815,2026-05-13 19:06:16,30.3,64.4,26.7,448.5,,1
1816,2026-05-13 19:06:39,30.1,64.6,28.3,430.3,,1
1817,2026-05-13 19:07:12,30.2,64.6,30.6,427.1,,1
1818,2026-05-13 19:08:05,30.0,64.7,26.6,450.2,,1
1819,2026-05-13 19:08:47,30.0,64.7,26.0,468.1,,1
1820,2026-05-13 19:09:18,30.2,64.2,26.7,458.2,,1
1821,2026-05-13 19:10:10,30.4,64.5,27.6,459.4,,1
1822,2026-05-13 19:10:47,30.3,64.9,25.3,445.4,,1
1823,2026-05-13 19:11:28,30.4,65.1,25.2,459.6,,1
1824,2026-05-13 19:12:09,30.4,64.7,29.3,463.3,,1
1825,2026-05-13 19:12:47,30.2,64.5,24.6,473.2,,1
1826,2026-05-13 19:13:16,30.1,65.1,20.9,437.9,,1
1827,2026-05-13 19:13:37,30.1,65.4,26.6,418.9,,1
1828,2026-05-13 19:14:36,30.2,65.2,28.4,437.5,,1
1829,2026-05-13 19:15:31,30.1,64.9,27.9,463.8,,1
1830,2026-05-13 19:16:18,29.9,64.6,28.1,453.8,,1
1831,2026-05-13 19:17:06,30.0,64.1,26.8,428.4,,1
1832,2026-05-13 19:18:05,30.0,64.6,30.5,406.6,,1
1833,2026-05-13 19:18:36,30.0,64.5,27.2,421.3,,1
1834,2026-05-13 19:19:12,30.0,64.7,25.7,442.1,,1
1835,2026-05-13 19:20:02,29.8,64.9,21.6,443.5,,1
1836,2026-05-13 19:20:24,30.0,64.9,22.9,442.0,,1
1837,2026-05-13 19:21:14,30.2,65.0,20.0,464.7,,1
1838,2026-05-13 19:21:39,30.0,65.2,16.9,459.9,,1
1839,2026-05-13 19:22:18,29.9,65.0,20.9,467.1,,1
1840,2026-05-13 19:23:12,29.9,65.6,24.7,440.9,,1
1841,2026-05-13 19:24:01,29.8,65.7,23.3,451.5,,1
1842,2026-05-13 19:24:55,29.6,66.3,27.1,458.4,,1
1843,2026-05-13 19:25:28,29.8,65.8,24.2,427.8,,1
1844,2026-05-13 19:26:05,29.7,66.3,24.9,408.5,,1
1845,2026-05-13 19:27:05,29.7,66.7,25.8,420.6,,1
1846,2026-05-13 19:27:59,29.6,67.3,27.1,400.6,,1
1847,2026-05-13 19:28:20,29.4,67.3,26.7,388.7,,1
1848,2026-05-13 19:29:20,29.3,67.3,25.9,414.6,,1
1849,2026-05-13 19:29:51,29.4,67.3,21.8,439.2,,1
1850,2026-05-13 19:30:37,29.3,67.2,26.1,436.5,,1
1851,2026-05-13 19:31:23,29.4,67.3,26.9,417.0,,1
1852,2026-05-13 19:32:19,29.5,66.9,29.1,424.6,,1
1853,2026-05-13 19:32:44,29.6,66.5,28.2,448.5,,1
1854,2026-05-13 19:33:33,29.7,66.6,27.4,459.6,,1
1855,2026-05-13 19:34:33,29.7,66.1,27.8,438.6,,1
1856,2026-05-13 19:35:18,29.8,66.2,28.5,427.4,,1
1857,2026-05-13 19:35:53,30.0,65.6,31.1,425.0,,1
1858,2026-05-13 19:36:43,29.8,65.8,31.3,428.6,,1
1859,2026-05-13 19:37:13,30.0,65.6,32.2,447.0,,1
1860,2026-05-13 19:37:40,29.9,66.2,36.1,426.2,,1
1861,2026-05-13 19:38:31,30.0,66.1,33.9,454.6,,1
1862,2026-05-13 19:39:02,30.1,65.7,27.4,462.0,,1
1863,2026-05-13 19:39:26,30.1,66.0,32.1,461.6,,1
1864,2026-05-13 19:40:25,30.3,65.4,33.5,434.7,,1
1865,2026-05-13 19:41:14,30.4,65.0,28.4,447.2,,1
1866,2026-05-13 19:41:47,30.4,64.9,31.7,423.0,,1
1867,2026-05-13 19:42:37,30.3,64.6,33.8,436.6,,1
1868,2026-05-13 19:43:13,30.1,64.4,31.7,450.2,,1
1869,2026-05-13 19:43:39,29.9,64.8,30.9,443.4,,1
1870,2026-05-13 19:44:31,30.1,64.3,32.2,454.3,,1
1871,2026-05-13 19:45:01,30.3,64.4,35.3,451.4,,1
1872,2026-05-13 19:45:45,30.1,64.4,32.6,434.5,,1
1873,2026-05-13 19:46:12,30.3,64.2,27.8,422.8,,1
1874,2026-05-13 19:46:43,30.3,64.2,25.1,423.6,,1
1875,2026-05-13 19:47:07,30.5,64.0,28.2,437.3,,1
1876,2026-05-13 19:47:28,30.5,63.6,30.7,457.2,,1
1877,2026-05-13 19:47:58,30.7,63.3,35.3,466.9,,1
1878,2026-05-13 19:48:28,30.7,63.6,35.5,459.3,,1
1879,2026-05-13 19:49:15,30.7,63.8,38.6,445.7,,1
1880,2026-05-13 19:50:12,30.6,64.1,37.2,417.3,,1
1881,2026-05-13 19:50:40,30.6,63.9,37.0,449.2,,1
1882,2026-05-13 19:51:29,30.8,63.4,32.1,428.6,,1
1883,2026-05-13 19:52:22,30.8,63.1,32.4,419.5,,1
1884,2026-05-13 19:52:51,30.7,63.5,33.7,425.9,,1
1885,2026-05-13 19:53:24,30.7,63.5,33.1,428.6,,1
1886,2026-05-13 19:54:12,30.9,63.7,35.3,429.2,,1
1887,2026-05-13 19:54:49,30.8,63.5,33.4,409.1,,1
1888,2026-05-13 19:55:20,31.0,63.0,31.2,419.3,,1
1889,2026-05-13 19:55:51,31.0,63.2,30.6,410.5,,1
1890,2026-05-13 19:56:30,31.2,62.7,30.1,424.2,,1
1891,2026-05-13 19:57:17,31.1,63.2,33.4,440.0,,1
1892,2026-05-13 19:57:47,31.2,63.4,37.0,433.5,,1
1893,2026-05-13 19:58:31,31.3,63.3,33.7,419.7,,1
1894,2026-05-13 19:59:18,31.4,63.7,31.4,437.3,,1
1895,2026-05-13 19:59:39,31.6,63.9,31.7,432.3,,1
1896,2026-05-13 20:00:19,31.7,64.1,31.2,452.1,,1
1897,2026-05-13 20:01:09,31.8,63.6,34.0,440.4,,1
1898,2026-05-13 20:02:09,31.7,63.3,28.7,457.6,,1
1899,2026-05-13 20:02:38,31.8,63.6,27.8,458.4,,1
1900,2026-05-13 20:03:17,31.8,63.7,28.0,478.1,,1
1901,2026-05-13 20:03:57,31.8,64.3,28.5,469.4,,1
1902,2026-05-13 20:04:32,31.9,63.8,26.7,440.5,,1
1903,2026-05-13 20:04:56,32.0,63.5,31.2,458.8,,1
1904,2026-05-13 20:05:19,32.0,63.3,30.9,465.1,,1
1905,2026-05-13 20:05:49,32.1,62.9,30.9,469.1,,1
1906,2026-05-13 20:06:22,31.9,63.0,31.9,481.6,,1
1907,2026-05-13 20:07:14,31.8,63.3,33.8,488.1,,1
1908,2026-05-13 20:07:38,32.0,63.6,35.6,461.2,,1
1909,2026-05-13 20:08:34,31.8,63.7,31.1,468.7,,1
1910,2026-05-13 20:08:57,31.8,63.4,26.9,463.8,,1
1911,2026-05-13 20:09:20,31.9,62.9,26.3,467.9,,1
1912,2026-05-13 20:10:14,32.1,62.8,25.4,460.0,,1
1913,2026-05-13 20:10:51,32.0,62.6,25.5,431.4,,1
1914,2026-05-13 20:11:30,32.0,62.2,27.7,426.9,,1
1915,2026-05-13 20:12:25,31.8,62.5,29.9,402.3,,1
1916,2026-05-13 20:13:11,31.7,62.6,30.9,421.1,,1
1917,2026-05-13 20:13:58,31.8,62.4,29.2,392.0,,1
1918,2026-05-13 20:14:33,31.8,62.3,31.8,386.3,,1
1919,2026-05-13 20:15:33,31.9,61.7,32.4,399.0,,1
1920,2026-05-13 20:15:56,31.7,61.4,32.3,388.5,,1
1921,2026-05-13 20:16:46,31.7,62.0,32.8,413.0,,1
1922,2026-05-13 20:17:36,31.6,62.6,34.3,400.1,,1
1923,2026-05-13 20:18:11,31.7,62.2,34.5,408.2,,1
1924,2026-05-13 20:18:46,31.6,62.3,30.5,421.9,,1
1925,2026-05-13 20:19:23,31.4,62.6,28.4,435.1,,1
1926,2026-05-13 20:20:10,31.3,62.6,25.1,412.7,,1
1927,2026-05-13 20:20:31,31.1,62.6,26.2,417.0,,1
1928,2026-05-13 20:21:15,31.2,62.6,26.4,400.1,,1
1929,2026-05-13 20:22:10,31.1,62.3,21.8,420.9,,1
1930,2026-05-13 20:23:01,31.2,62.3,22.1,426.9,,1
1931,2026-05-13 20:23:33,31.2,62.8,22.9,419.5,,1
1932,2026-05-13 20:24:11,31.3,62.9,25.0,451.1,,1
1933,2026-05-13 20:24:42,31.4,62.6,21.8,428.4,,1
1934,2026-05-13 20:25:24,31.5,62.8,24.4,433.9,,1
1935,2026-05-13 20:26:06,31.4,63.3,20.8,436.8,,1
1936,2026-05-13 20:26:52,31.4,63.5,26.3,434.2,,1
1937,2026-05-13 20:27:33,31.3,63.5,23.6,434.5,,1
1938,2026-05-13 20:28:17,31.1,63.9,19.6,448.5,,1
1939,2026-05-13 20:29:00,31.2,63.9,23.4,458.8,,1
1940,2026-05-13 20:29:43,31.2,64.4,26.7,431.9,,1
1941,2026-05-13 20:30:38,31.0,64.4,26.4,444.3,,1
1942,2026-05-13 20:31:23,31.0,64.1,22.9,445.6,,1
1943,2026-05-13 20:32:04,30.9,63.9,23.0,461.0,,1
1944,2026-05-13 20:32:41,31.1,64.0,25.4,470.5,,1
1945,2026-05-13 20:33:09,31.1,64.3,27.2,439.3,,1
1946,2026-05-13 20:33:59,31.3,63.8,28.2,430.4,,1
1947,2026-05-13 20:34:51,31.1,63.6,29.7,435.6,,1
1948,2026-05-13 20:35:12,31.2,63.5,30.9,429.6,,1
1949,2026-05-13 20:35:37,31.3,63.3,26.9,450.8,,1
1950,2026-05-13 20:36:06,31.2,63.8,27.5,467.3,,1
1951,2026-05-13 20:36:51,31.0,64.1,27.0,448.2,,1
1952,2026-05-13 20:37:32,30.9,64.3,24.9,438.3,,1
1953,2026-05-13 20:38:25,30.8,64.1,25.2,433.0,,1
1954,2026-05-13 20:38:58,30.7,64.1,25.4,429.6,,1
1955,2026-05-13 20:39:54,30.8,64.3,26.0,439.5,,1
1956,2026-05-13 20:40:39,30.8,64.0,25.5,420.3,,1
1957,2026-05-13 20:41:17,31.0,63.5,26.5,421.3,,1
1958,2026-05-13 20:42:14,31.2,63.8,22.0,419.4,,1
1959,2026-05-13 20:43:01,31.3,64.2,18.8,408.3,,1
1960,2026-05-13 20:43:46,31.2,64.7,23.3,420.3,,1
1961,2026-05-13 20:44:26,31.2,64.4,22.5,428.6,,1
1962,2026-05-13 20:45:15,31.2,64.7,22.3,440.5,,1
1963,2026-05-13 20:46:15,31.1,64.9,26.8,436.5,,1
1964,2026-05-13 20:47:01,30.9,65.2,29.8,466.7,,1
1965,2026-05-13 20:47:28,31.0,64.9,28.4,477.0,,1
1966,2026-05-13 20:48:18,31.1,64.5,28.8,489.6,,1
1967,2026-05-13 20:48:44,31.3,64.6,29.2,477.4,,1
1968,2026-05-13 20:49:40,31.5,64.4,27.9,484.0,,1
1969,2026-05-13 20:50:27,31.5,64.7,25.7,443.8,,1
1970,2026-05-13 20:51:09,31.4,64.8,27.1,427.0,,1
1971,2026-05-13 20:51:35,31.5,64.5,23.8,435.9,,1
1972,2026-05-13 20:52:12,31.5,64.8,22.8,409.6,,1
1973,2026-05-13 20:52:54,31.7,64.9,26.6,427.8,,1
1974,2026-05-13 20:53:14,31.7,64.5,28.1,451.8,,1
1975,2026-05-13 20:53:52,31.7,64.2,29.8,460.8,,1
1976,2026-05-13 20:54:21,31.7,64.3,30.9,454.6,,1
1977,2026-05-13 20:55:20,31.7,64.1,28.9,438.3,,1
1978,2026-05-13 20:55:51,31.6,64.0,29.0,439.6,,1
1979,2026-05-13 20:56:33,31.6,64.3,24.9,452.9,,1
1980,2026-05-13 20:57:00,31.4,64.7,26.3,447.3,,1
1981,2026-05-13 20:57:30,31.6,64.3,25.1,426.0,,1
1982,2026-05-13 20:58:13,31.6,64.0,25.5,411.9,,1
1983,2026-05-13 20:59:10,31.7,64.4,29.2,411.0,,1
1984,2026-05-13 20:59:55,31.8,64.0,30.6,399.2,,1
1985,2026-05-13 21:00:46,31.6,64.3,5.0,382.7,,1
1986,2026-05-13 21:01:17,31.5,64.7,2.5,382.5,,1
1987,2026-05-13 21:01:46,31.3,65.1,2.9,363.7,,1
1988,2026-05-13 21:02:46,31.2,65.4,2.3,351.7,,1
1989,2026-05-13 21:03:08,31.0,66.0,1.0,315.4,,1
1990,2026-05-13 21:03:58,30.9,66.6,1.6,292.4,,1
1991,2026-05-13 21:04:43,30.8,67.1,1.4,273.2,,1
1992,2026-05-13 21:05:40,30.8,67.5,1.0,274.2,,1
1993,2026-05-13 21:06:33,30.5,68.3,1.5,297.1,,1
1994,2026-05-13 21:07:22,30.4,69.0,1.0,297.2,,1
1995,2026-05-13 21:08:19,30.3,69.5,1.0,302.3,,1
1996,2026-05-13 21:09:13,30.1,70.0,1.2,315.0,,1
1997,2026-05-13 21:10:08,30.0,70.7,1.1,316.4,,1
1998,2026-05-13 21:10:29,29.7,71.2,3.0,313.1,,1
1999,2026-05-13 21:11:13,29.5,72.1,3.9,314.1,,1
2000,2026-05-13 21:11:59,29.4,72.5,4.0,302.9,,1
2001,2026-05-13 21:12:53,29.2,72.6,2.7,316.7,,1
2002,2026-05-13 21:13:44,29.0,72.8,4.4,319.7,,1
2003,2026-05-13 21:14:30,28.9,73.4,3.6,320.6,,1
2004,2026-05-13 21:15:14,28.9,73.4,2.2,330.1,,1
2005,2026-05-13 21:15:45,29.0,73.2,3.9,323.6,,1
2006,2026-05-13 21:16:29,28.8,72.9,5.0,325.8,,1
2007,2026-05-13 21:17:25,28.8,72.7,4.1,305.3,,1
2008,2026-05-13 21:18:13,29.0,72.8,3.7,305.3,,1
2009,2026-05-13 21:18:37,28.9,72.6,5.0,290.0,,1
2010,2026-05-13 21:19:24,29.0,72.9,3.2,281.9,,1
2011,2026-05-13 21:20:04,28.9,72.9,2.4,308.2,,1
2012,2026-05-13 21:20:43,28.9,73.5,2.0,299.4,,1
2013,2026-05-13 21:21:20,28.9,73.0,2.1,292.7,,1
2014,2026-05-13 21:21:58,29.0,72.5,2.8,282.6,,1
2015,2026-05-13 21:22:30,29.1,72.4,3.9,306.8,,1
2016,2026-05-13 21:22:58,28.9,72.7,3.9,308.5,,1
2017,2026-05-13 21:23:52,28.9,72.8,5.0,313.0,,1
2018,2026-05-13 21:24:12,28.7,72.7,5.0,317.0,,1
2019,2026-05-13 21:24:42,28.6,72.5,3.1,288.0,,1
2020,2026-05-13 21:25:08,28.7,72.1,3.0,296.3,,1
2021,2026-05-13 21:26:06,28.7,72.3,3.0,287.3,,1
2022,2026-05-13 21:26:39,28.7,72.6,3.0,298.7,,1
2023,2026-05-13 21:27:37,28.8,72.9,5.0,281.3,,1
2024,2026-05-13 21:28:21,29.0,72.4,3.8,296.4,,1
2025,2026-05-13 21:28:53,29.1,72.4,5.0,287.2,,1
2026,2026-05-13 21:29:16,29.0,72.6,5.0,301.7,,1
2027,2026-05-13 21:30:15,29.1,73.0,5.0,291.8,,1
2028,2026-05-13 21:30:38,28.9,72.7,5.0,286.6,,1
2029,2026-05-13 21:31:12,29.0,72.6,3.7,294.9,,1
2030,2026-05-13 21:32:00,28.9,73.0,3.3,276.1,,1
2031,2026-05-13 21:32:30,29.0,73.0,5.0,298.3,,1
2032,2026-05-13 21:32:56,29.0,73.0,4.7,314.0,,1
2033,2026-05-13 21:33:21,28.9,73.0,4.8,315.8,,1
2034,2026-05-13 21:34:09,28.7,72.7,4.5,312.3,,1
2035,2026-05-13 21:34:38,28.8,72.7,3.6,286.8,,1
2036,2026-05-13 21:35:32,28.8,72.9,2.9,296.6,,1
2037,2026-05-13 21:36:26,28.6,72.9,1.5,295.7,,1
2038,2026-05-13 21:36:49,28.5,72.6,2.8,319.6,,1
2039,2026-05-13 21:37:10,28.3,72.3,2.1,292.6,,1
2040,2026-05-13 21:37:47,28.3,72.5,1.1,298.9,,1
2041,2026-05-13 21:38:46,28.3,72.5,1.8,289.2,,1
2042,2026-05-13 21:39:29,28.4,72.3,3.1,306.5,,1
2043,2026-05-13 21:40:27,28.2,72.1,3.0,314.1,,1
2044,2026-05-13 21:40:50,28.2,72.0,3.5,304.9,,1
2045,2026-05-13 21:41:39,28.1,71.7,1.3,286.3,,1
2046,2026-05-13 21:42:00,28.0,72.5,2.2,275.4,,1
2047,2026-05-13 21:42:26,28.0,72.6,3.6,295.2,,1
2048,2026-05-13 21:43:15,28.1,72.2,4.3,286.5,,1
2049,2026-05-13 21:43:37,28.0,72.5,3.0,289.0,,1
2050,2026-05-13 21:44:08,27.9,72.3,3.8,274.6,,1
2051,2026-05-13 21:44:50,28.1,72.4,2.5,268.8,,1
2052,2026-05-13 21:45:19,28.3,72.0,3.7,264.6,,1
2053,2026-05-13 21:46:09,28.2,72.5,4.1,280.1,,1
2054,2026-05-13 21:47:02,28.1,72.7,4.7,285.5,,1
2055,2026-05-13 21:47:50,27.9,72.8,3.1,303.3,,1
2056,2026-05-13 21:48:26,28.0,72.6,4.5,290.0,,1
2057,2026-05-13 21:49:26,28.2,72.4,2.3,293.2,,1
2058,2026-05-13 21:50:06,28.4,72.3,1.6,284.9,,1
2059,2026-05-13 21:50:51,28.5,71.8,1.0,288.3,,1
2060,2026-05-13 21:51:36,28.4,72.2,2.3,274.6,,1
2061,2026-05-13 21:52:35,28.4,72.0,3.7,266.3,,1
2062,2026-05-13 21:52:58,28.2,72.8,1.4,286.9,,1
2063,2026-05-13 21:53:21,28.4,72.7,3.3,286.7,,1
2064,2026-05-13 21:54:02,28.3,72.3,4.3,297.8,,1
2065,2026-05-13 21:54:36,28.2,72.6,2.9,303.2,,1
2066,2026-05-13 21:55:11,28.1,73.1,2.9,285.3,,1
2067,2026-05-13 21:55:42,28.0,72.9,1.0,297.8,,1
2068,2026-05-13 21:56:23,27.9,72.7,1.0,287.2,,1
2069,2026-05-13 21:56:43,27.8,72.8,1.0,285.2,,1
2070,2026-05-13 21:57:33,27.9,72.3,2.4,272.0,,1
2071,2026-05-13 21:58:32,28.0,71.9,1.4,260.2,,1
2072,2026-05-13 21:58:59,28.1,72.3,2.7,278.0,,1
2073,2026-05-13 21:59:40,27.9,72.8,1.0,283.1,,1
2074,2026-05-13 22:00:06,27.8,73.3,1.0,296.8,,1
2075,2026-05-13 22:00:41,27.8,73.4,2.1,281.3,,1
2076,2026-05-13 22:01:39,27.9,73.5,2.8,295.6,,1
2077,2026-05-13 22:02:35,28.0,73.2,2.4,303.7,,1
2078,2026-05-13 22:03:11,28.0,73.0,1.7,291.1,,1
2079,2026-05-13 22:04:09,27.9,72.7,1.1,280.4,,1
2080,2026-05-13 22:04:37,27.8,73.1,1.8,264.7,,1
2081,2026-05-13 22:05:24,27.9,73.2,1.3,252.5,,1
2082,2026-05-13 22:06:02,28.1,72.8,2.6,274.2,,1
2083,2026-05-13 22:06:49,28.0,73.2,3.5,292.4,,1
2084,2026-05-13 22:07:46,28.0,73.0,2.0,280.0,,1
2085,2026-05-13 22:08:45,28.0,72.6,2.5,272.3,,1
2086,2026-05-13 22:09:29,28.2,72.9,1.0,268.6,,1
2087,2026-05-13 22:10:14,28.2,73.1,2.5,247.2,,1
2088,2026-05-13 22:11:04,28.3,73.0,3.7,276.3,,1
2089,2026-05-13 22:11:47,28.4,73.0,3.4,274.4,,1
2090,2026-05-13 22:12:08,28.6,72.6,5.0,271.8,,1
2091,2026-05-13 22:13:06,28.5,72.8,5.0,295.3,,1
2092,2026-05-13 22:13:31,28.4,72.5,3.3,276.2,,1
2093,2026-05-13 22:14:02,28.5,72.2,3.9,297.0,,1
2094,2026-05-13 22:14:39,28.6,72.5,3.0,289.3,,1
2095,2026-05-13 22:15:22,28.7,72.2,2.9,297.6,,1
2096,2026-05-13 22:16:02,28.7,72.2,1.5,298.3,,1
2097,2026-05-13 22:16:29,28.9,72.4,3.6,316.4,,1
2098,2026-05-13 22:17:16,28.9,72.1,5.0,311.3,,1
2099,2026-05-13 22:18:09,29.0,72.2,4.7,287.0,,1
2100,2026-05-13 22:18:55,29.1,72.0,3.2,269.8,,1
2101,2026-05-13 22:19:52,28.9,72.8,1.6,269.5,,1
2102,2026-05-13 22:20:30,29.0,72.5,3.7,267.1,,1
2103,2026-05-13 22:21:02,29.2,72.0,2.4,254.2,,1
2104,2026-05-13 22:21:34,29.1,71.7,2.4,278.1,,1
2105,2026-05-13 22:22:09,29.1,72.1,2.5,273.9,,1
2106,2026-05-13 22:22:33,29.0,71.9,1.2,288.6,,1
2107,2026-05-13 22:23:26,29.0,72.3,1.0,277.3,,1
2108,2026-05-13 22:24:26,28.8,72.4,1.8,269.5,,1
2109,2026-05-13 22:24:48,28.6,72.4,1.1,278.2,,1
2110,2026-05-13 22:25:25,28.6,72.3,1.3,288.7,,1
2111,2026-05-13 22:25:52,28.7,72.0,1.0,273.9,,1
2112,2026-05-13 22:26:38,28.7,71.7,3.0,279.8,,1
2113,2026-05-13 22:27:09,28.8,72.2,1.5,297.0,,1
2114,2026-05-13 22:27:56,28.8,72.4,1.2,309.2,,1
2115,2026-05-13 22:28:21,28.6,72.1,1.7,310.5,,1
2116,2026-05-13 22:29:04,28.7,71.6,1.8,288.6,,1
2117,2026-05-13 22:29:31,28.9,72.3,1.0,287.2,,1
2118,2026-05-13 22:30:28,28.9,72.4,1.0,288.5,,1
2119,2026-05-13 22:31:21,28.8,72.2,2.3,312.3,,1
2120,2026-05-13 22:32:05,28.6,72.7,3.2,302.7,,1
2121,2026-05-13 22:32:43,28.7,72.8,1.3,318.7,,1
2122,2026-05-13 22:33:33,28.8,72.6,1.0,316.5,,1
2123,2026-05-13 22:34:09,28.9,72.0,2.2,301.1,,1
2124,2026-05-13 22:34:49,29.0,72.0,1.0,287.7,,1
2125,2026-05-13 22:35:24,29.1,72.4,3.6,306.2,,1
2126,2026-05-13 22:36:05,29.0,72.1,2.4,296.2,,1
2127,2026-05-13 22:36:40,29.0,72.5,1.8,295.4,,1
2128,2026-05-13 22:37:08,28.8,72.3,1.0,305.7,,1
2129,2026-05-13 22:37:34,28.9,72.4,3.4,316.7,,1
2130,2026-05-13 22:38:19,29.0,72.3,4.5,293.4,,1
2131,2026-05-13 22:38:59,28.9,72.6,5.0,316.5,,1
2132,2026-05-13 22:39:21,28.7,72.4,5.0,314.7,,1
2133,2026-05-13 22:39:50,28.7,72.3,4.2,318.8,,1
2134,2026-05-13 22:40:21,28.7,72.3,5.0,316.6,,1
2135,2026-05-13 22:40:47,28.8,72.2,3.2,304.2,,1
2136,2026-05-13 22:41:43,28.8,72.8,4.7,311.8,,1
2137,2026-05-13 22:42:39,28.7,72.6,3.8,302.6,,1
2138,2026-05-13 22:43:16,28.6,72.7,2.0,313.0,,1
2139,2026-05-13 22:43:52,28.4,73.0,3.5,303.6,,1
2140,2026-05-13 22:44:28,28.4,73.2,5.0,315.8,,1
2141,2026-05-13 22:45:12,28.2,73.3,4.7,311.8,,1
2142,2026-05-13 22:45:59,28.2,73.0,5.0,315.3,,1
2143,2026-05-13 22:46:41,28.1,73.5,3.0,328.1,,1
2144,2026-05-13 22:47:23,28.1,73.2,1.9,324.7,,1
2145,2026-05-13 22:47:50,28.2,73.2,2.5,325.7,,1
2146,2026-05-13 22:48:37,28.3,73.4,1.0,302.7,,1
2147,2026-05-13 22:49:27,28.4,73.6,1.0,293.9,,1
2148,2026-05-13 22:50:21,28.3,74.1,1.6,280.6,,1
2149,2026-05-13 22:51:10,28.2,74.5,3.4,289.5,,1
2150,2026-05-13 22:51:36,28.1,74.3,1.9,290.9,,1
2151,2026-05-13 22:51:56,28.2,74.5,2.7,301.5,,1
2152,2026-05-13 22:52:53,28.2,74.1,4.6,308.7,,1
2153,2026-05-13 22:53:48,28.1,74.7,5.0,325.6,,1
2154,2026-05-13 22:54:45,28.0,74.7,2.9,302.1,,1
2155,2026-05-13 22:55:07,28.2,74.1,4.4,315.4,,1
2156,2026-05-13 22:55:54,28.1,74.1,5.0,302.0,,1
2157,2026-05-13 22:56:54,28.1,74.5,5.0,303.2,,1
2158,2026-05-13 22:57:27,27.9,74.9,5.0,316.1,,1
2159,2026-05-13 22:58:16,28.0,74.4,3.2,335.7,,1
2160,2026-05-13 22:59:05,27.9,74.1,1.7,331.5,,1
2161,2026-05-13 22:59:51,28.0,74.3,3.2,329.8,,1
2162,2026-05-13 23:00:31,28.1,74.4,4.8,325.0,,1
2163,2026-05-13 23:00:51,28.2,74.8,2.7,303.6,,1
2164,2026-05-13 23:01:37,28.4,75.2,3.2,308.6,,1
2165,2026-05-13 23:02:24,28.5,74.9,3.2,310.8,,1
2166,2026-05-13 23:03:03,28.6,74.8,3.5,288.6,,1
2167,2026-05-13 23:03:26,28.6,74.4,3.3,297.7,,1
2168,2026-05-13 23:04:04,28.6,74.7,3.5,279.2,,1
2169,2026-05-13 23:04:26,28.5,75.1,2.3,262.4,,1
2170,2026-05-13 23:05:25,28.5,75.1,2.5,263.3,,1
2171,2026-05-13 23:06:20,28.7,74.5,2.9,261.8,,1
2172,2026-05-13 23:07:20,28.5,74.4,1.0,258.4,,1
2173,2026-05-13 23:07:42,28.6,74.6,1.5,265.9,,1
2174,2026-05-13 23:08:21,28.5,75.2,3.1,288.6,,1
2175,2026-05-13 23:08:50,28.7,75.5,1.0,279.6,,1
2176,2026-05-13 23:09:39,28.7,75.2,1.6,284.5,,1
2177,2026-05-13 23:10:30,28.6,75.6,2.5,306.9,,1
2178,2026-05-13 23:11:16,28.8,75.4,3.4,319.1,,1
2179,2026-05-13 23:11:50,28.7,75.6,4.0,333.2,,1
2180,2026-05-13 23:12:36,28.7,76.0,5.0,322.0,,1
2181,2026-05-13 23:12:56,28.9,75.8,5.0,298.2,,1
2182,2026-05-13 23:13:23,28.7,76.1,4.1,303.1,,1
2183,2026-05-13 23:13:49,28.6,76.0,5.0,301.0,,1
2184,2026-05-13 23:14:42,28.8,76.2,5.0,303.6,,1
2185,2026-05-13 23:15:26,28.7,76.0,4.5,283.5,,1
2186,2026-05-13 23:16:11,28.9,76.3,5.0,299.7,,1
2187,2026-05-13 23:16:42,28.9,76.9,5.0,304.9,,1
2188,2026-05-13 23:17:26,28.8,77.2,5.0,289.0,,1
2189,2026-05-13 23:18:15,28.9,76.8,4.5,292.1,,1
2190,2026-05-13 23:19:02,29.1,76.5,2.8,305.2,,1
2191,2026-05-13 23:19:34,28.9,76.3,3.4,306.1,,1
2192,2026-05-13 23:20:10,28.8,75.9,2.2,299.9,,1
2193,2026-05-13 23:21:08,28.9,75.8,2.5,304.1,,1
2194,2026-05-13 23:22:07,28.8,76.2,3.0,284.2,,1
2195,2026-05-13 23:23:06,28.9,76.3,2.7,284.0,,1
2196,2026-05-13 23:23:30,29.0,76.3,3.7,268.8,,1
2197,2026-05-13 23:23:57,29.0,76.0,4.4,269.1,,1
2198,2026-05-13 23:24:28,28.9,76.2,3.2,259.2,,1
2199,2026-05-13 23:24:56,28.7,76.6,4.8,261.1,,1
2200,2026-05-13 23:25:48,28.9,76.3,5.0,271.5,,1
2201,2026-05-13 23:26:11,29.0,76.6,5.0,272.8,,1
2202,2026-05-13 23:27:09,28.8,76.6,3.4,256.6,,1
2203,2026-05-13 23:27:35,28.8,76.5,3.6,262.2,,1
2204,2026-05-13 23:28:29,28.6,76.3,2.6,285.0,,1
2205,2026-05-13 23:29:17,28.7,76.2,4.2,294.4,,1
2206,2026-05-13 23:29:56,28.8,76.4,3.8,276.0,,1
2207,2026-05-13 23:30:33,29.0,75.9,3.4,295.5,,1
2208,2026-05-13 23:31:11,28.9,76.2,5.0,292.1,,1
2209,2026-05-13 23:31:56,28.8,76.4,3.0,289.5,,1
2210,2026-05-13 23:32:48,28.9,76.1,3.3,299.8,,1
2211,2026-05-13 23:33:13,28.9,76.7,4.7,300.4,,1
2212,2026-05-13 23:33:45,28.8,76.3,3.7,295.5,,1
2213,2026-05-13 23:34:19,28.6,76.0,2.3,307.1,,1
2214,2026-05-13 23:34:59,28.6,76.4,2.7,302.4,,1
2215,2026-05-13 23:35:59,28.5,76.1,1.1,311.3,,1
2216,2026-05-13 23:36:23,28.5,75.8,3.2,319.2,,1
2217,2026-05-13 23:37:23,28.4,75.7,1.4,314.8,,1
2218,2026-05-13 23:38:04,28.3,75.9,1.0,318.7,,1
2219,2026-05-13 23:38:48,28.2,76.3,1.0,295.3,,1
2220,2026-05-13 23:39:44,28.1,76.9,3.6,306.1,,1
2221,2026-05-13 23:40:27,28.0,77.4,5.0,298.6,,1
2222,2026-05-13 23:41:22,27.9,77.9,5.0,298.3,,1
2223,2026-05-13 23:42:08,27.7,78.5,5.0,281.0,,1
2224,2026-05-13 23:42:41,27.6,78.7,4.2,280.4,,1
2225,2026-05-13 23:43:27,27.5,78.6,2.7,289.0,,1
2226,2026-05-13 23:44:16,27.4,79.0,3.9,281.0,,1
2227,2026-05-13 23:45:01,27.3,79.3,3.9,268.2,,1
2228,2026-05-13 23:45:49,27.2,79.5,4.8,263.6,,1
2229,2026-05-13 23:46:24,27.1,79.5,3.2,279.0,,1
2230,2026-05-13 23:47:00,27.3,79.5,3.8,275.0,,1
2231,2026-05-13 23:47:39,27.3,79.3,4.9,300.4,,1
2232,2026-05-13 23:48:39,27.5,79.3,5.0,309.6,,1
2233,2026-05-13 23:49:25,27.4,79.7,4.0,313.3,,1
2234,2026-05-13 23:50:18,27.5,79.2,3.3,300.3,,1
2235,2026-05-13 23:51:05,27.6,78.9,4.5,314.5,,1
2236,2026-05-13 23:52:04,27.5,79.2,5.0,321.5,,1
2237,2026-05-13 23:52:24,27.3,79.1,5.0,320.1,,1
2238,2026-05-13 23:53:00,27.4,78.5,3.5,323.5,,1
2239,2026-05-13 23:53:21,27.4,78.4,2.4,322.5,,1
2240,2026-05-13 23:54:15,27.6,78.5,3.7,321.9,,1
2241,2026-05-13 23:54:36,27.7,78.2,3.6,311.1,,1
2242,2026-05-13 23:55:04,27.6,77.8,4.3,302.4,,1
2243,2026-05-13 23:55:56,27.6,77.4,2.3,287.4,,1
2244,2026-05-13 23:56:48,27.6,77.3,3.9,295.1,,1
2245,2026-05-13 23:57:29,27.5,77.6,5.0,298.5,,1
2246,2026-05-13 23:57:51,27.6,77.5,3.7,279.7,,1
2247,2026-05-13 23:58:48,27.8,77.1,1.7,264.2,,1
2248,2026-05-13 23:59:21,27.8,76.8,1.0,266.8,,1
2249,2026-05-14 00:00:07,27.7,76.8,1.0,274.6,,1
2250,2026-05-14 00:00:46,27.6,77.3,2.6,271.2,,1
2251,2026-05-14 00:01:12,27.5,77.8,2.6,260.8,,1
2252,2026-05-14 00:02:02,27.6,77.3,1.0,281.1,,1
2253,2026-05-14 00:02:58,27.4,77.1,1.0,300.6,,1
2254,2026-05-14 00:03:31,27.5,76.9,1.0,303.9,,1
2255,2026-05-14 00:04:29,27.4,77.3,1.0,301.0,,1
2256,2026-05-14 00:05:07,27.5,77.7,3.1,305.0,,1
2257,2026-05-14 00:05:31,27.4,77.9,2.0,318.4,,1
2258,2026-05-14 00:06:04,27.5,77.7,3.5,325.2,,1
2259,2026-05-14 00:06:52,27.4,77.6,4.9,318.9,,1
2260,2026-05-14 00:07:43,27.4,77.6,4.2,318.6,,1
2261,2026-05-14 00:08:36,27.4,77.6,4.8,296.5,,1
2262,2026-05-14 00:09:06,27.4,77.5,5.0,294.4,,1
2263,2026-05-14 00:09:42,27.5,77.9,5.0,282.2,,1
2264,2026-05-14 00:10:29,27.6,78.0,2.4,308.4,,1
2265,2026-05-14 00:11:10,27.7,77.9,2.1,297.8,,1
2266,2026-05-14 00:11:58,27.7,78.0,3.0,305.6,,1
2267,2026-05-14 00:12:27,27.6,77.9,3.2,289.7,,1
2268,2026-05-14 00:13:07,27.5,78.3,4.1,298.0,,1
2269,2026-05-14 00:13:52,27.4,78.0,5.0,313.3,,1
2270,2026-05-14 00:14:24,27.3,78.4,5.0,286.0,,1
2271,2026-05-14 00:14:49,27.1,78.7,2.4,299.2,,1
2272,2026-05-14 00:15:15,27.0,78.4,2.3,285.0,,1
2273,2026-05-14 00:16:13,27.0,78.7,1.5,282.1,,1
2274,2026-05-14 00:17:02,27.0,78.5,3.1,292.9,,1
2275,2026-05-14 00:17:56,27.0,78.3,1.7,278.7,,1
2276,2026-05-14 00:18:49,27.0,78.2,1.0,278.6,,1
2277,2026-05-14 00:19:29,26.9,78.5,1.0,273.1,,1
2278,2026-05-14 00:20:26,26.8,78.2,1.0,256.4,,1
2279,2026-05-14 00:20:54,26.9,77.9,2.2,246.2,,1
2280,2026-05-14 00:21:29,26.9,77.9,3.4,276.3,,1
2281,2026-05-14 00:22:22,26.8,77.9,5.0,292.8,,1
2282,2026-05-14 00:23:12,26.9,77.9,5.0,300.1,,1
2283,2026-05-14 00:24:09,27.0,78.2,5.0,314.2,,1
2284,2026-05-14 00:25:00,27.1,77.7,3.1,300.9,,1
2285,2026-05-14 00:25:59,27.0,78.1,1.6,307.8,,1
2286,2026-05-14 00:26:49,27.1,77.9,1.0,281.2,,1
2287,2026-05-14 00:27:39,27.2,77.4,2.7,285.4,,1
2288,2026-05-14 00:28:25,27.1,77.4,4.0,286.4,,1
2289,2026-05-14 00:28:51,27.0,77.3,2.9,268.8,,1
2290,2026-05-14 00:29:25,27.1,77.3,4.4,273.5,,1
2291,2026-05-14 00:30:09,26.9,77.5,4.5,272.7,,1
2292,2026-05-14 00:30:45,26.7,77.5,4.5,271.4,,1
2293,2026-05-14 00:31:23,26.5,77.6,4.3,268.7,,1
2294,2026-05-14 00:32:07,26.3,77.6,2.4,273.9,,1
2295,2026-05-14 00:32:59,26.4,77.5,1.2,271.2,,1
2296,2026-05-14 00:33:25,26.5,77.6,2.7,284.5,,1
2297,2026-05-14 00:34:05,26.6,77.8,1.5,291.9,,1
2298,2026-05-14 00:34:59,26.7,77.9,1.9,285.3,,1
2299,2026-05-14 00:35:24,26.6,78.5,3.8,290.5,,1
2300,2026-05-14 00:35:44,26.7,78.6,2.5,299.9,,1
2301,2026-05-14 00:36:23,26.9,78.3,3.1,277.6,,1
2302,2026-05-14 00:37:13,26.7,78.7,2.5,262.2,,1
2303,2026-05-14 00:37:41,26.6,79.1,3.9,273.7,,1
2304,2026-05-14 00:38:08,26.8,78.6,2.3,287.3,,1
2305,2026-05-14 00:38:31,26.9,78.9,2.9,299.5,,1
2306,2026-05-14 00:39:25,27.1,78.7,3.4,312.1,,1
2307,2026-05-14 00:40:12,26.9,78.8,1.4,329.8,,1
2308,2026-05-14 00:41:12,26.9,78.7,1.7,322.0,,1
2309,2026-05-14 00:41:43,27.0,78.5,2.3,335.8,,1
2310,2026-05-14 00:42:19,27.0,78.9,2.8,324.2,,1
2311,2026-05-14 00:43:02,27.1,78.4,5.0,311.6,,1
2312,2026-05-14 00:43:50,27.0,78.1,4.4,300.9,,1
2313,2026-05-14 00:44:50,27.2,78.1,2.8,316.8,,1
2314,2026-05-14 00:45:24,27.2,78.3,3.1,294.4,,1
2315,2026-05-14 00:46:16,27.1,77.9,4.3,310.0,,1
2316,2026-05-14 00:46:41,27.2,77.8,5.0,303.8,,1
2317,2026-05-14 00:47:36,27.3,77.4,3.1,300.8,,1
2318,2026-05-14 00:48:15,27.4,77.3,3.3,307.8,,1
2319,2026-05-14 00:48:56,27.4,76.9,2.6,292.0,,1
2320,2026-05-14 00:49:39,27.5,77.0,2.4,278.4,,1
2321,2026-05-14 00:50:28,27.6,77.1,3.6,293.8,,1
2322,2026-05-14 00:50:52,27.4,76.9,2.1,308.3,,1
2323,2026-05-14 00:51:48,27.5,77.0,1.0,293.0,,1
2324,2026-05-14 00:52:23,27.5,77.1,1.0,284.6,,1
2325,2026-05-14 00:52:56,27.5,76.8,2.2,277.0,,1
2326,2026-05-14 00:53:27,27.7,76.3,1.8,272.8,,1
2327,2026-05-14 00:54:14,27.8,76.2,2.6,265.8,,1
2328,2026-05-14 00:54:53,27.8,76.4,2.2,280.8,,1
2329,2026-05-14 00:55:38,27.7,76.9,2.6,273.3,,1
2330,2026-05-14 00:56:21,27.6,77.4,2.3,265.5,,1
2331,2026-05-14 00:56:46,27.6,78.0,2.8,272.5,,1
2332,2026-05-14 00:57:16,27.4,78.1,1.8,264.8,,1
2333,2026-05-14 00:57:57,27.5,77.7,1.0,284.3,,1
2334,2026-05-14 00:58:51,27.4,77.4,1.0,304.1,,1
2335,2026-05-14 00:59:40,27.4,77.5,3.3,298.2,,1
2336,2026-05-14 01:00:13,27.3,77.2,3.5,309.9,,1
2337,2026-05-14 01:00:41,27.5,76.7,5.0,316.9,,1
2338,2026-05-14 01:01:20,27.4,76.4,3.7,330.5,,1
2339,2026-05-14 01:01:54,27.4,76.5,3.6,326.1,,1
2340,2026-05-14 01:02:51,27.5,76.6,2.5,311.9,,1
2341,2026-05-14 01:03:41,27.5,76.7,1.1,318.9,,1
2342,2026-05-14 01:04:19,27.6,76.2,1.9,314.1,,1
2343,2026-05-14 01:04:55,27.6,75.7,1.0,302.7,,1
2344,2026-05-14 01:05:26,27.5,76.0,1.1,321.4,,1
2345,2026-05-14 01:05:50,27.6,76.1,1.1,305.8,,1
2346,2026-05-14 01:06:47,27.5,75.8,1.0,317.2,,1
2347,2026-05-14 01:07:25,27.3,75.8,1.1,312.5,,1
2348,2026-05-14 01:07:51,27.4,75.6,1.0,294.3,,1
2349,2026-05-14 01:08:48,27.5,75.7,1.0,288.4,,1
2350,2026-05-14 01:09:29,27.5,76.0,3.2,296.8,,1
2351,2026-05-14 01:10:27,27.5,76.1,4.7,301.7,,1
2352,2026-05-14 01:11:15,27.4,76.3,4.0,302.0,,1
2353,2026-05-14 01:11:56,27.6,76.7,5.0,312.0,,1
2354,2026-05-14 01:12:28,27.7,76.9,3.9,297.9,,1
2355,2026-05-14 01:12:59,27.7,76.8,2.2,292.2,,1
2356,2026-05-14 01:13:46,27.9,77.0,2.9,307.6,,1
2357,2026-05-14 01:14:27,27.7,77.1,3.6,295.9,,1
2358,2026-05-14 01:15:21,27.7,77.0,1.5,291.3,,1
2359,2026-05-14 01:15:58,27.7,77.1,1.3,285.6,,1
2360,2026-05-14 01:16:57,27.8,76.6,3.6,303.8,,1
2361,2026-05-14 01:17:21,27.8,76.5,3.9,305.0,,1
2362,2026-05-14 01:18:16,27.8,76.7,2.5,305.4,,1
2363,2026-05-14 01:19:05,27.9,76.7,1.7,299.6,,1
2364,2026-05-14 01:19:33,27.9,76.2,1.0,293.8,,1
2365,2026-05-14 01:20:22,28.0,75.7,1.0,270.5,,1
2366,2026-05-14 01:21:16,27.9,75.4,3.0,273.8,,1
2367,2026-05-14 01:21:44,27.8,75.7,1.1,278.3,,1
2368,2026-05-14 01:22:28,27.9,75.5,1.0,299.9,,1
2369,2026-05-14 01:22:48,27.8,75.6,2.6,273.8,,1
2370,2026-05-14 01:23:28,27.7,75.4,2.3,297.9,,1
2371,2026-05-14 01:23:57,27.6,75.2,3.6,309.4,,1
2372,2026-05-14 01:24:37,27.6,75.1,3.9,288.1,,1
2373,2026-05-14 01:25:14,27.5,75.7,4.6,271.7,,1
2374,2026-05-14 01:25:38,27.4,75.5,2.9,260.2,,1
2375,2026-05-14 01:26:12,27.5,75.1,4.2,267.2,,1
2376,2026-05-14 01:27:03,27.7,75.2,4.9,271.9,,1
2377,2026-05-14 01:27:24,27.8,74.7,4.6,282.6,,1
2378,2026-05-14 01:28:19,28.0,74.8,5.0,291.6,,1
2379,2026-05-14 01:28:40,27.8,74.6,4.0,312.9,,1
2380,2026-05-14 01:29:08,27.7,75.1,3.3,333.9,,1
2381,2026-05-14 01:30:00,27.9,75.5,5.0,323.1,,1
2382,2026-05-14 01:30:59,27.8,75.8,5.0,318.1,,1
2383,2026-05-14 01:31:42,27.9,76.1,4.3,286.3,,1
2384,2026-05-14 01:32:18,28.1,75.6,5.0,264.8,,1
2385,2026-05-14 01:32:48,28.2,75.9,4.7,264.5,,1
2386,2026-05-14 01:33:31,28.1,75.8,5.0,275.2,,1
2387,2026-05-14 01:34:06,28.2,75.2,3.4,266.5,,1
2388,2026-05-14 01:34:37,28.2,75.1,2.7,265.1,,1
2389,2026-05-14 01:35:27,28.2,75.1,3.6,268.3,,1
2390,2026-05-14 01:36:03,28.3,74.9,5.0,258.8,,1
2391,2026-05-14 01:36:23,28.3,75.3,4.7,283.2,,1
2392,2026-05-14 01:36:47,28.3,75.2,5.0,286.5,,1
2393,2026-05-14 01:37:37,28.5,74.9,4.1,292.2,,1
2394,2026-05-14 01:38:12,28.3,75.3,5.0,294.4,,1
2395,2026-05-14 01:38:52,28.3,75.0,4.1,309.4,,1
2396,2026-05-14 01:39:14,28.4,75.4,4.2,283.6,,1
2397,2026-05-14 01:39:44,28.3,75.0,5.0,281.4,,1
2398,2026-05-14 01:40:37,28.3,74.7,5.0,284.8,,1
2399,2026-05-14 01:41:02,28.3,75.1,4.6,277.0,,1
2400,2026-05-14 01:41:44,28.4,74.5,2.6,262.0,,1
2401,2026-05-14 01:42:41,28.6,74.0,4.1,254.3,,1
2402,2026-05-14 01:43:28,28.5,74.1,3.8,239.5,,1
2403,2026-05-14 01:44:17,28.6,73.9,4.4,256.1,,1
2404,2026-05-14 01:45:03,28.4,74.3,3.5,265.9,,1
2405,2026-05-14 01:45:46,28.5,74.0,3.1,271.0,,1
2406,2026-05-14 01:46:24,28.7,73.5,5.0,266.4,,1
2407,2026-05-14 01:46:56,28.6,74.0,5.0,257.1,,1
2408,2026-05-14 01:47:18,28.7,74.1,5.0,248.6,,1
2409,2026-05-14 01:47:45,28.7,74.4,2.8,260.1,,1
2410,2026-05-14 01:48:33,28.7,74.1,4.4,266.8,,1
2411,2026-05-14 01:49:16,28.8,73.9,4.6,252.5,,1
2412,2026-05-14 01:49:45,28.7,74.2,2.7,245.5,,1
2413,2026-05-14 01:50:10,28.9,73.7,4.0,241.7,,1
2414,2026-05-14 01:50:38,29.1,73.4,3.7,256.3,,1
2415,2026-05-14 01:51:31,28.9,73.7,4.1,270.3,,1
2416,2026-05-14 01:52:09,28.9,73.8,3.2,260.5,,1
2417,2026-05-14 01:52:38,28.8,74.0,1.6,263.8,,1
2418,2026-05-14 01:53:33,28.7,74.4,1.5,274.1,,1
2419,2026-05-14 01:54:13,28.8,74.2,1.3,291.8,,1
2420,2026-05-14 01:54:55,28.6,74.7,1.0,269.4,,1
2421,2026-05-14 01:55:37,28.8,75.1,1.0,284.5,,1
2422,2026-05-14 01:56:15,28.9,75.2,1.0,300.1,,1
2423,2026-05-14 01:57:01,28.9,75.0,1.6,286.5,,1
2424,2026-05-14 01:57:47,28.8,75.4,1.0,277.6,,1
2425,2026-05-14 01:58:29,28.8,75.0,1.0,267.1,,1
2426,2026-05-14 01:58:56,28.9,75.3,2.4,272.9,,1
2427,2026-05-14 01:59:43,28.9,75.4,3.0,274.9,,1
2428,2026-05-14 02:00:08,28.8,75.3,3.5,296.0,,1
2429,2026-05-14 02:01:04,28.7,75.3,4.8,284.9,,1
2430,2026-05-14 02:01:55,28.7,75.0,5.0,280.5,,1
2431,2026-05-14 02:02:50,28.6,74.8,4.3,262.3,,1
2432,2026-05-14 02:03:25,28.5,75.0,4.7,254.2,,1
2433,2026-05-14 02:04:08,28.5,75.0,5.0,278.1,,1
2434,2026-05-14 02:04:42,28.3,74.8,5.0,263.6,,1
2435,2026-05-14 02:05:42,28.3,74.4,5.0,268.5,,1
2436,2026-05-14 02:06:32,28.2,74.5,5.0,262.9,,1
2437,2026-05-14 02:07:03,28.3,74.2,5.0,291.3,,1
2438,2026-05-14 02:07:54,28.3,74.4,4.0,293.9,,1
2439,2026-05-14 02:08:49,28.4,74.1,5.0,295.5,,1
2440,2026-05-14 02:09:37,28.3,73.9,5.0,315.0,,1
2441,2026-05-14 02:10:17,28.3,73.4,5.0,307.5,,1
2442,2026-05-14 02:10:46,28.4,73.1,3.5,303.2,,1
2443,2026-05-14 02:11:43,28.5,73.5,3.9,296.3,,1
2444,2026-05-14 02:12:06,28.3,73.8,3.3,272.6,,1
2445,2026-05-14 02:12:28,28.1,73.9,2.3,268.1,,1
2446,2026-05-14 02:12:58,28.3,73.6,1.7,264.3,,1
2447,2026-05-14 02:13:26,28.3,73.4,3.5,269.8,,1
2448,2026-05-14 02:13:48,28.2,73.6,3.9,267.3,,1
2449,2026-05-14 02:14:46,28.4,73.6,4.3,259.1,,1
2450,2026-05-14 02:15:27,28.3,74.1,4.6,266.0,,1
2451,2026-05-14 02:16:15,28.2,74.0,3.7,246.6,,1
2452,2026-05-14 02:17:15,28.2,74.3,2.4,243.4,,1
2453,2026-05-14 02:18:02,28.0,74.8,1.0,231.9,,1
2454,2026-05-14 02:18:40,28.0,75.0,1.0,240.8,,1
2455,2026-05-14 02:19:36,27.8,75.2,1.0,241.2,,1
2456,2026-05-14 02:20:02,27.9,75.0,1.4,247.8,,1
2457,2026-05-14 02:20:27,28.1,74.8,2.9,242.2,,1
2458,2026-05-14 02:21:12,28.0,75.2,4.8,253.7,,1
2459,2026-05-14 02:22:07,28.2,75.4,4.4,257.5,,1
2460,2026-05-14 02:22:33,28.0,75.1,5.0,255.3,,1
2461,2026-05-14 02:23:32,28.0,75.5,5.0,268.2,,1
2462,2026-05-14 02:24:08,28.0,75.4,3.0,263.4,,1
2463,2026-05-14 02:24:37,28.1,75.0,4.4,256.9,,1
2464,2026-05-14 02:25:20,28.2,75.3,4.7,273.5,,1
2465,2026-05-14 02:25:52,28.3,75.4,5.0,261.3,,1
2466,2026-05-14 02:26:37,28.4,75.1,3.8,259.4,,1
2467,2026-05-14 02:27:00,28.3,75.1,4.3,274.3,,1
2468,2026-05-14 02:27:52,28.4,74.9,2.2,264.5,,1
2469,2026-05-14 02:28:48,28.5,74.8,1.0,274.4,,1
2470,2026-05-14 02:29:30,28.5,75.2,1.0,252.1,,1
2471,2026-05-14 02:30:29,28.6,75.3,2.9,233.8,,1
2472,2026-05-14 02:31:14,28.4,75.7,2.6,232.7,,1
2473,2026-05-14 02:31:36,28.5,75.8,4.0,232.4,,1
2474,2026-05-14 02:32:15,28.6,75.6,4.2,264.8,,1
2475,2026-05-14 02:32:50,28.8,75.6,5.0,264.2,,1
2476,2026-05-14 02:33:16,28.7,75.2,4.2,274.3,,1
2477,2026-05-14 02:33:47,28.7,75.0,2.7,280.2,,1
2478,2026-05-14 02:34:18,28.7,74.8,1.9,283.1,,1
2479,2026-05-14 02:34:41,28.8,74.8,4.1,284.6,,1
2480,2026-05-14 02:35:06,28.7,74.9,2.2,303.1,,1
2481,2026-05-14 02:35:38,28.7,75.1,3.5,290.6,,1
2482,2026-05-14 02:35:59,28.8,75.2,3.3,282.3,,1
2483,2026-05-14 02:36:49,28.9,75.4,4.0,278.1,,1
2484,2026-05-14 02:37:18,29.1,75.5,3.6,290.9,,1
2485,2026-05-14 02:37:48,29.0,75.5,2.8,309.4,,1
2486,2026-05-14 02:38:09,28.9,75.6,3.0,318.1,,1
2487,2026-05-14 02:38:40,28.8,75.4,2.6,324.2,,1
2488,2026-05-14 02:39:05,28.9,75.5,4.1,318.7,,1
2489,2026-05-14 02:39:27,28.7,75.1,4.3,309.4,,1
2490,2026-05-14 02:39:50,28.7,75.2,2.3,288.3,,1
2491,2026-05-14 02:40:44,28.6,75.5,1.6,283.5,,1
2492,2026-05-14 02:41:19,28.7,75.2,2.5,275.9,,1
2493,2026-05-14 02:41:53,28.8,74.6,1.0,290.8,,1
2494,2026-05-14 02:42:47,29.0,74.1,1.8,276.2,,1
2495,2026-05-14 02:43:09,29.0,74.4,1.0,281.7,,1
2496,2026-05-14 02:43:59,28.9,74.2,3.2,298.7,,1
2497,2026-05-14 02:44:24,29.0,74.5,3.9,297.7,,1
2498,2026-05-14 02:45:04,28.9,74.8,3.2,288.8,,1
2499,2026-05-14 02:45:33,28.9,75.0,1.3,281.6,,1
2500,2026-05-14 02:46:04,29.0,75.1,1.0,281.5,,1
2501,2026-05-14 02:46:54,29.0,74.9,1.9,287.2,,1
2502,2026-05-14 02:47:36,28.9,74.9,1.3,299.9,,1
2503,2026-05-14 02:47:56,29.0,74.9,2.3,282.4,,1
2504,2026-05-14 02:48:37,28.8,74.6,3.5,268.2,,1
2505,2026-05-14 02:49:23,28.7,74.5,1.9,259.4,,1
2506,2026-05-14 02:49:54,28.9,74.2,1.0,269.2,,1
2507,2026-05-14 02:50:18,29.0,74.3,2.5,272.4,,1
2508,2026-05-14 02:50:38,28.9,73.9,2.6,276.6,,1
2509,2026-05-14 02:51:18,28.9,74.2,1.1,258.6,,1
2510,2026-05-14 02:52:01,28.8,74.2,1.8,249.5,,1
2511,2026-05-14 02:52:35,28.8,74.2,3.7,260.0,,1
2512,2026-05-14 02:53:15,28.9,74.3,2.5,272.8,,1
2513,2026-05-14 02:54:07,29.1,74.4,1.4,279.4,,1
2514,2026-05-14 02:55:02,29.0,74.4,1.1,280.4,,1
2515,2026-05-14 02:55:37,28.9,74.3,2.8,290.0,,1
2516,2026-05-14 02:56:07,28.7,74.0,2.0,289.1,,1
2517,2026-05-14 02:56:37,28.9,73.6,2.0,284.6,,1
2518,2026-05-14 02:56:57,28.7,74.0,1.3,300.2,,1
2519,2026-05-14 02:57:17,28.6,73.6,1.0,295.6,,1
2520,2026-05-14 02:58:16,28.8,73.3,1.0,292.0,,1
2521,2026-05-14 02:58:54,28.7,73.6,2.8,313.5,,1
2522,2026-05-14 02:59:19,28.6,73.7,5.0,317.8,,1
2523,2026-05-14 02:59:50,28.7,73.1,5.0,310.4,,1
2524,2026-05-14 03:00:29,28.8,73.3,4.1,298.1,,1
2525,2026-05-14 03:01:24,28.9,73.6,2.6,282.6,,1
2526,2026-05-14 03:01:58,29.1,73.4,2.7,299.7,,1
2527,2026-05-14 03:02:30,28.9,73.8,4.8,285.2,,1
2528,2026-05-14 03:03:09,28.8,74.2,3.6,287.7,,1
2529,2026-05-14 03:04:08,28.7,74.8,4.5,309.9,,1
2530,2026-05-14 03:04:41,28.7,74.4,4.8,294.2,,1
2531,2026-05-14 03:05:08,28.5,75.0,3.0,307.2,,1
2532,2026-05-14 03:06:02,28.6,75.1,4.6,284.7,,1
2533,2026-05-14 03:06:49,28.5,75.6,3.1,271.2,,1
2534,2026-05-14 03:07:28,28.5,75.6,5.0,269.1,,1
2535,2026-05-14 03:07:49,28.3,75.6,4.5,278.8,,1
2536,2026-05-14 03:08:42,28.3,75.3,2.9,301.8,,1
2537,2026-05-14 03:09:24,28.3,75.6,2.3,310.5,,1
2538,2026-05-14 03:10:11,28.1,75.9,4.4,327.8,,1
2539,2026-05-14 03:11:07,28.3,75.4,2.5,334.9,,1
2540,2026-05-14 03:11:41,28.1,75.9,4.6,326.6,,1
2541,2026-05-14 03:12:31,28.1,75.6,2.3,334.9,,1
2542,2026-05-14 03:13:05,28.2,75.9,2.7,336.5,,1
2543,2026-05-14 03:13:31,28.1,76.4,2.1,316.9,,1
2544,2026-05-14 03:14:31,28.0,76.3,3.1,295.6,,1
2545,2026-05-14 03:15:27,27.9,76.3,1.7,282.1,,1
2546,2026-05-14 03:15:47,27.8,76.2,3.2,292.4,,1
2547,2026-05-14 03:16:33,27.8,76.1,4.1,297.6,,1
2548,2026-05-14 03:17:07,27.8,76.2,3.1,312.4,,1
2549,2026-05-14 03:17:29,28.0,76.0,5.0,310.0,,1
2550,2026-05-14 03:18:16,27.9,76.1,5.0,293.4,,1
2551,2026-05-14 03:18:41,27.7,76.3,5.0,280.8,,1
2552,2026-05-14 03:19:08,27.9,76.3,3.8,274.3,,1
2553,2026-05-14 03:19:31,27.9,76.7,1.7,286.3,,1
2554,2026-05-14 03:19:59,27.9,76.3,1.5,284.9,,1
2555,2026-05-14 03:20:21,27.8,76.2,1.2,264.9,,1
2556,2026-05-14 03:20:43,27.9,76.0,1.1,271.1,,1
2557,2026-05-14 03:21:34,27.9,76.4,1.0,273.9,,1
2558,2026-05-14 03:22:12,27.8,76.2,1.8,264.1,,1
2559,2026-05-14 03:22:42,27.8,76.0,2.1,252.6,,1
2560,2026-05-14 03:23:41,27.8,75.7,1.2,260.5,,1
2561,2026-05-14 03:24:20,27.6,75.7,2.1,243.8,,1
2562,2026-05-14 03:25:14,27.5,75.7,2.2,248.9,,1
2563,2026-05-14 03:26:14,27.5,75.3,1.7,259.1,,1
2564,2026-05-14 03:27:02,27.7,75.4,1.0,257.8,,1
2565,2026-05-14 03:27:46,27.6,75.1,1.0,283.8,,1
2566,2026-05-14 03:28:37,27.5,74.9,2.2,280.9,,1
2567,2026-05-14 03:28:59,27.5,75.1,3.2,280.6,,1
2568,2026-05-14 03:29:38,27.7,74.9,3.6,268.3,,1
2569,2026-05-14 03:30:16,27.9,75.1,5.0,274.0,,1
2570,2026-05-14 03:30:47,27.8,75.3,4.8,275.5,,1
2571,2026-05-14 03:31:34,28.0,75.0,5.0,284.8,,1
2572,2026-05-14 03:32:08,27.9,75.1,5.0,261.3,,1
2573,2026-05-14 03:33:07,27.8,75.2,4.9,263.2,,1
2574,2026-05-14 03:34:05,27.7,75.6,3.7,248.3,,1
2575,2026-05-14 03:34:49,27.7,75.8,2.4,274.3,,1
2576,2026-05-14 03:35:27,27.9,75.7,3.1,287.2,,1
2577,2026-05-14 03:36:03,27.8,75.7,2.2,287.4,,1
2578,2026-05-14 03:36:45,27.7,75.8,2.7,276.7,,1
2579,2026-05-14 03:37:38,27.6,76.0,2.3,298.1,,1
2580,2026-05-14 03:38:30,27.5,75.7,2.6,298.8,,1
2581,2026-05-14 03:38:54,27.6,75.2,3.7,281.9,,1
2582,2026-05-14 03:39:26,27.6,75.5,3.7,270.3,,1
2583,2026-05-14 03:39:51,27.6,75.3,2.0,280.1,,1
2584,2026-05-14 03:40:25,27.6,75.2,3.6,269.7,,1
2585,2026-05-14 03:41:01,27.5,75.3,2.6,288.5,,1
2586,2026-05-14 03:41:48,27.4,75.5,1.1,295.1,,1
2587,2026-05-14 03:42:20,27.6,75.5,1.7,289.7,,1
2588,2026-05-14 03:42:56,27.4,75.8,3.3,301.2,,1
2589,2026-05-14 03:43:56,27.3,75.9,4.8,297.1,,1
2590,2026-05-14 03:44:55,27.1,76.5,4.5,293.1,,1
2591,2026-05-14 03:45:15,27.1,76.7,5.0,295.2,,1
2592,2026-05-14 03:46:12,27.1,76.5,5.0,285.4,,1
2593,2026-05-14 03:47:01,27.1,76.8,4.3,281.4,,1
2594,2026-05-14 03:47:32,26.9,76.6,4.4,292.9,,1
2595,2026-05-14 03:48:22,27.1,76.3,4.1,300.2,,1
2596,2026-05-14 03:49:06,27.2,76.6,4.0,281.8,,1
2597,2026-05-14 03:49:26,27.1,76.2,3.2,278.4,,1
2598,2026-05-14 03:50:04,27.1,76.0,3.2,292.4,,1
2599,2026-05-14 03:50:30,27.2,76.1,4.8,292.1,,1
2600,2026-05-14 03:51:18,27.2,75.8,2.6,273.5,,1
2601,2026-05-14 03:52:05,27.2,76.1,2.9,271.0,,1
2602,2026-05-14 03:52:27,27.2,76.4,1.4,267.2,,1
2603,2026-05-14 03:53:02,27.1,76.9,1.5,286.3,,1
2604,2026-05-14 03:53:36,27.3,76.6,2.3,300.8,,1
2605,2026-05-14 03:54:17,27.4,76.0,1.9,295.2,,1
2606,2026-05-14 03:54:54,27.6,75.6,2.0,277.7,,1
2607,2026-05-14 03:55:16,27.7,75.3,1.0,269.1,,1
2608,2026-05-14 03:55:59,27.7,75.1,1.4,255.5,,1
2609,2026-05-14 03:56:22,27.6,74.7,1.0,246.1,,1
2610,2026-05-14 03:56:48,27.5,74.8,1.5,253.4,,1
2611,2026-05-14 03:57:08,27.4,74.8,2.9,237.8,,1
2612,2026-05-14 03:57:28,27.4,74.7,2.9,260.5,,1
2613,2026-05-14 03:57:57,27.2,74.3,1.1,252.5,,1
2614,2026-05-14 03:58:33,27.2,74.6,3.3,239.8,,1
2615,2026-05-14 03:59:31,27.4,74.1,2.3,234.0,,1
2616,2026-05-14 04:00:04,27.2,74.7,1.1,264.0,,1
2617,2026-05-14 04:00:27,27.4,74.5,2.4,276.2,,1
2618,2026-05-14 04:01:02,27.2,74.5,2.8,287.1,,1
2619,2026-05-14 04:01:24,27.1,74.8,4.0,308.7,,1
2620,2026-05-14 04:01:49,27.2,75.1,3.8,320.9,,1
2621,2026-05-14 04:02:32,27.1,74.8,1.7,311.4,,1
2622,2026-05-14 04:02:55,27.2,74.6,2.6,324.6,,1
2623,2026-05-14 04:03:49,27.1,74.6,3.1,339.6,,1
2624,2026-05-14 04:04:16,27.3,74.6,1.7,350.2,,1
2625,2026-05-14 04:04:50,27.4,74.2,1.5,366.2,,1
2626,2026-05-14 04:05:15,27.4,74.2,1.0,353.7,,1
2627,2026-05-14 04:05:49,27.5,73.7,1.0,341.6,,1
2628,2026-05-14 04:06:26,27.6,73.3,1.0,343.2,,1
2629,2026-05-14 04:06:46,27.7,73.0,1.8,356.5,,1
2630,2026-05-14 04:07:33,27.5,72.7,1.2,375.5,,1
2631,2026-05-14 04:07:55,27.5,73.2,1.0,363.6,,1
2632,2026-05-14 04:08:52,27.7,72.9,1.0,376.4,,1
2633,2026-05-14 04:09:15,27.5,72.8,2.6,361.2,,1
2634,2026-05-14 04:09:50,27.6,72.9,2.8,363.6,,1
2635,2026-05-14 04:10:38,27.7,73.3,1.6,349.8,,1
2636,2026-05-14 04:11:06,27.7,73.6,3.9,361.2,,1
2637,2026-05-14 04:11:35,27.6,73.9,3.0,384.3,,1
2638,2026-05-14 04:12:35,27.8,73.7,4.5,397.7,,1
2639,2026-05-14 04:13:13,27.6,73.9,5.0,397.1,,1
2640,2026-05-14 04:13:44,27.6,73.7,3.1,390.2,,1
2641,2026-05-14 04:14:43,27.7,73.3,4.5,396.2,,1
2642,2026-05-14 04:15:43,27.8,72.8,3.0,371.9,,1
2643,2026-05-14 04:16:26,28.0,72.3,2.4,377.8,,1
2644,2026-05-14 04:17:00,28.1,72.5,3.6,386.2,,1
2645,2026-05-14 04:17:49,28.0,72.6,2.2,398.2,,1
2646,2026-05-14 04:18:38,27.9,73.1,1.0,392.6,,1
2647,2026-05-14 04:19:18,27.9,73.5,2.9,395.9,,1
2648,2026-05-14 04:20:17,27.9,73.8,5.0,396.0,,1
2649,2026-05-14 04:21:06,27.9,73.9,4.9,368.6,,1
2650,2026-05-14 04:21:48,27.9,74.0,4.5,366.6,,1
2651,2026-05-14 04:22:37,28.0,73.5,3.2,372.6,,1
2652,2026-05-14 04:23:27,27.9,73.3,5.0,368.7,,1
2653,2026-05-14 04:23:48,28.0,72.8,5.0,363.4,,1
2654,2026-05-14 04:24:21,28.1,73.0,5.0,344.8,,1
2655,2026-05-14 04:24:54,28.0,72.9,3.8,369.3,,1
2656,2026-05-14 04:25:54,28.0,73.3,5.0,352.2,,1
2657,2026-05-14 04:26:22,28.0,73.7,3.6,365.8,,1
2658,2026-05-14 04:26:44,27.8,73.5,3.7,349.3,,1
2659,2026-05-14 04:27:33,27.9,73.7,2.1,376.8,,1
2660,2026-05-14 04:28:00,28.0,73.6,3.7,389.8,,1
2661,2026-05-14 04:28:26,28.1,73.7,4.1,378.0,,1
2662,2026-05-14 04:29:25,28.0,74.1,5.0,368.4,,1
2663,2026-05-14 04:30:21,28.1,73.6,3.5,378.1,,1
2664,2026-05-14 04:31:17,28.3,73.9,3.2,368.3,,1
2665,2026-05-14 04:31:44,28.3,74.0,2.6,388.6,,1
2666,2026-05-14 04:32:19,28.2,74.2,3.9,389.2,,1
2667,2026-05-14 04:32:41,28.3,73.7,3.0,380.2,,1
2668,2026-05-14 04:33:14,28.4,73.7,3.5,372.2,,1
2669,2026-05-14 04:34:00,28.4,73.7,3.9,373.7,,1
2670,2026-05-14 04:34:53,28.6,73.2,5.0,369.2,,1
2671,2026-05-14 04:35:21,28.5,73.6,3.3,380.3,,1
2672,2026-05-14 04:36:00,28.5,73.1,5.0,371.6,,1
2673,2026-05-14 04:36:25,28.4,73.4,5.0,391.8,,1
2674,2026-05-14 04:36:57,28.3,73.4,5.0,381.9,,1
2675,2026-05-14 04:37:20,28.1,73.8,3.4,386.1,,1
2676,2026-05-14 04:38:09,28.2,73.3,2.3,366.3,,1
2677,2026-05-14 04:38:29,28.2,73.2,2.8,359.3,,1
2678,2026-05-14 04:39:26,28.3,73.4,4.9,354.6,,1
2679,2026-05-14 04:40:00,28.2,73.2,3.1,358.3,,1
2680,2026-05-14 04:40:32,28.2,72.9,4.5,354.4,,1
2681,2026-05-14 04:41:13,28.4,73.2,5.0,345.1,,1
2682,2026-05-14 04:41:57,28.3,73.5,5.0,365.7,,1
2683,2026-05-14 04:42:32,28.3,73.8,5.0,370.8,,1
2684,2026-05-14 04:42:56,28.1,73.8,5.0,377.1,,1
2685,2026-05-14 04:43:27,27.9,74.2,3.7,363.2,,1
2686,2026-05-14 04:43:54,28.0,73.6,3.3,379.7,,1
2687,2026-05-14 04:44:16,28.1,73.6,4.4,368.4,,1
2688,2026-05-14 04:44:49,28.1,73.4,4.9,387.5,,1
2689,2026-05-14 04:45:31,27.9,73.5,4.8,401.1,,1
2690,2026-05-14 04:46:00,28.0,73.5,3.8,407.8,,1
2691,2026-05-14 04:46:59,28.1,73.1,2.9,386.4,,1
2692,2026-05-14 04:47:43,28.0,73.1,3.1,374.6,,1
2693,2026-05-14 04:48:42,27.8,72.8,5.0,373.2,,1
2694,2026-05-14 04:49:20,27.8,72.6,5.0,362.2,,1
2695,2026-05-14 04:50:08,27.6,72.6,3.6,366.8,,1
2696,2026-05-14 04:51:00,27.7,72.5,4.8,358.6,,1
2697,2026-05-14 04:51:49,27.7,72.4,3.8,363.5,,1
2698,2026-05-14 04:52:15,27.8,72.0,3.0,387.3,,1
2699,2026-05-14 04:52:44,27.9,71.8,1.5,391.2,,1
2700,2026-05-14 04:53:42,27.8,72.1,2.6,386.8,,1
2701,2026-05-14 04:54:38,27.9,71.7,1.9,381.5,,1
2702,2026-05-14 04:55:38,28.0,71.2,1.0,372.4,,1
2703,2026-05-14 04:56:20,28.1,71.4,1.0,363.5,,1
2704,2026-05-14 04:57:18,28.2,71.4,2.3,358.9,,1
2705,2026-05-14 04:57:45,28.3,71.5,2.0,363.8,,1
2706,2026-05-14 04:58:37,28.3,71.6,2.0,360.1,,1
2707,2026-05-14 04:59:16,28.3,71.9,3.0,372.9,,1
2708,2026-05-14 04:59:59,28.1,72.3,5.0,349.8,,1
2709,2026-05-14 05:00:40,28.1,71.9,5.2,373.6,,1
2710,2026-05-14 05:01:33,28.1,72.2,7.0,382.0,,1
2711,2026-05-14 05:02:10,28.0,72.3,4.3,358.3,,1
2712,2026-05-14 05:02:56,28.0,72.6,4.8,373.4,,1
2713,2026-05-14 05:03:43,28.1,72.2,3.9,372.2,,1
2714,2026-05-14 05:04:14,28.2,72.4,6.0,384.7,,1
2715,2026-05-14 05:04:50,28.1,73.0,4.3,393.5,,1
2716,2026-05-14 05:05:18,28.3,72.4,4.9,367.2,,1
2717,2026-05-14 05:06:00,28.3,72.5,6.1,375.9,,1
2718,2026-05-14 05:06:37,28.3,72.6,4.0,381.0,,1
2719,2026-05-14 05:07:05,28.4,72.2,5.1,381.6,,1
2720,2026-05-14 05:08:02,28.5,71.8,4.9,368.9,,1
2721,2026-05-14 05:08:49,28.5,72.1,2.8,375.1,,1
2722,2026-05-14 05:09:24,28.7,71.9,2.0,372.7,,1
2723,2026-05-14 05:09:57,28.8,71.9,4.3,376.8,,1
2724,2026-05-14 05:10:19,28.7,72.0,5.7,394.3,,1
2725,2026-05-14 05:11:16,28.8,72.2,3.5,371.4,,1
2726,2026-05-14 05:11:58,28.7,72.2,2.0,377.7,,1
2727,2026-05-14 05:12:54,28.5,72.7,2.7,393.4,,1
2728,2026-05-14 05:13:50,28.5,72.7,3.9,401.7,,1
2729,2026-05-14 05:14:14,28.4,72.4,4.7,389.2,,1
2730,2026-05-14 05:14:50,28.6,72.3,4.0,392.2,,1
2731,2026-05-14 05:15:13,28.4,72.0,4.1,389.9,,1
2732,2026-05-14 05:15:46,28.5,71.5,4.9,406.4,,1
2733,2026-05-14 05:16:29,28.4,71.4,2.9,397.0,,1
2734,2026-05-14 05:16:57,28.5,70.8,3.1,392.3,,1
2735,2026-05-14 05:17:54,28.7,70.7,3.9,399.6,,1
2736,2026-05-14 05:18:28,28.5,70.7,4.2,381.2,,1
2737,2026-05-14 05:19:22,28.3,70.5,2.7,374.3,,1
2738,2026-05-14 05:19:44,28.4,70.5,3.8,392.5,,1
2739,2026-05-14 05:20:28,28.3,71.0,2.5,370.2,,1
2740,2026-05-14 05:21:00,28.3,70.7,3.4,364.7,,1
2741,2026-05-14 05:21:39,28.4,70.9,2.6,359.5,,1
2742,2026-05-14 05:22:27,28.3,71.3,5.2,365.6,,1
2743,2026-05-14 05:22:56,28.3,71.4,5.4,374.1,,1
2744,2026-05-14 05:23:47,28.2,71.8,3.7,359.4,,1
2745,2026-05-14 05:24:20,28.2,71.4,3.4,354.3,,1
2746,2026-05-14 05:25:10,28.1,71.6,2.8,365.4,,1
2747,2026-05-14 05:25:44,28.2,71.4,2.4,373.0,,1
2748,2026-05-14 05:26:40,28.0,71.1,1.4,370.3,,1
2749,2026-05-14 05:27:34,27.8,70.8,3.8,364.4,,1
2750,2026-05-14 05:28:16,27.8,70.6,5.3,378.6,,1
2751,2026-05-14 05:29:05,27.7,71.1,6.1,357.4,,1
2752,2026-05-14 05:29:25,27.9,71.4,6.4,360.4,,1
2753,2026-05-14 05:30:05,28.1,71.3,6.5,346.0,,1
2754,2026-05-14 05:30:56,28.0,71.7,7.7,360.1,,1
2755,2026-05-14 05:31:42,28.2,71.2,6.0,373.4,,1
2756,2026-05-14 05:32:27,28.3,71.4,3.7,389.6,,1
2757,2026-05-14 05:33:05,28.3,71.7,4.1,390.8,,1
2758,2026-05-14 05:33:57,28.4,71.5,4.0,373.0,,1
2759,2026-05-14 05:34:37,28.6,71.9,3.3,382.0,,1
2760,2026-05-14 05:35:26,28.6,72.1,4.2,367.8,,1
2761,2026-05-14 05:35:52,28.5,72.0,4.1,359.0,,1
2762,2026-05-14 05:36:51,28.4,72.0,2.9,360.3,,1
2763,2026-05-14 05:37:31,28.4,71.9,2.2,351.4,,1
2764,2026-05-14 05:37:51,28.4,71.7,4.2,358.5,,1
2765,2026-05-14 05:38:32,28.2,72.0,6.3,356.3,,1
2766,2026-05-14 05:39:20,28.2,72.2,4.5,370.0,,1
2767,2026-05-14 05:39:46,28.1,71.9,6.4,363.6,,1
2768,2026-05-14 05:40:10,28.1,72.3,8.0,350.9,,1
2769,2026-05-14 05:41:03,28.2,72.1,6.4,345.7,,1
2770,2026-05-14 05:41:49,28.3,71.9,5.7,347.4,,1
2771,2026-05-14 05:42:27,28.4,71.9,4.7,337.2,,1
2772,2026-05-14 05:43:07,28.2,72.3,5.8,356.1,,1
2773,2026-05-14 05:43:57,28.4,72.5,6.2,358.8,,1
2774,2026-05-14 05:44:39,28.2,72.5,3.8,364.0,,1
2775,2026-05-14 05:45:19,28.1,72.5,3.6,362.6,,1
2776,2026-05-14 05:45:46,27.9,72.7,5.1,372.1,,1
2777,2026-05-14 05:46:10,27.8,73.0,3.5,378.3,,1
2778,2026-05-14 05:46:56,27.7,73.2,3.4,383.1,,1
2779,2026-05-14 05:47:25,27.8,73.5,4.8,370.7,,1
2780,2026-05-14 05:48:15,27.6,74.0,2.9,367.7,,1
2781,2026-05-14 05:48:40,27.6,74.0,3.2,354.2,,1
2782,2026-05-14 05:49:19,27.7,73.8,1.2,375.1,,1
2783,2026-05-14 05:50:04,27.7,74.0,3.1,361.3,,1
2784,2026-05-14 05:50:52,27.8,74.2,3.7,380.2,,1
2785,2026-05-14 05:51:24,27.6,74.8,4.6,391.3,,1
2786,2026-05-14 05:52:24,27.8,74.4,5.0,397.9,,1
2787,2026-05-14 05:53:02,27.9,73.9,3.3,401.9,,1
2788,2026-05-14 05:53:33,28.1,73.9,2.9,396.5,,1
2789,2026-05-14 05:53:57,28.2,73.4,3.5,397.0,,1
2790,2026-05-14 05:54:35,28.2,73.7,5.1,401.3,,1
2791,2026-05-14 05:54:59,28.1,73.4,5.2,380.9,,1
2792,2026-05-14 05:55:34,27.9,74.0,6.4,355.3,,1
2793,2026-05-14 05:56:01,27.9,73.8,6.0,359.0,,1
2794,2026-05-14 05:56:57,28.1,73.6,4.6,350.5,,1
2795,2026-05-14 05:57:17,28.1,73.3,5.4,367.8,,1
2796,2026-05-14 05:58:17,28.0,73.6,6.0,375.7,,1
2797,2026-05-14 05:59:01,27.9,73.2,6.7,368.6,,1
2798,2026-05-14 05:59:38,28.0,73.3,4.8,364.0,,1
2799,2026-05-14 06:00:15,28.0,73.0,3.9,370.4,,1
2800,2026-05-14 06:00:46,28.1,73.2,1.9,358.5,,1
2801,2026-05-14 06:01:15,28.0,73.0,2.6,350.2,,1
2802,2026-05-14 06:02:05,28.1,72.8,3.4,361.8,,1
2803,2026-05-14 06:02:43,27.9,72.5,3.2,350.4,,1
2804,2026-05-14 06:03:08,27.9,72.4,2.7,358.1,,1
2805,2026-05-14 06:03:42,27.9,72.3,4.1,346.0,,1
2806,2026-05-14 06:04:14,27.9,72.0,4.4,353.2,,1
2807,2026-05-14 06:05:07,27.8,72.1,3.7,345.0,,1
2808,2026-05-14 06:05:45,27.9,71.6,2.5,350.5,,1
2809,2026-05-14 06:06:13,27.9,71.4,1.7,355.4,,1
2810,2026-05-14 06:06:45,28.1,71.5,1.8,353.1,,1
2811,2026-05-14 06:07:15,28.1,71.1,2.3,360.9,,1
2812,2026-05-14 06:07:36,28.3,70.8,1.5,345.6,,1
2813,2026-05-14 06:08:01,28.4,70.8,1.0,332.9,,1
2814,2026-05-14 06:08:35,28.5,70.9,1.5,333.9,,1
2815,2026-05-14 06:09:04,28.4,70.8,1.0,343.7,,1
2816,2026-05-14 06:09:47,28.3,70.7,2.7,349.7,,1
2817,2026-05-14 06:10:22,28.3,70.1,2.1,362.0,,1
2818,2026-05-14 06:10:48,28.4,70.1,2.2,361.0,,1
2819,2026-05-14 06:11:23,28.2,70.7,4.2,358.2,,1
2820,2026-05-14 06:11:53,28.0,70.5,4.8,379.5,,1
2821,2026-05-14 06:12:50,27.9,70.2,4.1,355.8,,1
2822,2026-05-14 06:13:44,28.1,69.7,3.6,368.3,,1
2823,2026-05-14 06:14:37,28.1,70.5,5.3,386.6,,1
2824,2026-05-14 06:15:02,28.1,70.8,5.3,380.3,,1
2825,2026-05-14 06:15:35,28.2,71.0,5.1,373.5,,1
2826,2026-05-14 06:16:01,28.3,70.8,4.9,382.1,,1
2827,2026-05-14 06:16:22,28.2,70.8,3.4,362.5,,1
2828,2026-05-14 06:16:47,28.3,70.3,5.7,350.0,,1
2829,2026-05-14 06:17:41,28.2,70.4,4.6,348.7,,1
2830,2026-05-14 06:18:38,28.3,70.3,3.5,352.6,,1
2831,2026-05-14 06:19:22,28.3,70.0,3.5,359.5,,1
2832,2026-05-14 06:20:18,28.5,70.3,2.8,363.8,,1
2833,2026-05-14 06:20:52,28.5,69.8,3.2,354.8,,1
2834,2026-05-14 06:21:20,28.6,70.2,4.6,341.5,,1
2835,2026-05-14 06:21:44,28.5,69.9,4.3,335.2,,1
2836,2026-05-14 06:22:05,28.7,70.6,2.3,331.4,,1
2837,2026-05-14 06:22:41,28.5,70.8,4.0,341.9,,1
2838,2026-05-14 06:23:22,28.5,70.9,2.9,341.8,,1
2839,2026-05-14 06:23:59,28.6,70.4,3.3,355.9,,1
2840,2026-05-14 06:24:49,28.5,71.0,4.5,352.9,,1
2841,2026-05-14 06:25:17,28.5,70.8,4.8,361.1,,1
2842,2026-05-14 06:25:45,28.4,70.7,6.5,366.4,,1
2843,2026-05-14 06:26:20,28.5,71.0,4.8,369.4,,1
2844,2026-05-14 06:26:51,28.6,71.2,4.1,379.6,,1
2845,2026-05-14 06:27:37,28.8,71.1,3.6,362.4,,1
2846,2026-05-14 06:27:58,28.6,71.7,4.3,364.5,,1
2847,2026-05-14 06:28:25,28.5,71.7,4.7,348.1,,1
2848,2026-05-14 06:29:12,28.5,71.4,4.7,364.4,,1
2849,2026-05-14 06:29:42,28.5,71.9,6.2,358.3,,1
2850,2026-05-14 06:30:23,28.4,71.9,5.4,355.7,,1
2851,2026-05-14 06:30:45,28.5,72.3,7.0,338.4,,1
2852,2026-05-14 06:31:17,28.5,72.9,5.8,325.9,,1
2853,2026-05-14 06:31:42,28.3,72.7,6.0,311.6,,1
2854,2026-05-14 06:32:39,28.2,72.9,7.1,313.1,,1
2855,2026-05-14 06:33:08,28.1,73.5,5.4,320.6,,1
2856,2026-05-14 06:33:32,27.9,73.5,7.2,309.3,,1
2857,2026-05-14 06:33:53,28.1,73.3,6.4,338.8,,1
2858,2026-05-14 06:34:36,27.9,73.4,7.4,327.6,,1
2859,2026-05-14 06:35:05,27.8,73.4,8.2,327.4,,1
2860,2026-05-14 06:36:01,27.7,73.3,8.7,322.3,,1
2861,2026-05-14 06:36:33,27.8,72.7,8.7,326.5,,1
2862,2026-05-14 06:37:33,27.8,73.0,8.7,342.3,,1
2863,2026-05-14 06:38:06,28.0,73.0,6.3,349.7,,1
2864,2026-05-14 06:38:35,27.8,72.7,5.1,333.4,,1
2865,2026-05-14 06:39:25,27.6,72.6,7.2,337.2,,1
2866,2026-05-14 06:40:22,27.7,72.7,5.3,355.0,,1
2867,2026-05-14 06:41:15,27.6,73.0,5.8,357.3,,1
2868,2026-05-14 06:41:50,27.6,72.8,4.2,358.0,,1
2869,2026-05-14 06:42:46,27.6,72.5,3.9,368.5,,1
2870,2026-05-14 06:43:29,27.5,72.4,1.6,379.8,,1
2871,2026-05-14 06:44:17,27.5,72.7,3.8,372.9,,1
2872,2026-05-14 06:44:39,27.4,72.3,3.5,358.9,,1
2873,2026-05-14 06:44:59,27.4,72.0,3.9,362.8,,1
2874,2026-05-14 06:45:41,27.2,72.3,5.3,346.2,,1
2875,2026-05-14 06:46:26,27.3,71.9,3.5,368.2,,1
2876,2026-05-14 06:46:55,27.4,71.7,3.1,358.4,,1
2877,2026-05-14 06:47:29,27.2,72.2,2.6,363.6,,1
2878,2026-05-14 06:48:11,27.4,72.4,2.2,355.1,,1
2879,2026-05-14 06:48:34,27.2,73.0,1.0,348.0,,1
2880,2026-05-14 06:49:14,27.4,72.6,2.9,350.2,,1
2881,2026-05-14 06:49:40,27.3,73.1,4.4,328.5,,1
2882,2026-05-14 06:50:38,27.4,72.7,2.8,336.9,,1
2883,2026-05-14 06:51:11,27.3,73.3,4.6,360.1,,1
2884,2026-05-14 06:52:04,27.5,73.1,4.6,363.2,,1
2885,2026-05-14 06:52:51,27.5,73.2,4.3,365.5,,1
2886,2026-05-14 06:53:11,27.3,73.5,5.6,347.6,,1
2887,2026-05-14 06:53:40,27.1,73.2,5.5,338.2,,1
2888,2026-05-14 06:54:33,27.1,72.9,6.1,327.5,,1
2889,2026-05-14 06:55:28,26.9,73.5,5.0,323.8,,1
2890,2026-05-14 06:56:10,27.1,73.6,6.8,355.0,,1
2891,2026-05-14 06:56:58,27.0,73.9,4.9,364.7,,1
2892,2026-05-14 06:57:48,27.1,73.9,2.9,358.6,,1
2893,2026-05-14 06:58:13,27.2,74.0,2.6,345.4,,1
2894,2026-05-14 06:59:05,27.0,74.5,4.6,373.2,,1
2895,2026-05-14 06:59:34,27.0,74.4,5.9,367.3,,1
2896,2026-05-14 07:00:02,27.3,73.8,16.6,413.7,,1
2897,2026-05-14 07:00:43,27.4,73.1,31.3,414.4,,1
2898,2026-05-14 07:01:25,27.5,72.7,41.1,425.0,,1
2899,2026-05-14 07:02:04,27.6,71.8,47.3,448.9,,1
2900,2026-05-14 07:02:46,27.7,71.4,55.7,447.4,,1
2901,2026-05-14 07:03:44,27.8,70.8,59.2,449.8,,1
2902,2026-05-14 07:04:09,28.0,70.2,66.1,455.7,,1
2903,2026-05-14 07:04:57,28.2,69.8,71.2,481.4,,1
2904,2026-05-14 07:05:34,28.3,70.2,70.7,491.7,,1
2905,2026-05-14 07:06:27,28.6,69.7,73.2,489.1,,1
2906,2026-05-14 07:06:55,28.8,69.5,72.2,3771.2,,1
2907,2026-05-14 07:07:16,29.0,69.4,74.2,2753.9,,1
2908,2026-05-14 07:08:06,29.2,69.7,72.9,3636.9,,1
2909,2026-05-14 07:08:46,29.3,69.9,70.2,2550.3,,1
2910,2026-05-14 07:09:40,29.5,69.6,72.4,3091.8,,1
2911,2026-05-14 07:10:38,29.7,69.7,75.2,3535.8,,1
2912,2026-05-14 07:11:38,29.9,70.0,74.4,3844.9,,1
2913,2026-05-14 07:12:29,30.1,70.2,74.9,3181.0,,1
2914,2026-05-14 07:13:21,30.3,69.4,75.5,2646.9,,1
2915,2026-05-14 07:14:20,30.5,69.4,75.8,2224.9,,1
2916,2026-05-14 07:14:46,30.6,68.8,76.5,1875.1,,1
2917,2026-05-14 07:15:31,30.8,68.8,74.5,2841.4,,1
2918,2026-05-14 07:16:12,31.0,68.6,71.4,2791.0,,1
2919,2026-05-14 07:16:55,31.2,68.5,75.1,3636.1,,1
2920,2026-05-14 07:17:55,31.3,68.4,72.7,3647.7,,1
2921,2026-05-14 07:18:23,31.4,67.9,71.8,3200.6,,1
2922,2026-05-14 07:18:47,31.5,67.3,74.7,3660.8,,1
2923,2026-05-14 07:19:13,31.6,67.5,75.2,3028.8,,1
2924,2026-05-14 07:19:55,31.7,67.0,72.5,2511.0,,1
2925,2026-05-14 07:20:24,31.8,66.6,71.7,2102.4,,1
2926,2026-05-14 07:21:08,31.9,66.6,72.7,1784.1,,1
2927,2026-05-14 07:21:43,32.2,66.1,75.7,1515.6,,1
2928,2026-05-14 07:22:28,32.2,66.3,74.6,1339.4,,1
2929,2026-05-14 07:22:54,32.1,66.0,72.0,1163.2,,1
2930,2026-05-14 07:23:33,32.2,66.1,71.7,1034.2,,1
2931,2026-05-14 07:23:55,32.3,66.5,74.0,901.2,,1
2932,2026-05-14 07:24:29,32.3,66.7,71.0,819.8,,1
2933,2026-05-14 07:25:25,32.3,66.4,74.7,3095.0,,1
2934,2026-05-14 07:25:51,32.3,67.0,74.1,3407.0,,1
2935,2026-05-14 07:26:40,32.2,66.9,78.1,2836.2,,1
2936,2026-05-14 07:27:22,32.2,67.2,77.4,3208.3,,1
2937,2026-05-14 07:28:11,32.2,67.6,78.9,3784.3,,1
2938,2026-05-14 07:28:39,32.3,67.8,74.1,2634.8,,1
2939,2026-05-14 07:29:19,32.2,67.7,74.1,3718.9,,1
2940,2026-05-14 07:29:50,32.1,67.6,73.0,3057.0,,1
2941,2026-05-14 07:30:18,32.3,67.9,72.8,2529.8,,1
2942,2026-05-14 07:30:59,32.4,67.8,71.9,2129.4,,1
2943,2026-05-14 07:31:26,32.4,68.0,74.1,1803.5,,1
2944,2026-05-14 07:32:09,32.2,68.3,71.4,1553.1,,1
2945,2026-05-14 07:33:07,32.2,68.4,71.7,1333.6,,1
2946,2026-05-14 07:34:02,32.3,68.7,76.3,1155.9,,1
2947,2026-05-14 07:34:26,32.3,68.3,73.1,1021.8,,1
2948,2026-05-14 07:34:55,32.5,67.8,70.6,898.3,,1
2949,2026-05-14 07:35:43,32.6,67.2,73.1,823.3,,1
2950,2026-05-14 07:36:08,32.7,66.9,77.9,3170.8,,1
2951,2026-05-14 07:36:34,32.6,67.4,74.8,2717.6,,1
2952,2026-05-14 07:37:18,32.5,67.9,77.6,3963.1,,1
2953,2026-05-14 07:38:08,32.7,67.5,78.1,3028.3,,1
2954,2026-05-14 07:38:56,32.8,67.0,74.2,2524.6,,1
2955,2026-05-14 07:39:48,32.9,67.3,76.5,2125.5,,1
2956,2026-05-14 07:40:32,32.9,67.1,74.6,1810.0,,1
2957,2026-05-14 07:41:11,33.0,67.3,69.8,2690.6,,1
2958,2026-05-14 07:41:35,32.9,67.0,68.4,3553.5,,1
2959,2026-05-14 07:42:01,33.1,66.4,71.8,2618.0,,1
2960,2026-05-14 07:42:43,33.0,66.1,75.1,3514.6,,1
2961,2026-05-14 07:43:09,33.0,66.1,70.9,3198.2,,1
2962,2026-05-14 07:44:03,32.8,66.5,69.8,2665.2,,1
2963,2026-05-14 07:44:32,32.7,66.3,74.4,2221.5,,1
2964,2026-05-14 07:44:58,32.8,65.9,75.2,1875.1,,1
2965,2026-05-14 07:45:48,32.9,65.9,77.0,1580.8,,1
2966,2026-05-14 07:46:26,32.9,66.2,75.0,1371.0,,1
2967,2026-05-14 07:47:03,32.9,66.1,74.8,1204.8,,1
2968,2026-05-14 07:47:28,33.1,65.8,75.3,1048.9,,1
2969,2026-05-14 07:48:10,33.1,65.7,73.9,946.3,,1
2970,2026-05-14 07:48:45,33.2,65.9,73.8,854.7,,1
2971,2026-05-14 07:49:05,33.2,65.7,73.3,769.4,,1
2972,2026-05-14 07:49:58,33.2,66.2,73.7,702.8,,1
2973,2026-05-14 07:50:42,33.1,66.2,73.5,680.1,,1
2974,2026-05-14 07:51:02,33.2,66.5,75.5,640.5,,1
2975,2026-05-14 07:51:41,33.3,66.4,78.3,631.0,,1
2976,2026-05-14 07:52:26,33.3,66.8,79.3,602.7,,1
2977,2026-05-14 07:53:01,33.4,67.2,78.4,598.1,,1
2978,2026-05-14 07:53:43,33.5,67.5,74.5,3811.3,,1
2979,2026-05-14 07:54:10,33.4,67.6,77.9,3933.2,,1
2980,2026-05-14 07:54:55,33.5,67.7,77.4,2585.6,,1
2981,2026-05-14 07:55:23,33.3,67.8,78.5,2813.3,,1
2982,2026-05-14 07:55:51,33.4,68.0,75.6,2964.8,,1
2983,2026-05-14 07:56:43,33.6,68.3,72.7,2710.2,,1
2984,2026-05-14 07:57:03,33.6,68.5,73.2,3333.6,,1
2985,2026-05-14 07:57:48,33.6,68.5,72.1,2778.6,,1
2986,2026-05-14 07:58:34,33.7,68.1,70.7,2324.0,,1
2987,2026-05-14 07:59:12,33.5,68.1,73.5,1969.9,,1
2988,2026-05-14 07:59:45,33.7,68.4,71.8,1660.4,,1
2989,2026-05-14 08:00:17,33.7,68.0,72.7,1434.6,,1
2990,2026-05-14 08:01:17,33.5,68.3,75.9,1240.8,,1
2991,2026-05-14 08:01:52,33.5,68.5,72.4,1117.7,,1
2992,2026-05-14 08:02:52,33.6,68.8,72.2,965.4,,1
2993,2026-05-14 08:03:50,33.6,69.2,70.1,868.2,,1
2994,2026-05-14 08:04:10,33.7,69.0,75.0,814.8,,1
2995,2026-05-14 08:05:03,33.7,68.8,73.6,757.4,,1
2996,2026-05-14 08:05:54,33.6,69.0,75.2,698.7,,1
2997,2026-05-14 08:06:53,33.4,69.4,77.0,663.2,,1
2998,2026-05-14 08:07:39,33.6,69.8,78.4,638.8,,1
2999,2026-05-14 08:08:34,33.7,70.2,77.7,602.7,,1
3000,2026-05-14 08:09:11,33.7,69.7,78.3,599.3,,1
3001,2026-05-14 08:10:02,33.5,70.1,80.4,580.0,,1
3002,2026-05-14 08:10:38,33.7,69.5,79.1,576.0,,1
3003,2026-05-14 08:11:15,33.7,69.7,77.5,577.6,,1
3004,2026-05-14 08:11:59,33.6,69.6,74.7,574.7,,1
3005,2026-05-14 08:12:19,33.8,69.9,77.9,550.4,,1
3006,2026-05-14 08:12:48,33.8,70.0,78.2,542.6,,1
3007,2026-05-14 08:13:20,34.0,69.7,75.4,553.4,,1
3008,2026-05-14 08:13:44,33.8,69.6,75.1,552.8,,1
3009,2026-05-14 08:14:40,33.7,69.2,76.5,554.9,,1
3010,2026-05-14 08:15:08,33.5,69.6,74.3,530.4,,1
3011,2026-05-14 08:15:50,33.6,69.3,75.8,528.1,,1
3012,2026-05-14 08:16:49,33.6,69.3,77.7,503.0,,1
3013,2026-05-14 08:17:28,33.8,69.4,75.3,505.9,,1
3014,2026-05-14 08:17:58,33.9,69.5,78.2,488.3,,1
3015,2026-05-14 08:18:22,33.9,69.3,77.8,503.5,,1
3016,2026-05-14 08:19:10,34.0,69.3,75.7,512.8,,1
3017,2026-05-14 08:20:06,33.9,69.0,72.1,529.0,,1
3018,2026-05-14 08:20:46,33.9,68.9,74.5,535.5,,1
3019,2026-05-14 08:21:44,34.0,68.8,75.5,516.7,,1
3020,2026-05-14 08:22:08,34.0,69.2,75.8,497.7,,1
3021,2026-05-14 08:22:52,34.1,68.6,77.1,501.7,,1
3022,2026-05-14 08:23:35,33.9,68.5,73.4,513.1,,1
3023,2026-05-14 08:24:11,33.9,68.1,73.4,526.6,,1
3024,2026-05-14 08:24:48,33.9,68.2,72.2,521.4,,1
3025,2026-05-14 08:25:46,33.7,68.5,73.0,538.9,,1
3026,2026-05-14 08:26:26,33.5,68.5,74.4,3431.8,,1
3027,2026-05-14 08:26:57,33.4,68.1,75.2,3583.8,,1
3028,2026-05-14 08:27:32,33.2,68.2,76.2,3456.0,,1
3029,2026-05-14 08:28:14,33.3,67.8,79.1,4058.3,,1
3030,2026-05-14 08:28:51,33.3,68.0,75.2,3754.4,,1
3031,2026-05-14 08:29:28,33.2,67.8,77.3,2557.9,,1
3032,2026-05-14 08:30:14,33.2,67.7,79.8,2159.1,,1
3033,2026-05-14 08:30:43,33.4,67.6,79.2,1821.9,,1
3034,2026-05-14 08:31:40,33.5,67.7,78.5,1556.3,,1
3035,2026-05-14 08:32:38,33.4,67.6,78.5,1353.8,,1
3036,2026-05-14 08:33:09,33.4,67.3,73.5,1194.5,,1
3037,2026-05-14 08:33:48,33.5,66.9,76.0,1039.0,,1
3038,2026-05-14 08:34:32,33.3,67.1,74.5,947.1,,1
3039,2026-05-14 08:35:31,33.5,67.3,76.7,851.2,,1
3040,2026-05-14 08:36:08,33.6,67.1,78.0,772.2,,1
3041,2026-05-14 08:37:08,33.7,67.0,74.9,715.0,,1
3042,2026-05-14 08:37:48,33.8,66.8,74.1,655.9,,1
3043,2026-05-14 08:38:32,33.7,67.1,76.9,598.3,,1
3044,2026-05-14 08:39:08,33.9,67.4,77.5,574.4,,1
3045,2026-05-14 08:39:34,34.0,66.8,77.7,582.9,,1
3046,2026-05-14 08:40:12,33.8,66.9,77.7,562.5,,1
3047,2026-05-14 08:40:40,33.7,67.3,75.0,533.9,,1
3048,2026-05-14 08:41:33,33.9,67.0,75.3,541.7,,1
3049,2026-05-14 08:42:29,34.0,66.8,74.9,546.3,,1
3050,2026-05-14 08:43:13,34.0,67.3,74.0,547.7,,1
3051,2026-05-14 08:43:34,34.1,67.6,76.3,561.4,,1
3052,2026-05-14 08:43:59,34.0,67.5,71.6,533.7,,1
3053,2026-05-14 08:44:20,34.1,67.0,74.2,521.6,,1
3054,2026-05-14 08:45:14,34.0,67.3,72.5,531.8,,1
3055,2026-05-14 08:46:10,33.9,67.4,71.4,541.0,,1
3056,2026-05-14 08:46:58,33.7,67.4,72.2,552.9,,1
3057,2026-05-14 08:47:18,33.9,67.1,73.0,551.7,,1
3058,2026-05-14 08:47:42,33.8,67.3,75.1,3920.4,,1
3059,2026-05-14 08:48:12,33.6,66.9,77.5,2792.8,,1
3060,2026-05-14 08:49:03,33.7,67.3,75.5,2529.4,,1
3061,2026-05-14 08:49:47,33.7,66.8,73.8,2622.0,,1
3062,2026-05-14 08:50:17,33.6,66.9,74.9,2944.7,,1
3063,2026-05-14 08:50:47,33.7,66.7,71.3,2465.6,,1
3064,2026-05-14 08:51:31,33.6,67.0,73.3,2069.6,,1
3065,2026-05-14 08:52:25,33.7,66.8,76.9,1751.1,,1
3066,2026-05-14 08:53:23,33.8,66.3,75.5,1494.9,,1
3067,2026-05-14 08:54:14,33.9,66.6,77.2,1295.7,,1
3068,2026-05-14 08:55:08,34.1,66.1,76.7,1124.5,,1
3069,2026-05-14 08:55:43,34.2,66.2,74.3,994.3,,1
3070,2026-05-14 08:56:42,34.2,65.7,76.4,894.6,,1
3071,2026-05-14 08:57:18,34.2,65.3,80.0,812.3,,1
3072,2026-05-14 08:57:49,34.3,65.2,77.2,744.3,,1
3073,2026-05-14 08:58:47,34.5,65.4,74.7,703.3,,1
3074,2026-05-14 08:59:35,34.3,65.9,71.4,655.4,,1
3075,2026-05-14 09:00:02,34.3,65.3,75.0,647.6,,1
3076,2026-05-14 09:00:47,34.1,64.6,78.1,640.1,,1
3077,2026-05-14 09:01:07,34.0,65.1,79.7,621.5,,1
3078,2026-05-14 09:01:27,33.8,64.5,80.9,602.3,,1
3079,2026-05-14 09:02:03,33.8,65.0,79.5,614.2,,1
3080,2026-05-14 09:02:27,33.7,64.7,81.6,603.3,,1
3081,2026-05-14 09:03:26,33.7,64.9,82.6,571.1,,1
3082,2026-05-14 09:04:15,33.5,65.3,81.7,588.9,,1
3083,2026-05-14 09:05:09,33.5,64.8,83.3,562.6,,1
3084,2026-05-14 09:06:00,33.6,64.7,84.3,560.5,,1
3085,2026-05-14 09:06:44,33.6,65.0,83.9,583.0,,1
3086,2026-05-14 09:07:04,33.6,64.3,83.6,578.2,,1
3087,2026-05-14 09:07:26,33.5,64.4,82.8,545.1,,1
3088,2026-05-14 09:08:10,33.3,64.4,80.2,560.5,,1
3089,2026-05-14 09:09:01,33.4,64.3,83.7,565.5,,1
3090,2026-05-14 09:09:34,33.5,64.3,84.6,546.5,,1
3091,2026-05-14 09:10:13,33.4,64.3,85.8,568.0,,1
3092,2026-05-14 09:10:37,33.4,64.2,85.1,572.0,,1
3093,2026-05-14 09:11:12,33.3,63.9,83.8,556.6,,1
3094,2026-05-14 09:11:42,33.3,63.3,81.0,552.3,,1
3095,2026-05-14 09:12:11,33.5,63.3,82.4,566.9,,1
3096,2026-05-14 09:12:39,33.3,63.0,81.9,564.2,,1
3097,2026-05-14 09:13:13,33.4,62.7,85.5,579.2,,1
3098,2026-05-14 09:13:48,33.5,62.7,83.7,557.4,,1
3099,2026-05-14 09:14:36,33.5,62.6,84.0,572.3,,1
3100,2026-05-14 09:15:03,33.6,62.9,81.8,583.6,,1
3101,2026-05-14 09:15:50,33.7,62.7,83.1,572.1,,1
3102,2026-05-14 09:16:20,33.8,63.0,85.5,551.4,,1
3103,2026-05-14 09:17:11,33.8,62.4,86.2,546.6,,1
3104,2026-05-14 09:17:38,33.6,62.3,83.5,532.9,,1
3105,2026-05-14 09:18:26,33.5,62.7,83.8,502.9,,1
3106,2026-05-14 09:18:48,33.3,63.1,84.5,526.8,,1
