timestamp,hour_of_day,day_of_week,temperature,humidity,brightness,gas_level,device_type,action_label
2026-05-14 06:06:13,6,3,27.9,71.4,1.7,355.4,fan,turn_off
2026-05-13 05:38:02,5,2,28.1,74.7,1.6,365.8,light,turn_on
2026-05-14 02:43:59,2,3,28.9,74.2,3.2,298.7,fan,turn_off
2026-05-13 11:44:42,11,2,33.5,64.1,89.4,528.9,light,turn_off
2026-05-14 00:18:49,0,3,27.0,78.2,1.0,278.6,fan,turn_off
2026-05-13 05:29:30,5,2,28.2,74.0,8.2,362.8,fan,turn_off
2026-05-13 09:21:52,9,2,33.3,64.2,90.1,577.3,light,turn_off
2026-05-13 10:14:02,10,2,33.2,64.5,83.9,523.1,light,turn_off
2026-05-13 07:00:08,7,2,28.0,73.6,20.1,3845.2,fan,turn_on
2026-05-13 13:06:27,13,2,33.1,61.0,81.2,473.4,fan,turn_on
2026-05-13 03:26:15,3,2,27.2,73.1,4.8,288.8,light,turn_on
2026-05-14 02:39:50,2,3,28.7,75.2,2.3,288.3,light,turn_on
2026-05-13 20:53:52,20,2,31.7,64.2,29.8,460.8,fan,turn_on
2026-05-13 08:32:55,8,2,34.3,69.2,73.2,3300.0,light,turn_off
2026-05-13 17:00:04,17,2,34.7,61.5,71.7,461.9,fan,turn_on
2026-05-13 13:05:52,13,2,33.2,60.5,78.5,438.1,fan,turn_on
2026-05-13 15:57:12,15,2,35.4,59.6,84.6,568.1,fan,turn_on
2026-05-14 02:38:09,2,3,28.9,75.6,3.0,318.1,light,turn_on
2026-05-13 15:34:37,15,2,35.1,58.8,82.1,508.4,light,turn_off
2026-05-14 01:49:45,1,3,28.7,74.2,2.7,245.5,fan,turn_off
2026-05-13 17:53:28,17,2,31.9,63.5,26.3,417.5,fan,turn_on
2026-05-13 09:45:59,9,2,33.5,63.7,87.3,547.1,light,turn_off
2026-05-13 06:11:03,6,2,27.7,71.9,3.4,389.7,light,turn_on
2026-05-14 01:45:46,1,3,28.5,74.0,3.1,271.0,light,turn_on
2026-05-14 06:02:43,6,3,27.9,72.5,3.2,350.4,light,turn_on
2026-05-14 02:00:08,2,3,28.8,75.3,3.5,296.0,light,turn_on
2026-05-12 03:39:35,3,1,33.3,55.6,59.0,432.0,fan,turn_off
2026-05-14 01:58:56,1,3,28.9,75.3,2.4,272.9,light,turn_on
2026-05-14 06:14:37,6,3,28.1,70.5,5.3,386.6,light,turn_on
2026-05-07 07:57:35,7,3,33.9,58.3,85.0,3511.0,fan,turn_on
2026-05-13 13:44:13,13,2,33.4,62.3,81.2,505.2,fan,turn_on
2026-05-07 07:59:10,7,3,34.2,57.8,83.0,3472.0,fan,turn_on
2026-05-14 04:51:49,4,3,27.7,72.4,3.8,363.5,light,turn_on
2026-05-13 09:39:13,9,2,33.0,63.2,92.0,599.8,light,turn_off
2026-05-13 17:15:42,17,2,31.8,62.6,24.4,419.5,fan,turn_on
2026-05-13 22:31:21,22,2,28.8,72.2,2.3,312.3,fan,turn_on
2026-05-13 14:41:09,14,2,33.7,61.4,79.2,556.0,light,turn_off
2026-05-14 01:02:51,1,3,27.5,76.6,2.5,311.9,light,turn_on
2026-05-14 05:53:02,5,3,27.9,73.9,3.3,401.9,fan,turn_off
2026-05-13 22:11:04,22,2,28.3,73.0,3.7,276.3,fan,turn_on
2026-05-13 07:02:16,7,2,28.5,72.0,45.6,3255.5,light,turn_off
2026-05-12 03:31:45,3,1,33.3,57.7,60.0,462.0,light,turn_on
2026-05-14 06:46:26,6,3,27.3,71.9,3.5,368.2,fan,turn_off
2026-05-13 09:03:47,9,2,33.8,64.7,80.5,1447.0,fan,turn_on
2026-05-14 02:41:19,2,3,28.7,75.2,2.5,275.9,light,turn_on
2026-05-13 13:29:05,13,2,33.9,61.7,78.6,483.8,fan,turn_on
2026-05-13 21:52:58,21,2,28.2,72.8,1.4,286.9,light,turn_on
2026-05-13 15:19:04,15,2,33.8,56.9,73.6,503.9,fan,turn_on
2026-05-13 03:08:41,3,2,27.2,72.9,2.9,248.9,fan,turn_off
2026-05-14 04:37:20,4,3,28.1,73.8,3.4,386.1,fan,turn_off
2026-05-14 06:56:10,6,3,27.1,73.6,6.8,355.0,light,turn_on
2026-05-13 22:37:08,22,2,28.8,72.3,1.0,305.7,light,turn_on
2026-05-13 19:05:22,19,2,30.2,64.5,23.7,434.3,light,turn_on
2026-05-14 00:54:14,0,3,27.8,76.2,2.6,265.8,fan,turn_off
2026-05-13 14:51:26,14,2,33.1,60.9,77.6,544.9,light,turn_off
2026-05-13 03:19:46,3,2,27.0,72.1,1.0,267.5,fan,turn_off
2026-05-14 00:14:49,0,3,27.1,78.7,2.4,299.2,light,turn_on
2026-05-13 12:46:01,12,2,33.6,59.8,77.4,545.5,fan,turn_on
2026-05-13 22:06:02,22,2,28.1,72.8,2.6,274.2,light,turn_on
2026-05-13 18:48:22,18,2,30.6,65.0,19.8,483.6,light,turn_on
2026-05-13 21:50:51,21,2,28.5,71.8,1.0,288.3,fan,turn_off
2026-05-13 21:01:46,21,2,31.3,65.1,2.9,363.7,light,turn_on
2026-05-14 03:19:59,3,3,27.9,76.3,1.5,284.9,light,turn_on
2026-05-14 06:47:29,6,3,27.2,72.2,2.6,363.6,fan,turn_off
2026-05-14 01:41:02,1,3,28.3,75.1,4.6,277.0,light,turn_on
2026-05-14 05:09:57,5,3,28.8,71.9,4.3,376.8,fan,turn_off
2026-05-13 16:31:47,16,2,35.0,60.6,78.2,506.4,light,turn_off
2026-05-13 10:11:17,10,2,33.2,64.7,87.2,507.2,light,turn_off
2026-05-13 06:36:11,6,2,27.8,72.2,3.6,391.0,light,turn_on
2026-05-13 23:24:56,23,2,28.7,76.6,4.8,261.1,fan,turn_on
2026-05-13 07:50:54,7,2,33.2,69.2,71.0,3685.0,light,turn_off
2026-05-13 18:02:52,18,2,31.5,63.6,38.1,421.5,fan,turn_off
2026-05-13 09:56:18,9,2,33.5,64.4,87.7,531.5,light,turn_off
2026-05-13 06:28:28,6,2,27.9,70.9,4.3,337.2,fan,turn_off
2026-05-13 06:42:44,6,2,27.9,73.2,4.9,395.8,light,turn_on
2026-05-14 06:45:41,6,3,27.2,72.3,5.3,346.2,fan,turn_off
2026-05-13 10:18:57,10,2,33.4,62.9,85.3,557.5,light,turn_off
2026-05-13 19:43:13,19,2,30.1,64.4,31.7,450.2,light,turn_on
2026-05-13 18:59:32,18,2,30.4,64.9,29.4,442.1,fan,turn_off
2026-05-13 21:54:36,21,2,28.2,72.6,2.9,303.2,fan,turn_on
2026-05-13 05:09:50,5,2,27.4,74.4,6.0,373.4,light,turn_on
2026-05-13 18:46:16,18,2,30.5,65.4,21.4,442.3,light,turn_on
2026-05-13 18:39:48,18,2,29.8,65.2,27.3,467.0,fan,turn_on
2026-05-14 00:01:12,0,3,27.5,77.8,2.6,260.8,light,turn_on
2026-05-14 04:48:42,4,3,27.8,72.8,5.0,373.2,light,turn_on
2026-05-14 01:24:37,1,3,27.6,75.1,3.9,288.1,fan,turn_on
2026-05-13 08:19:10,8,2,33.6,70.1,75.7,1019.8,light,turn_off
2026-05-13 20:28:17,20,2,31.1,63.9,19.6,448.5,light,turn_off
2026-05-13 01:55:14,1,2,28.8,77.6,5.0,281.0,fan,turn_off
2026-05-13 00:06:34,0,2,27.3,79.3,1.0,292.7,light,turn_on
2026-05-13 09:09:53,9,2,34.1,64.5,86.4,664.0,fan,turn_on
2026-05-14 02:38:09,2,3,28.9,75.6,3.0,318.1,fan,turn_on
2026-05-14 02:11:43,2,3,28.5,73.5,3.9,296.3,light,turn_on
2026-05-13 06:49:24,6,2,27.6,74.8,3.2,397.4,light,turn_on
2026-05-13 05:19:16,5,2,28.0,75.0,6.1,377.8,fan,turn_off
2026-05-14 05:27:34,5,3,27.8,70.8,3.8,364.4,light,turn_on
2026-05-13 14:59:26,14,2,33.1,58.8,81.6,535.6,light,turn_off
2026-05-13 17:18:18,17,2,31.8,62.6,30.4,434.2,fan,turn_on
2026-05-13 21:03:58,21,2,30.9,66.6,1.6,292.4,fan,turn_on
2026-05-13 04:50:43,4,2,27.5,75.4,3.4,365.8,fan,turn_off
2026-05-13 14:14:16,14,2,33.6,61.2,73.8,541.5,fan,turn_on
2026-05-14 05:33:57,5,3,28.4,71.5,4.0,373.0,fan,turn_on
2026-05-13 13:13:33,13,2,33.3,60.6,78.6,504.7,light,turn_off
2026-05-14 06:29:12,6,3,28.5,71.4,4.7,364.4,light,turn_on
2026-05-13 08:33:23,8,2,34.1,68.8,77.3,2862.2,fan,turn_on
2026-05-13 12:33:14,12,2,33.5,60.8,76.7,529.6,fan,turn_on
2026-05-13 04:34:45,4,2,27.2,75.8,5.0,369.6,fan,turn_off
2026-05-13 16:25:25,16,2,35.0,59.7,77.4,493.0,fan,turn_on
2026-05-07 08:17:50,8,3,33.7,59.4,83.0,424.0,light,turn_off
2026-05-13 16:34:17,16,2,35.2,60.6,78.2,519.4,fan,turn_on
2026-05-13 15:33:48,15,2,34.9,58.9,83.2,549.7,light,turn_off
2026-05-14 03:25:14,3,3,27.5,75.7,2.2,248.9,fan,turn_off
2026-05-14 07:29:50,7,3,32.1,67.6,73.0,3057.0,fan,turn_on
2026-05-14 07:42:43,7,3,33.0,66.1,75.1,3514.6,fan,turn_on
2026-05-12 03:30:40,3,1,33.2,57.9,66.0,465.0,fan,turn_on
2026-05-14 03:50:30,3,3,27.2,76.1,4.8,292.1,light,turn_on
2026-05-13 20:13:58,20,2,31.8,62.4,29.2,392.0,fan,turn_off
2026-05-13 07:35:06,7,2,32.7,69.1,75.2,2385.1,fan,turn_on
2026-05-13 11:32:18,11,2,32.9,62.5,91.3,550.9,fan,turn_on
2026-05-13 15:47:20,15,2,35.1,58.6,78.2,509.9,light,turn_off
2026-05-13 10:14:02,10,2,33.2,64.5,83.9,523.1,fan,turn_on
2026-05-14 04:55:38,4,3,28.0,71.2,1.0,372.4,fan,turn_off
2026-05-14 03:19:31,3,3,27.9,76.7,1.7,286.3,fan,turn_off
2026-05-14 07:34:02,7,3,32.3,68.7,76.3,1155.9,light,turn_off
2026-05-13 23:28:29,23,2,28.6,76.3,2.6,285.0,fan,turn_off
2026-05-13 15:18:13,15,2,33.6,56.5,77.6,515.2,fan,turn_on
2026-05-13 02:35:59,2,2,28.5,74.8,1.0,262.4,fan,turn_off
2026-05-13 22:44:28,22,2,28.4,73.2,5.0,315.8,fan,turn_off
2026-05-14 00:48:56,0,3,27.4,76.9,2.6,292.0,light,turn_on
2026-05-13 00:44:32,0,2,27.5,81.1,1.8,270.4,fan,turn_off
2026-05-13 10:20:33,10,2,33.4,62.5,85.6,593.4,fan,turn_on
2026-05-14 07:30:18,7,3,32.3,67.9,72.8,2529.8,light,turn_off
2026-05-13 00:19:33,0,2,27.4,80.8,2.5,270.6,fan,turn_off
2026-05-13 13:25:05,13,2,33.8,61.1,81.5,569.2,light,turn_off
2026-05-13 10:34:49,10,2,33.9,61.8,83.1,491.4,light,turn_off
2026-05-13 22:13:31,22,2,28.4,72.5,3.3,276.2,fan,turn_on
2026-05-14 09:06:00,9,3,33.6,64.7,84.3,560.5,light,turn_off
2026-05-13 11:57:11,11,2,33.6,64.5,81.5,547.1,light,turn_off
2026-05-13 09:45:59,9,2,33.5,63.7,87.3,547.1,fan,turn_on
2026-05-13 00:35:04,0,2,27.3,80.6,1.0,292.8,light,turn_on
2026-05-14 01:57:47,1,3,28.8,75.4,1.0,277.6,light,turn_on
2026-05-14 01:35:27,1,3,28.2,75.1,3.6,268.3,light,turn_on
2026-05-13 01:31:52,1,2,28.6,79.1,5.0,294.4,fan,turn_on
2026-05-13 08:18:27,8,2,33.8,69.8,74.2,1129.2,light,turn_off
2026-05-13 00:45:27,0,2,27.5,81.6,4.9,306.0,fan,turn_off
2026-05-13 04:47:14,4,2,27.4,75.9,4.7,360.7,light,turn_on
2026-05-13 22:51:10,22,2,28.2,74.5,3.4,289.5,light,turn_on
2026-05-13 11:11:10,11,2,33.7,61.2,86.7,601.0,fan,turn_on
2026-05-13 15:12:22,15,2,33.3,57.7,78.8,469.2,fan,turn_on
2026-05-14 08:10:02,8,3,33.5,70.1,80.4,580.0,light,turn_off
2026-05-13 04:41:19,4,2,27.1,75.6,3.1,409.0,light,turn_on
2026-05-13 09:09:06,9,2,34.0,65.1,86.1,675.8,light,turn_off
2026-05-13 15:01:35,15,2,33.3,58.9,78.9,493.4,fan,turn_on
2026-05-13 20:01:09,20,2,31.8,63.6,34.0,440.4,light,turn_on
2026-05-13 09:35:09,9,2,33.3,63.2,89.1,571.9,light,turn_off
2026-05-13 19:03:03,19,2,30.2,65.1,20.6,433.9,light,turn_on
2026-05-13 18:55:05,18,2,31.1,65.2,32.2,449.3,fan,turn_off
2026-05-14 05:46:56,5,3,27.7,73.2,3.4,383.1,fan,turn_off
2026-05-13 16:17:38,16,2,35.1,58.4,75.4,483.0,fan,turn_on
2026-05-13 12:38:11,12,2,34.0,60.7,79.9,549.0,light,turn_off
2026-05-13 10:11:17,10,2,33.2,64.7,87.2,507.2,fan,turn_on
2026-05-14 08:24:48,8,3,33.9,68.2,72.2,521.4,light,turn_off
2026-05-13 22:26:38,22,2,28.7,71.7,3.0,279.8,light,turn_on
2026-05-13 17:36:30,17,2,31.8,63.2,24.5,413.6,light,turn_off
2026-05-13 12:09:30,12,2,34.0,61.3,81.9,492.0,fan,turn_on
2026-05-14 04:15:43,4,3,27.8,72.8,3.0,371.9,fan,turn_on
2026-05-13 02:09:00,2,2,28.8,78.5,2.8,296.5,light,turn_on
2026-05-13 23:49:25,23,2,27.4,79.7,4.0,313.3,fan,turn_off
2026-05-13 15:53:21,15,2,35.2,59.6,81.5,487.0,light,turn_off
2026-05-13 00:57:13,0,2,27.7,83.1,2.5,322.5,fan,turn_off
2026-05-13 01:14:27,1,2,28.1,81.6,2.7,286.0,light,turn_on
2026-05-14 02:07:54,2,3,28.3,74.4,4.0,293.9,fan,turn_on
2026-05-13 02:41:52,2,2,28.0,75.3,3.8,289.9,light,turn_on
2026-05-14 01:45:03,1,3,28.4,74.3,3.5,265.9,light,turn_on
2026-05-13 02:45:28,2,2,27.4,75.1,4.0,250.5,fan,turn_off
2026-05-13 17:40:40,17,2,31.9,63.8,27.9,412.8,light,turn_off
2026-05-13 10:56:54,10,2,33.3,64.1,83.5,576.8,light,turn_off
2026-05-13 01:58:21,1,2,28.9,78.5,5.0,288.0,fan,turn_off
2026-05-14 06:38:06,6,3,28.0,73.0,6.3,349.7,light,turn_on
2026-05-13 20:33:59,20,2,31.3,63.8,28.2,430.4,light,turn_on
2026-05-14 04:51:49,4,3,27.7,72.4,3.8,363.5,fan,turn_off
2026-05-13 01:58:00,1,2,28.7,78.5,5.0,285.4,fan,turn_off
2026-05-14 02:39:27,2,3,28.7,75.1,4.3,309.4,light,turn_on
2026-05-13 13:46:47,13,2,33.1,62.2,80.1,465.1,light,turn_off
2026-05-13 21:18:13,21,2,29.0,72.8,3.7,305.3,fan,turn_off
2026-05-13 11:08:08,11,2,33.7,61.7,87.1,544.7,fan,turn_on
2026-05-13 23:33:13,23,2,28.9,76.7,4.7,300.4,fan,turn_off
2026-05-14 05:20:28,5,3,28.3,71.0,2.5,370.2,fan,turn_off
2026-05-13 11:49:09,11,2,33.3,63.9,84.1,514.9,fan,turn_on
2026-05-12 03:34:05,3,1,33.3,57.0,62.0,448.0,light,turn_on
2026-05-13 06:51:26,6,2,27.4,74.6,1.7,388.9,light,turn_on
2026-05-13 23:34:19,23,2,28.6,76.0,2.3,307.1,fan,turn_off
2026-05-13 09:14:42,9,2,34.3,63.8,88.1,581.5,light,turn_off
2026-05-13 19:43:39,19,2,29.9,64.8,30.9,443.4,fan,turn_on
2026-05-13 22:55:07,22,2,28.2,74.1,4.4,315.4,light,turn_on
2026-05-14 05:52:24,5,3,27.8,74.4,5.0,397.9,light,turn_on
2026-05-13 23:09:39,23,2,28.7,75.2,1.6,284.5,light,turn_on
2026-05-13 11:07:19,11,2,33.7,62.5,84.2,538.3,light,turn_off
2026-05-14 04:44:49,4,3,28.1,73.4,4.9,387.5,light,turn_on
2026-05-14 03:29:38,3,3,27.7,74.9,3.6,268.3,light,turn_on
2026-05-13 01:52:07,1,2,28.9,78.0,3.7,297.2,light,turn_on
2026-05-14 08:01:52,8,3,33.5,68.5,72.4,1117.7,light,turn_off
2026-05-13 07:43:19,7,2,32.9,68.5,75.0,676.2,light,turn_off
2026-05-13 11:49:09,11,2,33.3,63.9,84.1,514.9,light,turn_off
2026-05-13 17:10:15,17,2,32.3,64.0,25.6,459.3,light,turn_on
2026-05-13 12:22:25,12,2,34.0,62.7,75.0,434.0,fan,turn_on
2026-05-14 01:17:21,1,3,27.8,76.5,3.9,305.0,fan,turn_off
2026-05-13 20:36:06,20,2,31.2,63.8,27.5,467.3,fan,turn_on
2026-05-13 20:58:13,20,2,31.6,64.0,25.5,411.9,light,turn_off
2026-05-13 07:49:36,7,2,33.4,68.5,74.9,512.6,fan,turn_on
2026-05-13 06:14:04,6,2,27.8,71.6,4.4,353.3,fan,turn_off
2026-05-13 09:27:23,9,2,33.9,63.9,82.7,590.3,fan,turn_on
2026-05-13 21:57:33,21,2,27.9,72.3,2.4,272.0,light,turn_on
2026-05-13 17:09:50,17,2,32.6,64.4,25.1,429.0,fan,turn_on
2026-05-13 22:32:05,22,2,28.6,72.7,3.2,302.7,light,turn_on
2026-05-13 12:25:05,12,2,33.9,62.3,71.9,517.6,light,turn_off
2026-05-14 07:57:48,7,3,33.6,68.5,72.1,2778.6,fan,turn_on
2026-05-13 05:09:23,5,2,27.5,74.6,6.1,393.1,fan,turn_off
2026-05-13 21:44:08,21,2,27.9,72.3,3.8,274.6,fan,turn_off
2026-05-13 04:26:23,4,2,27.3,75.8,2.6,389.7,fan,turn_off
2026-05-13 21:37:10,21,2,28.3,72.3,2.1,292.6,fan,turn_on
2026-05-13 09:01:01,9,2,33.8,66.6,69.5,2956.2,fan,turn_off
2026-05-13 01:36:08,1,2,28.3,78.3,1.8,274.0,light,turn_on
2026-05-13 12:12:46,12,2,34.0,61.3,80.3,474.2,light,turn_off
2026-05-13 05:58:53,5,2,28.3,72.5,6.2,346.8,light,turn_off
2026-05-13 01:51:13,1,2,28.7,78.0,3.6,280.4,fan,turn_off
2026-05-13 00:17:48,0,2,27.1,80.1,1.2,294.7,light,turn_on
2026-05-13 19:08:47,19,2,30.0,64.7,26.0,468.1,light,turn_on
2026-05-14 06:46:26,6,3,27.3,71.9,3.5,368.2,light,turn_on
2026-05-14 03:05:08,3,3,28.5,75.0,3.0,307.2,light,turn_on
2026-05-13 09:01:01,9,2,33.8,66.6,69.5,2956.2,light,turn_off
2026-05-14 05:02:10,5,3,28.0,72.3,4.3,358.3,light,turn_on
2026-05-13 17:15:42,17,2,31.8,62.6,24.4,419.5,light,turn_on
2026-05-14 08:39:34,8,3,34.0,66.8,77.7,582.9,fan,turn_on
2026-05-14 06:23:59,6,3,28.6,70.4,3.3,355.9,light,turn_on
2026-05-14 03:55:59,3,3,27.7,75.1,1.4,255.5,light,turn_on
2026-05-13 23:44:16,23,2,27.4,79.0,3.9,281.0,light,turn_on
2026-05-12 03:35:05,3,1,33.3,57.20000000000001,64.0,437.0,light,turn_on
2026-05-13 19:57:17,19,2,31.1,63.2,33.4,440.0,light,turn_on
2026-05-14 03:14:31,3,3,28.0,76.3,3.1,295.6,light,turn_on
2026-05-14 00:56:21,0,3,27.6,77.4,2.3,265.5,fan,turn_off
2026-05-13 18:04:01,18,2,31.2,63.5,38.0,419.3,light,turn_on
2026-05-13 07:35:06,7,2,32.7,69.1,75.2,2385.1,light,turn_off
2026-05-14 01:01:54,1,3,27.4,76.5,3.6,326.1,light,turn_on
2026-05-13 03:18:54,3,2,27.1,72.0,1.0,263.6,fan,turn_off
2026-05-13 13:19:22,13,2,33.6,60.8,83.3,532.9,light,turn_off
2026-05-13 04:56:22,4,2,27.5,76.1,4.5,347.2,fan,turn_on
2026-05-14 00:13:52,0,3,27.4,78.0,5.0,313.3,light,turn_on
2026-05-13 02:27:06,2,2,28.8,76.2,4.7,262.2,fan,turn_off
2026-05-13 10:23:09,10,2,33.5,62.9,84.4,549.5,fan,turn_on
2026-05-14 07:33:07,7,3,32.2,68.4,71.7,1333.6,light,turn_off
2026-05-14 02:49:23,2,3,28.7,74.5,1.9,259.4,fan,turn_off
2026-05-14 05:45:46,5,3,27.9,72.7,5.1,372.1,fan,turn_off
2026-05-13 10:12:08,10,2,33.1,64.5,83.6,493.1,fan,turn_on
2026-05-13 10:19:24,10,2,33.2,62.8,83.5,585.6,light,turn_off
2026-05-14 05:29:25,5,3,27.9,71.4,6.4,360.4,fan,turn_on
2026-05-13 19:13:16,19,2,30.1,65.1,20.9,437.9,light,turn_on
2026-05-13 04:40:57,4,2,27.2,75.8,4.7,401.6,fan,turn_off
2026-05-13 09:31:55,9,2,33.6,63.8,89.4,577.3,fan,turn_on
2026-05-14 01:38:52,1,3,28.3,75.0,4.1,309.4,fan,turn_on
2026-05-14 06:59:05,6,3,27.0,74.5,4.6,373.2,light,turn_on
2026-05-13 09:11:38,9,2,34.1,64.6,84.1,599.0,fan,turn_on
2026-05-13 07:48:06,7,2,33.0,68.9,79.3,545.3,light,turn_off
2026-05-13 13:55:48,13,2,33.3,62.9,71.6,564.0,fan,turn_off
2026-05-13 05:41:02,5,2,28.0,74.5,6.6,371.6,light,turn_on
2026-05-13 21:13:44,21,2,29.0,72.8,4.4,319.7,fan,turn_on
2026-05-14 06:18:38,6,3,28.3,70.3,3.5,352.6,light,turn_on
2026-05-13 06:04:47,6,2,28.2,71.8,6.0,385.2,fan,turn_off
2026-05-13 01:58:21,1,2,28.9,78.5,5.0,288.0,light,turn_on
2026-05-13 05:20:14,5,2,28.0,74.4,6.9,371.8,fan,turn_on
2026-05-13 11:41:46,11,2,33.4,62.7,86.3,529.2,fan,turn_on
2026-05-14 02:29:30,2,3,28.5,75.2,1.0,252.1,fan,turn_off
2026-05-13 08:23:21,8,2,33.9,69.2,71.3,613.2,light,turn_off
2026-05-13 14:44:01,14,2,33.1,61.6,83.9,534.6,light,turn_off
2026-05-13 15:29:08,15,2,34.6,58.1,83.0,529.6,fan,turn_on
2026-05-14 08:43:34,8,3,34.1,67.6,76.3,561.4,fan,turn_on
2026-05-14 01:38:12,1,3,28.3,75.3,5.0,294.4,light,turn_on
2026-05-13 14:34:13,14,2,33.2,61.3,76.0,514.9,fan,turn_on
2026-05-14 09:05:09,9,3,33.5,64.8,83.3,562.6,light,turn_off
2026-05-14 06:55:28,6,3,26.9,73.5,5.0,323.8,fan,turn_off
2026-05-14 05:47:25,5,3,27.8,73.5,4.8,370.7,light,turn_on
2026-05-14 05:43:07,5,3,28.2,72.3,5.8,356.1,light,turn_on
2026-05-13 16:14:00,16,2,35.0,58.8,80.0,526.6,fan,turn_on
2026-05-13 13:54:38,13,2,33.4,63.0,77.4,529.2,light,turn_off
2026-05-14 07:36:34,7,3,32.6,67.4,74.8,2717.6,light,turn_off
2026-05-14 02:49:23,2,3,28.7,74.5,1.9,259.4,light,turn_on
2026-05-13 00:23:54,0,2,28.0,81.2,4.1,243.8,fan,turn_on
2026-05-13 14:50:35,14,2,33.0,60.8,76.2,513.0,fan,turn_on
2026-05-14 08:59:35,8,3,34.3,65.9,71.4,655.4,fan,turn_on
2026-05-13 05:54:39,5,2,27.8,72.6,3.5,357.3,light,turn_on
2026-05-14 00:17:02,0,3,27.0,78.5,3.1,292.9,light,turn_on
2026-05-14 06:19:22,6,3,28.3,70.0,3.5,359.5,fan,turn_off
2026-05-13 13:33:27,13,2,33.4,63.2,79.7,521.9,fan,turn_on
2026-05-13 17:13:03,17,2,31.9,63.6,27.3,439.8,light,turn_on
2026-05-13 09:44:29,9,2,33.2,63.6,87.8,534.4,light,turn_off
2026-05-13 01:03:05,1,2,27.4,83.3,2.7,311.5,light,turn_on
2026-05-13 09:21:25,9,2,33.5,64.0,86.9,561.7,fan,turn_on
2026-05-14 06:15:35,6,3,28.2,71.0,5.1,373.5,fan,turn_off
2026-05-13 11:54:13,11,2,33.2,64.6,86.1,496.1,fan,turn_on
2026-05-14 02:16:15,2,3,28.2,74.0,3.7,246.6,light,turn_on
2026-05-13 00:07:32,0,2,27.3,79.1,1.0,300.2,light,turn_on
2026-05-13 02:57:51,2,2,27.7,74.8,2.5,308.5,light,turn_on
2026-05-13 12:36:19,12,2,33.7,61.1,80.9,504.9,fan,turn_off
2026-05-13 01:50:28,1,2,28.9,78.1,4.8,272.1,fan,turn_on
2026-05-13 02:20:34,2,2,28.9,76.9,1.7,250.8,light,turn_on
2026-05-13 23:38:48,23,2,28.2,76.3,1.0,295.3,light,turn_on
2026-05-13 11:31:25,11,2,33.1,62.6,89.8,514.7,light,turn_off
2026-05-13 05:13:06,5,2,27.6,75.4,4.9,386.2,light,turn_on
2026-05-13 13:33:27,13,2,33.4,63.2,79.7,521.9,light,turn_off
2026-05-13 16:54:03,16,2,34.8,59.8,85.2,515.4,fan,turn_on
2026-05-14 00:36:23,0,3,26.9,78.3,3.1,277.6,fan,turn_off
2026-05-14 08:09:11,8,3,33.7,69.7,78.3,599.3,fan,turn_on
2026-05-14 01:18:16,1,3,27.8,76.7,2.5,305.4,fan,turn_off
2026-05-14 04:59:59,4,3,28.1,72.3,5.0,349.8,light,turn_on
2026-05-13 07:16:36,7,2,31.5,67.0,76.3,756.6,light,turn_off
2026-05-14 01:58:29,1,3,28.8,75.0,1.0,267.1,fan,turn_off
2026-05-13 11:35:10,11,2,33.0,62.0,87.4,558.6,light,turn_off
2026-05-13 02:31:09,2,2,28.9,74.9,1.6,243.6,light,turn_on
2026-05-13 11:19:57,11,2,33.1,62.0,87.7,525.0,light,turn_off
2026-05-13 08:50:03,8,2,34.3,68.8,77.9,817.1,fan,turn_on
2026-05-13 04:02:01,4,2,26.9,75.0,4.8,317.2,fan,turn_off
2026-05-13 18:08:18,18,2,30.7,62.3,30.6,457.2,fan,turn_on
2026-05-13 00:50:57,0,2,27.7,82.6,2.7,276.2,light,turn_on
2026-05-13 07:30:11,7,2,32.5,67.7,77.6,506.9,fan,turn_on
2026-05-13 18:55:05,18,2,31.1,65.2,32.2,449.3,light,turn_on
2026-05-14 08:46:10,8,3,33.9,67.4,71.4,541.0,fan,turn_on
2026-05-13 19:04:46,19,2,30.3,64.7,25.0,419.0,fan,turn_on
2026-05-14 06:32:39,6,3,28.2,72.9,7.1,313.1,fan,turn_on
2026-05-13 10:09:47,10,2,33.1,64.6,85.8,539.7,light,turn_off
2026-05-14 02:49:54,2,3,28.9,74.2,1.0,269.2,fan,turn_off
2026-05-13 11:54:53,11,2,33.2,64.5,83.6,511.4,fan,turn_on
2026-05-13 02:58:44,2,2,27.7,75.1,1.7,305.8,fan,turn_off
2026-05-13 10:12:08,10,2,33.1,64.5,83.6,493.1,light,turn_off
2026-05-14 07:34:02,7,3,32.3,68.7,76.3,1155.9,fan,turn_on
2026-05-13 05:27:15,5,2,28.3,73.9,7.1,369.6,fan,turn_on
2026-05-12 03:51:10,3,1,33.5,57.1,64.0,439.0,fan,turn_on
2026-05-13 05:37:13,5,2,28.2,75.0,2.0,387.8,light,turn_on
2026-05-13 11:58:03,11,2,33.6,64.3,80.9,583.6,fan,turn_on
2026-05-13 08:35:59,8,2,34.4,69.0,79.6,2278.5,light,turn_off
2026-05-13 23:40:27,23,2,28.0,77.4,5.0,298.6,fan,turn_off
2026-05-13 03:58:04,3,2,26.5,75.7,4.1,267.7,light,turn_on
2026-05-13 10:40:31,10,2,33.4,62.3,84.2,547.0,fan,turn_on
2026-05-13 01:34:40,1,2,28.4,78.1,3.3,292.0,fan,turn_off
2026-05-12 03:45:30,3,1,33.4,55.9,71.5,439.5,fan,turn_on
2026-05-13 00:56:53,0,2,27.6,83.5,3.3,309.5,light,turn_on
2026-05-13 15:10:54,15,2,33.2,57.7,78.4,514.9,light,turn_off
2026-05-13 17:51:57,17,2,31.9,63.7,27.6,427.9,fan,turn_on
2026-05-13 01:45:25,1,2,28.4,77.8,3.6,300.6,light,turn_on
2026-05-13 06:22:29,6,2,27.7,71.4,2.5,326.2,light,turn_on
2026-05-13 15:57:46,15,2,35.4,59.1,83.7,531.6,fan,turn_on
2026-05-13 11:07:19,11,2,33.7,62.5,84.2,538.3,fan,turn_on
2026-05-12 03:42:55,3,1,33.3,55.4,67.0,435.0,fan,turn_on
2026-05-13 19:08:05,19,2,30.0,64.7,26.6,450.2,fan,turn_on
2026-05-13 05:59:45,5,2,28.1,72.2,6.4,359.4,light,turn_on
2026-05-13 17:14:55,17,2,31.9,62.9,25.6,394.7,fan,turn_on
2026-05-13 15:49:43,15,2,35.3,58.6,83.3,499.4,light,turn_off
2026-05-07 08:17:55,8,3,33.7,59.4,83.0,424.0,light,turn_off
2026-05-13 16:09:40,16,2,35.1,58.2,79.7,499.8,fan,turn_on
2026-05-13 20:17:36,20,2,31.6,62.6,34.3,400.1,fan,turn_on
2026-05-13 15:51:24,15,2,35.3,59.2,82.7,487.6,fan,turn_on
2026-05-13 13:23:16,13,2,33.5,61.3,71.1,503.6,fan,turn_on
2026-05-14 05:16:57,5,3,28.5,70.8,3.1,392.3,light,turn_on
2026-05-14 00:36:23,0,3,26.9,78.3,3.1,277.6,light,turn_on
2026-05-13 12:08:34,12,2,33.8,61.1,81.3,477.6,light,turn_off
2026-05-13 15:36:23,15,2,35.0,58.8,83.1,502.8,light,turn_off
2026-05-14 06:06:45,6,3,28.1,71.5,1.8,353.1,fan,turn_on
2026-05-13 20:30:38,20,2,31.0,64.4,26.4,444.3,light,turn_on
2026-05-13 13:39:36,13,2,33.5,61.9,69.6,496.7,light,turn_off
2026-05-13 09:04:24,9,2,33.9,64.5,79.3,1273.1,light,turn_off
2026-05-14 02:45:04,2,3,28.9,74.8,3.2,288.8,fan,turn_on
2026-05-13 04:09:04,4,2,27.0,75.6,5.0,383.1,fan,turn_off
2026-05-13 23:52:04,23,2,27.5,79.2,5.0,321.5,light,turn_on
2026-05-13 00:28:05,0,2,27.6,81.7,3.6,271.8,light,turn_on
2026-05-13 01:43:59,1,2,28.5,78.2,4.3,297.7,light,turn_on
2026-05-13 04:19:40,4,2,27.7,76.8,3.9,379.3,light,turn_on
2026-05-13 17:46:19,17,2,31.6,64.2,22.2,426.7,fan,turn_on
2026-05-14 06:01:15,6,3,28.0,73.0,2.6,350.2,light,turn_on
2026-05-14 00:21:29,0,3,26.9,77.9,3.4,276.3,fan,turn_off
2026-05-14 05:53:57,5,3,28.2,73.4,3.5,397.0,fan,turn_off
2026-05-13 15:29:55,15,2,34.8,57.9,82.3,546.0,light,turn_off
2026-05-13 01:18:33,1,2,28.2,80.4,5.0,257.7,light,turn_on
2026-05-13 11:48:03,11,2,33.2,64.3,82.8,521.8,light,turn_off
2026-05-13 15:05:00,15,2,33.1,58.7,82.6,524.6,light,turn_on
2026-05-14 07:04:57,7,3,28.2,69.8,71.2,481.4,light,turn_off
2026-05-13 06:38:51,6,2,27.7,73.3,5.5,351.5,light,turn_on
2026-05-13 02:13:36,2,2,28.6,78.5,1.7,284.3,light,turn_on
2026-05-13 04:48:59,4,2,27.5,75.5,1.6,370.8,fan,turn_off
2026-05-13 20:04:32,20,2,31.9,63.8,26.7,440.5,fan,turn_off
2026-05-13 17:54:00,17,2,31.9,63.0,30.1,438.0,fan,turn_on
2026-05-13 15:26:20,15,2,34.1,58.0,76.3,534.3,light,turn_off
2026-05-14 07:46:26,7,3,32.9,66.2,75.0,1371.0,light,turn_off
2026-05-12 03:44:00,3,1,33.3,55.9,64.0,433.0,fan,turn_on
2026-05-14 04:23:48,4,3,28.0,72.8,5.0,363.4,fan,turn_on
2026-05-13 09:42:09,9,2,33.0,64.0,88.7,549.3,fan,turn_on
2026-05-13 15:41:19,15,2,35.0,58.6,77.5,481.7,light,turn_off
2026-05-13 17:02:58,17,2,34.1,62.2,42.0,478.2,light,turn_on
2026-05-13 10:07:54,10,2,33.0,64.5,84.1,547.9,light,turn_off
2026-05-14 00:40:12,0,3,26.9,78.8,1.4,329.8,light,turn_on
2026-05-13 08:43:08,8,2,34.4,69.2,76.7,4089.0,fan,turn_on
2026-05-13 11:25:23,11,2,33.2,61.9,86.8,522.5,fan,turn_on
2026-05-13 11:39:42,11,2,33.5,61.8,85.3,563.3,light,turn_off
2026-05-13 05:53:42,5,2,28.0,72.1,6.2,376.7,light,turn_on
2026-05-13 09:46:44,9,2,33.3,64.0,88.8,533.6,light,turn_off
2026-05-13 09:24:04,9,2,33.5,64.0,87.7,591.9,light,turn_off
2026-05-13 08:19:49,8,2,33.8,69.6,75.0,904.3,light,turn_off
2026-05-13 02:50:19,2,2,27.3,74.9,4.5,298.2,light,turn_on
2026-05-13 00:22:31,0,2,27.9,81.0,4.4,240.5,light,turn_on
2026-05-14 08:46:58,8,3,33.7,67.4,72.2,552.9,fan,turn_on
2026-05-14 02:16:15,2,3,28.2,74.0,3.7,246.6,fan,turn_off
2026-05-13 07:58:05,7,2,33.4,69.1,80.5,1141.9,fan,turn_on
2026-05-14 00:39:25,0,3,27.1,78.7,3.4,312.1,light,turn_on
2026-05-13 17:41:18,17,2,32.1,63.6,32.5,411.2,fan,turn_on
2026-05-13 10:35:19,10,2,33.8,61.4,82.4,506.8,light,turn_off
2026-05-13 18:10:41,18,2,30.7,62.3,27.1,431.9,light,turn_on
2026-05-13 04:07:35,4,2,26.9,75.7,3.0,357.4,light,turn_on
2026-05-12 03:41:55,3,1,0.0,0.0,68.0,0.0,fan,turn_off
2026-05-13 02:29:25,2,2,28.9,75.5,2.8,268.9,light,turn_on
2026-05-13 14:39:03,14,2,33.4,60.8,77.7,540.1,light,turn_off
2026-05-13 18:42:27,18,2,30.1,65.1,28.6,438.9,fan,turn_on
2026-05-13 22:08:45,22,2,28.0,72.6,2.5,272.3,light,turn_on
2026-05-13 05:37:13,5,2,28.2,75.0,2.0,387.8,fan,turn_off
2026-05-13 16:19:02,16,2,35.1,59.1,77.6,512.0,fan,turn_on
2026-05-14 01:42:41,1,3,28.6,74.0,4.1,254.3,light,turn_on
2026-05-13 18:26:08,18,2,29.5,64.3,28.7,455.7,light,turn_on
2026-05-14 03:03:09,3,3,28.8,74.2,3.6,287.7,fan,turn_off
2026-05-13 00:50:00,0,2,27.6,82.4,4.9,270.1,fan,turn_off
2026-05-14 00:51:48,0,3,27.5,77.0,1.0,293.0,fan,turn_on
2026-05-13 07:26:26,7,2,32.7,67.1,74.9,509.0,fan,turn_on
2026-05-13 22:51:36,22,2,28.1,74.3,1.9,290.9,light,turn_on
2026-05-13 03:21:01,3,2,26.9,72.2,1.3,283.6,fan,turn_off
2026-05-14 06:58:13,6,3,27.2,74.0,2.6,345.4,light,turn_on
2026-05-13 10:37:56,10,2,33.4,61.7,84.6,523.5,light,turn_off
2026-05-13 18:34:27,18,2,29.9,66.3,28.1,456.6,light,turn_on
2026-05-13 19:01:29,19,2,30.4,65.3,21.8,440.8,light,turn_on
2026-05-14 08:48:12,8,3,33.6,66.9,77.5,2792.8,light,turn_off
2026-05-14 08:03:50,8,3,33.6,69.2,70.1,868.2,fan,turn_off
2026-05-14 06:28:25,6,3,28.5,71.7,4.7,348.1,light,turn_on
2026-05-13 19:03:54,19,2,30.2,65.5,22.4,421.9,light,turn_on
2026-05-13 20:13:58,20,2,31.8,62.4,29.2,392.0,light,turn_on
2026-05-14 04:54:38,4,3,27.9,71.7,1.9,381.5,light,turn_on
2026-05-13 05:30:28,5,2,28.2,73.9,8.7,359.4,fan,turn_on
2026-05-14 03:24:20,3,3,27.6,75.7,2.1,243.8,fan,turn_off
2026-05-14 00:14:24,0,3,27.3,78.4,5.0,286.0,fan,turn_off
2026-05-14 00:47:36,0,3,27.3,77.4,3.1,300.8,light,turn_on
2026-05-13 03:04:53,3,2,27.2,73.3,4.4,263.9,light,turn_on
2026-05-13 02:34:22,2,2,28.6,74.7,2.7,280.3,light,turn_on
2026-05-13 17:32:08,17,2,31.9,62.6,24.2,436.3,light,turn_on
2026-05-13 08:56:18,8,2,34.2,68.7,74.1,545.6,fan,turn_on
2026-05-14 02:55:02,2,3,29.0,74.4,1.1,280.4,fan,turn_on
2026-05-12 03:48:35,3,1,33.5,56.70000000000001,69.0,392.0,fan,turn_on
2026-05-13 14:43:14,14,2,33.3,61.5,78.8,550.1,fan,turn_on
2026-05-14 09:13:13,9,3,33.4,62.7,85.5,579.2,light,turn_off
2026-05-13 19:45:01,19,2,30.3,64.4,35.3,451.4,fan,turn_on
2026-05-13 20:57:30,20,2,31.6,64.3,25.1,426.0,fan,turn_on
2026-05-13 23:17:26,23,2,28.8,77.2,5.0,289.0,light,turn_on
2026-05-13 07:07:16,7,2,29.4,69.1,68.9,2981.8,fan,turn_off
2026-05-14 00:48:15,0,3,27.4,77.3,3.3,307.8,light,turn_on
2026-05-13 21:37:47,21,2,28.3,72.5,1.1,298.9,fan,turn_on
2026-05-13 20:24:11,20,2,31.3,62.9,25.0,451.1,light,turn_on
2026-05-14 05:04:50,5,3,28.1,73.0,4.3,393.5,light,turn_on
2026-05-14 05:14:50,5,3,28.6,72.3,4.0,392.2,fan,turn_on
2026-05-14 00:41:12,0,3,26.9,78.7,1.7,322.0,light,turn_on
2026-05-13 06:15:59,6,2,27.8,70.6,2.8,381.9,light,turn_on
2026-05-14 03:42:20,3,3,27.6,75.5,1.7,289.7,light,turn_on
2026-05-13 02:56:16,2,2,27.9,75.4,2.2,294.8,light,turn_on
2026-05-13 11:29:42,11,2,33.0,62.5,87.9,524.2,light,turn_off
2026-05-14 00:43:02,0,3,27.1,78.4,5.0,311.6,fan,turn_off
2026-05-13 22:13:31,22,2,28.4,72.5,3.3,276.2,light,turn_on
2026-05-13 02:16:59,2,2,29.0,76.8,2.7,279.8,fan,turn_on
2026-05-14 00:25:59,0,3,27.0,78.1,1.6,307.8,fan,turn_off
2026-05-13 20:41:17,20,2,31.0,63.5,26.5,421.3,fan,turn_off
2026-05-13 12:49:06,12,2,33.3,60.2,74.8,495.0,light,turn_off
2026-05-12 03:13:15,3,1,0.0,0.0,63.0,0.0,light,turn_on
2026-05-13 00:51:45,0,2,27.7,83.0,1.2,269.9,fan,turn_off
2026-05-14 03:43:56,3,3,27.3,75.9,4.8,297.1,light,turn_on
2026-05-13 23:42:41,23,2,27.6,78.7,4.2,280.4,fan,turn_off
2026-05-13 14:46:06,14,2,33.2,61.9,80.2,537.4,fan,turn_on
2026-05-14 03:45:15,3,3,27.1,76.7,5.0,295.2,light,turn_on
2026-05-13 15:34:58,15,2,35.1,58.7,81.0,504.7,fan,turn_on
2026-05-12 03:06:40,3,1,33.0,58.9,65.0,503.0,fan,turn_on
2026-05-13 19:37:40,19,2,29.9,66.2,36.1,426.2,fan,turn_off
2026-05-14 06:13:44,6,3,28.1,69.7,3.6,368.3,fan,turn_on
2026-05-13 21:22:58,21,2,28.9,72.7,3.9,308.5,fan,turn_on
2026-05-13 09:07:29,9,2,33.9,64.5,81.9,788.0,fan,turn_on
2026-05-13 09:51:01,9,2,33.4,64.4,82.3,557.9,light,turn_off
2026-05-13 02:51:14,2,2,27.3,75.2,2.8,319.8,fan,turn_off
2026-05-13 22:17:16,22,2,28.9,72.1,5.0,311.3,light,turn_on
2026-05-13 04:53:09,4,2,27.3,76.0,4.9,368.1,light,turn_on
2026-05-13 06:44:32,6,2,27.5,73.8,3.6,352.9,light,turn_on
2026-05-14 03:04:08,3,3,28.7,74.8,4.5,309.9,light,turn_off
2026-05-13 00:48:41,0,2,27.6,82.5,2.3,276.7,light,turn_on
2026-05-13 08:53:39,8,2,34.3,68.7,77.5,570.4,fan,turn_on
2026-05-13 12:52:13,12,2,32.9,61.6,77.7,495.0,fan,turn_on
2026-05-14 07:17:55,7,3,31.3,68.4,72.7,3647.7,light,turn_off
2026-05-13 16:18:20,16,2,35.2,58.7,74.1,524.7,light,turn_off
2026-05-14 04:56:20,4,3,28.1,71.4,1.0,363.5,light,turn_on
2026-05-13 10:27:30,10,2,33.6,61.5,87.1,574.4,light,turn_off
2026-05-12 03:44:30,3,1,33.4,56.1,72.0,434.0,light,turn_on
2026-05-13 08:56:50,8,2,34.1,68.5,71.3,544.3,fan,turn_on
2026-05-13 09:58:22,9,2,33.5,64.0,88.3,588.7,light,turn_off
2026-05-14 03:03:09,3,3,28.8,74.2,3.6,287.7,light,turn_on
2026-05-13 05:00:28,5,2,27.6,76.0,4.6,337.4,light,turn_on
2026-05-14 00:58:51,0,3,27.4,77.4,1.0,304.1,light,turn_on
2026-05-13 05:26:41,5,2,28.4,73.4,4.7,380.3,light,turn_on
2026-05-13 17:59:35,17,2,31.9,62.7,28.8,425.8,light,turn_on
2026-05-13 00:10:37,0,2,27.5,79.1,2.7,306.6,fan,turn_off
2026-05-13 14:28:32,14,2,33.0,63.0,78.7,443.2,fan,turn_off
2026-05-14 05:52:24,5,3,27.8,74.4,5.0,397.9,fan,turn_off
2026-05-13 03:57:05,3,2,26.7,75.7,3.6,267.7,fan,turn_on
2026-05-14 00:49:39,0,3,27.5,77.0,2.4,278.4,light,turn_on
2026-05-13 05:38:02,5,2,28.1,74.7,1.6,365.8,fan,turn_off
2026-05-14 08:50:47,8,3,33.7,66.7,71.3,2465.6,fan,turn_on
2026-05-14 05:56:01,5,3,27.9,73.8,6.0,359.0,fan,turn_off
2026-05-13 11:32:57,11,2,33.2,62.5,87.2,515.2,light,turn_off
2026-05-13 21:05:40,21,2,30.8,67.5,1.0,274.2,fan,turn_off
2026-05-13 15:06:33,15,2,33.1,58.6,82.9,489.8,fan,turn_off
2026-05-13 03:21:26,3,2,26.9,71.7,3.1,274.3,fan,turn_off
2026-05-13 06:06:05,6,2,28.0,72.0,8.1,380.3,light,turn_on
2026-05-13 15:44:24,15,2,34.8,58.8,78.4,504.1,fan,turn_on
2026-05-13 19:40:25,19,2,30.3,65.4,33.5,434.7,fan,turn_on
2026-05-13 22:09:29,22,2,28.2,72.9,1.0,268.6,fan,turn_on
2026-05-12 03:46:35,3,1,33.4,56.1,71.0,435.0,fan,turn_on
2026-05-13 18:27:59,18,2,29.7,65.2,29.6,448.5,light,turn_on
2026-05-13 22:56:54,22,2,28.1,74.5,5.0,303.2,light,turn_on
2026-05-13 10:54:10,10,2,33.3,64.0,84.9,554.7,light,turn_off
2026-05-13 06:45:17,6,2,27.7,73.7,4.7,349.9,light,turn_off
2026-05-13 12:54:08,12,2,33.0,60.9,75.0,529.3,fan,turn_on
2026-05-13 22:55:54,22,2,28.1,74.1,5.0,302.0,fan,turn_off
2026-05-13 14:44:58,14,2,33.0,61.9,83.2,537.8,fan,turn_off
2026-05-13 13:24:30,13,2,33.7,61.6,77.2,543.1,light,turn_off
2026-05-13 22:16:29,22,2,28.9,72.4,3.6,316.4,fan,turn_off
2026-05-14 07:28:11,7,3,32.2,67.6,78.9,3784.3,light,turn_off
2026-05-13 17:39:26,17,2,31.8,62.8,26.6,472.6,light,turn_on
2026-05-13 17:03:24,17,2,34.0,62.6,35.6,445.0,fan,turn_on
2026-05-12 03:38:30,3,1,0.0,0.0,57.0,0.0,fan,turn_off
2026-05-13 03:54:36,3,2,27.2,74.9,4.3,276.5,fan,turn_off
2026-05-13 18:16:36,18,2,30.4,62.6,26.2,427.6,light,turn_on
2026-05-13 12:03:01,12,2,33.6,62.6,82.6,477.4,fan,turn_off
2026-05-13 01:11:21,1,2,28.0,81.9,3.7,300.8,fan,turn_on
2026-05-13 07:24:26,7,2,32.8,66.9,69.7,541.2,fan,turn_on
2026-05-13 07:21:40,7,2,32.5,66.3,75.8,551.9,fan,turn_off
2026-05-13 12:16:14,12,2,33.9,62.6,79.2,447.3,fan,turn_on
2026-05-13 10:50:26,10,2,33.3,64.7,83.8,569.9,fan,turn_on
2026-05-13 01:20:57,1,2,28.1,80.1,4.7,268.4,light,turn_on
2026-05-13 10:06:56,10,2,33.1,64.2,82.7,525.3,light,turn_on
2026-05-13 23:11:16,23,2,28.8,75.4,3.4,319.1,light,turn_on
2026-05-14 04:09:15,4,3,27.5,72.8,2.6,361.2,light,turn_on
2026-05-13 20:50:27,20,2,31.5,64.7,25.7,443.8,fan,turn_off
2026-05-13 07:54:24,7,2,33.1,68.4,71.0,2498.6,light,turn_off
2026-05-14 08:23:35,8,3,33.9,68.5,73.4,513.1,fan,turn_on
2026-05-13 01:42:48,1,2,28.4,78.4,1.4,277.0,fan,turn_on
2026-05-14 06:16:01,6,3,28.3,70.8,4.9,382.1,light,turn_off
2026-05-13 03:34:54,3,2,27.8,73.5,1.0,251.7,fan,turn_off
2026-05-14 02:39:27,2,3,28.7,75.1,4.3,309.4,fan,turn_off
2026-05-13 03:01:32,3,2,27.6,74.2,2.9,287.7,light,turn_on
2026-05-14 02:04:42,2,3,28.3,74.8,5.0,263.6,fan,turn_on
2026-05-14 05:25:44,5,3,28.2,71.4,2.4,373.0,fan,turn_off
2026-05-13 19:37:13,19,2,30.0,65.6,32.2,447.0,fan,turn_off
2026-05-13 14:49:39,14,2,33.2,60.6,72.6,534.2,light,turn_off
2026-05-13 16:38:22,16,2,35.2,61.2,87.9,493.9,fan,turn_on
2026-05-14 06:56:10,6,3,27.1,73.6,6.8,355.0,fan,turn_off
2026-05-14 04:23:48,4,3,28.0,72.8,5.0,363.4,light,turn_on
2026-05-14 02:45:33,2,3,28.9,75.0,1.3,281.6,fan,turn_on
2026-05-14 04:07:55,4,3,27.5,73.2,1.0,363.6,fan,turn_off
2026-05-14 09:16:20,9,3,33.8,63.0,85.5,551.4,fan,turn_on
2026-05-14 04:29:25,4,3,28.0,74.1,5.0,368.4,fan,turn_on
2026-05-13 08:02:09,8,2,33.4,68.9,77.7,721.8,light,turn_off
2026-05-13 12:49:56,12,2,33.2,60.5,76.7,509.3,fan,turn_on
2026-05-14 01:04:19,1,3,27.6,76.2,1.9,314.1,fan,turn_on
2026-05-13 13:44:13,13,2,33.4,62.3,81.2,505.2,light,turn_off
2026-05-14 00:28:25,0,3,27.1,77.4,4.0,286.4,light,turn_on
2026-05-13 21:34:09,21,2,28.7,72.7,4.5,312.3,fan,turn_off
2026-05-13 11:58:35,11,2,33.7,64.6,81.2,549.6,light,turn_off
2026-05-13 10:29:26,10,2,33.5,62.0,85.3,581.4,light,turn_off
2026-05-13 01:07:08,1,2,27.4,83.7,2.0,264.6,fan,turn_off
2026-05-14 08:02:52,8,3,33.6,68.8,72.2,965.4,light,turn_off
2026-05-14 06:59:34,6,3,27.0,74.4,5.9,367.3,light,turn_on
2026-05-14 07:06:55,7,3,28.8,69.5,72.2,3771.2,fan,turn_on
2026-05-07 07:55:05,7,3,33.7,58.0,84.0,3438.0,light,turn_off
2026-05-14 05:15:13,5,3,28.4,72.0,4.1,389.9,fan,turn_off
2026-05-12 03:33:30,3,1,33.4,57.2,63.0,449.0,light,turn_on
2026-05-14 05:22:27,5,3,28.3,71.3,5.2,365.6,light,turn_on
2026-05-07 08:03:15,8,3,34.0,57.5,80.0,3280.0,fan,turn_on
2026-05-13 05:11:49,5,2,27.5,75.3,2.7,393.1,fan,turn_off
2026-05-13 15:43:01,15,2,35.0,58.3,78.7,488.5,light,turn_off
2026-05-14 09:15:50,9,3,33.7,62.7,83.1,572.1,fan,turn_on
2026-05-13 18:48:22,18,2,30.6,65.0,19.8,483.6,fan,turn_on
2026-05-12 03:48:35,3,1,33.5,56.70000000000001,69.0,392.0,light,turn_on
2026-05-13 03:51:03,3,2,27.1,75.2,3.2,272.0,fan,turn_off
2026-05-12 03:52:10,3,1,33.5,56.3,62.0,436.0,light,turn_on
2026-05-13 14:36:36,14,2,33.3,61.5,74.9,532.8,light,turn_off
2026-05-13 11:06:26,11,2,33.6,62.6,83.4,516.9,fan,turn_on
2026-05-13 20:10:51,20,2,32.0,62.6,25.5,431.4,light,turn_on
2026-05-13 19:50:40,19,2,30.6,63.9,37.0,449.2,light,turn_on
2026-05-13 02:20:04,2,2,28.8,76.7,2.4,269.8,light,turn_on
2026-05-13 23:23:06,23,2,28.9,76.3,2.7,284.0,light,turn_on
2026-05-13 12:07:48,12,2,33.9,61.4,84.6,478.2,light,turn_off
2026-05-13 03:54:57,3,2,27.1,75.2,3.5,274.1,fan,turn_off
2026-05-14 09:00:02,9,3,34.3,65.3,75.0,647.6,fan,turn_on
2026-05-13 21:08:19,21,2,30.3,69.5,1.0,302.3,light,turn_on
2026-05-13 21:24:12,21,2,28.7,72.7,5.0,317.0,fan,turn_off
2026-05-13 23:41:22,23,2,27.9,77.9,5.0,298.3,light,turn_on
2026-05-13 12:46:54,12,2,33.5,60.1,79.7,510.0,fan,turn_on
2026-05-14 04:24:21,4,3,28.1,73.0,5.0,344.8,light,turn_on
2026-05-14 00:37:13,0,3,26.7,78.7,2.5,262.2,fan,turn_off
2026-05-14 05:37:51,5,3,28.4,71.7,4.2,358.5,light,turn_on
2026-05-13 00:37:44,0,2,27.2,81.6,3.6,283.5,light,turn_on
2026-05-14 06:44:17,6,3,27.5,72.7,3.8,372.9,fan,turn_off
2026-05-07 08:17:50,8,3,33.7,59.4,83.0,424.0,fan,turn_on
2026-05-14 05:34:37,5,3,28.6,71.9,3.3,382.0,fan,turn_on
2026-05-07 08:17:30,8,3,33.7,59.3,83.0,433.0,light,turn_off
2026-05-13 03:49:20,3,2,27.2,75.0,3.1,289.7,fan,turn_off
2026-05-13 16:30:07,16,2,35.0,60.1,83.6,504.1,fan,turn_on
2026-05-13 05:45:38,5,2,28.1,73.5,5.1,341.4,fan,turn_on
2026-05-14 03:54:17,3,3,27.4,76.0,1.9,295.2,fan,turn_off
2026-05-14 00:09:42,0,3,27.5,77.9,5.0,282.2,fan,turn_off
2026-05-13 01:59:28,1,2,29.0,78.7,3.0,264.6,fan,turn_off
2026-05-14 06:48:11,6,3,27.4,72.4,2.2,355.1,fan,turn_off
2026-05-14 01:18:16,1,3,27.8,76.7,2.5,305.4,light,turn_off
2026-05-07 08:01:40,8,3,34.1,57.6,79.0,3303.0,fan,turn_on
2026-05-13 00:31:05,0,2,27.3,81.1,2.9,311.0,light,turn_on
2026-05-14 04:13:44,4,3,27.6,73.7,3.1,390.2,light,turn_on
2026-05-13 20:57:30,20,2,31.6,64.3,25.1,426.0,light,turn_on
2026-05-13 22:22:33,22,2,29.0,71.9,1.2,288.6,fan,turn_off
2026-05-13 06:50:06,6,2,27.5,74.6,2.6,382.6,light,turn_on
2026-05-14 06:12:50,6,3,27.9,70.2,4.1,355.8,light,turn_on
2026-05-14 03:15:47,3,3,27.8,76.2,3.2,292.4,fan,turn_off
2026-05-14 06:08:35,6,3,28.5,70.9,1.5,333.9,fan,turn_on
2026-05-13 05:37:35,5,2,28.3,75.1,1.2,384.3,fan,turn_on
2026-05-14 02:04:08,2,3,28.5,75.0,5.0,278.1,light,turn_on
2026-05-13 13:05:52,13,2,33.2,60.5,78.5,438.1,light,turn_off
2026-05-13 03:50:12,3,2,27.2,74.8,4.5,292.4,light,turn_on
2026-05-14 03:30:16,3,3,27.9,75.1,5.0,274.0,fan,turn_off
2026-05-13 20:12:25,20,2,31.8,62.5,29.9,402.3,fan,turn_on
2026-05-13 04:10:23,4,2,27.2,75.3,5.0,369.1,light,turn_on
2026-05-13 18:59:11,18,2,30.6,64.8,32.7,420.4,fan,turn_on
2026-05-13 05:14:06,5,2,27.8,75.4,4.7,409.2,fan,turn_off
2026-05-13 06:26:30,6,2,27.8,70.4,3.1,328.4,fan,turn_off
2026-05-13 00:12:23,0,2,27.2,79.7,1.0,313.6,light,turn_on
2026-05-13 09:15:15,9,2,34.3,63.3,88.6,558.7,fan,turn_on
2026-05-13 04:08:07,4,2,27.1,75.9,3.9,377.6,light,turn_on
2026-05-13 02:06:43,2,2,28.9,77.8,3.5,282.2,light,turn_on
2026-05-14 08:50:47,8,3,33.7,66.7,71.3,2465.6,light,turn_off
2026-05-13 12:10:15,12,2,33.8,61.6,82.6,500.8,light,turn_off
2026-05-13 09:04:24,9,2,33.9,64.5,79.3,1273.1,fan,turn_on
2026-05-13 04:26:23,4,2,27.3,75.8,2.6,389.7,light,turn_on
2026-05-13 20:10:51,20,2,32.0,62.6,25.5,431.4,fan,turn_on
2026-05-14 01:22:28,1,3,27.9,75.5,1.0,299.9,light,turn_on
2026-05-14 07:59:12,7,3,33.5,68.1,73.5,1969.9,light,turn_off
2026-05-14 01:05:50,1,3,27.6,76.1,1.1,305.8,light,turn_on
2026-05-13 19:12:09,19,2,30.4,64.7,29.3,463.3,fan,turn_off
2026-05-13 13:14:12,13,2,33.5,60.6,81.1,491.2,light,turn_off
2026-05-13 16:04:50,16,2,34.7,57.9,78.8,465.6,light,turn_off
2026-05-13 04:24:45,4,2,27.3,76.4,4.7,366.1,fan,turn_off
2026-05-13 11:50:49,11,2,33.3,64.0,86.1,509.9,fan,turn_on
2026-05-13 02:32:53,2,2,28.8,74.5,2.9,248.3,fan,turn_off
2026-05-13 19:41:14,19,2,30.4,65.0,28.4,447.2,light,turn_on
2026-05-13 06:07:17,6,2,28.0,71.9,3.8,378.0,fan,turn_off
2026-05-13 17:04:54,17,2,33.9,63.2,37.3,438.1,fan,turn_off
2026-05-14 07:18:23,7,3,31.4,67.9,71.8,3200.6,fan,turn_on
2026-05-14 04:13:44,4,3,27.6,73.7,3.1,390.2,fan,turn_on
2026-05-13 13:43:38,13,2,33.5,62.2,79.7,528.4,light,turn_off
2026-05-13 01:31:32,1,2,28.5,79.1,4.0,295.0,light,turn_on
2026-05-13 12:04:44,12,2,33.6,62.1,84.9,504.4,light,turn_off
2026-05-13 03:08:41,3,2,27.2,72.9,2.9,248.9,light,turn_on
2026-05-14 04:44:49,4,3,28.1,73.4,4.9,387.5,fan,turn_off
2026-05-13 15:39:58,15,2,35.1,59.4,74.6,499.1,light,turn_off
2026-05-13 09:37:27,9,2,33.1,63.2,88.3,587.9,light,turn_off
2026-05-13 07:14:54,7,2,31.2,67.9,78.5,1042.2,fan,turn_on
2026-05-12 03:09:40,3,1,33.2,57.6,65.0,485.0,light,turn_on
2026-05-13 19:19:12,19,2,30.0,64.7,25.7,442.1,light,turn_on
2026-05-13 07:31:06,7,2,32.3,68.3,76.2,498.0,light,turn_off
2026-05-13 03:27:33,3,2,27.1,73.4,4.6,268.1,fan,turn_off
2026-05-13 05:34:10,5,2,28.2,73.8,4.2,389.4,fan,turn_on
2026-05-13 19:06:16,19,2,30.3,64.4,26.7,448.5,light,turn_on
2026-05-13 03:21:01,3,2,26.9,72.2,1.3,283.6,light,turn_on
2026-05-14 05:16:29,5,3,28.4,71.4,2.9,397.0,light,turn_on
2026-05-13 03:20:40,3,2,26.9,71.8,1.9,279.3,light,turn_on
2026-05-13 20:50:27,20,2,31.5,64.7,25.7,443.8,light,turn_on
2026-05-14 07:23:55,7,3,32.3,66.5,74.0,901.2,light,turn_off
2026-05-13 23:13:23,23,2,28.7,76.1,4.1,303.1,fan,turn_on
2026-05-13 10:24:51,10,2,33.8,62.8,90.1,563.2,fan,turn_off
2026-05-14 06:07:36,6,3,28.3,70.8,1.5,345.6,light,turn_on
2026-05-14 00:43:50,0,3,27.0,78.1,4.4,300.9,fan,turn_off
2026-05-14 04:41:57,4,3,28.3,73.5,5.0,365.7,light,turn_on
2026-05-13 17:59:14,17,2,31.8,62.9,25.7,449.3,light,turn_on
2026-05-14 02:18:02,2,3,28.0,74.8,1.0,231.9,fan,turn_off
2026-05-14 05:31:42,5,3,28.2,71.2,6.0,373.4,fan,turn_off
2026-05-13 14:07:02,14,2,33.3,61.5,81.5,489.2,light,turn_off
2026-05-13 20:29:43,20,2,31.2,64.4,26.7,431.9,fan,turn_off
2026-05-14 07:19:55,7,3,31.7,67.0,72.5,2511.0,fan,turn_on
2026-05-14 01:25:38,1,3,27.4,75.5,2.9,260.2,light,turn_on
2026-05-14 07:36:08,7,3,32.7,66.9,77.9,3170.8,fan,turn_on
2026-05-13 00:20:29,0,2,27.4,80.9,3.1,257.8,fan,turn_off
2026-05-12 03:43:25,3,1,33.3,55.5,68.0,435.0,light,turn_on
2026-05-14 01:34:06,1,3,28.2,75.2,3.4,266.5,light,turn_on
2026-05-13 08:18:06,8,2,33.9,69.8,73.0,1310.3,light,turn_off
2026-05-14 00:15:15,0,3,27.0,78.4,2.3,285.0,light,turn_on
2026-05-14 01:01:20,1,3,27.4,76.4,3.7,330.5,light,turn_on
2026-05-13 16:56:20,16,2,34.7,60.6,84.6,522.9,light,turn_off
2026-05-13 21:26:06,21,2,28.7,72.3,3.0,287.3,light,turn_on
2026-05-13 10:32:12,10,2,33.8,61.4,85.9,513.7,light,turn_off
2026-05-14 04:28:00,4,3,28.0,73.6,3.7,389.8,light,turn_on
2026-05-13 11:31:25,11,2,33.1,62.6,89.8,514.7,fan,turn_on
2026-05-13 10:42:26,10,2,33.5,62.2,93.4,555.7,fan,turn_on
2026-05-13 00:06:34,0,2,27.3,79.3,1.0,292.7,fan,turn_off
2026-05-14 04:36:00,4,3,28.5,73.1,5.0,371.6,fan,turn_off
2026-05-13 15:24:12,15,2,33.8,58.3,77.0,525.4,light,turn_off
2026-05-14 03:27:02,3,3,27.7,75.4,1.0,257.8,light,turn_on
2026-05-13 11:22:40,11,2,33.0,61.9,88.3,498.0,light,turn_off
2026-05-13 03:35:26,3,2,27.8,73.4,1.0,277.1,light,turn_on
2026-05-13 03:07:00,3,2,27.0,72.6,4.7,262.2,fan,turn_off
2026-05-14 03:13:31,3,3,28.1,76.4,2.1,316.9,light,turn_off
2026-05-13 16:44:45,16,2,35.3,60.7,82.9,510.1,light,turn_off
2026-05-13 01:09:16,1,2,27.7,82.4,2.9,289.3,light,turn_on
2026-05-13 09:22:42,9,2,33.5,64.5,90.2,596.1,light,turn_off
2026-05-13 05:30:28,5,2,28.2,73.9,8.7,359.4,light,turn_on
2026-05-13 02:52:06,2,2,27.4,74.9,3.4,298.4,light,turn_on
2026-05-13 08:02:55,8,2,33.3,69.4,73.9,670.0,light,turn_off
2026-05-13 23:06:20,23,2,28.7,74.5,2.9,261.8,light,turn_on
2026-05-13 07:50:54,7,2,33.2,69.2,71.0,3685.0,fan,turn_off
2026-05-13 18:41:30,18,2,30.0,65.1,28.0,441.0,light,turn_off
2026-05-13 10:24:02,10,2,33.7,62.7,86.6,534.6,fan,turn_on
2026-05-13 15:46:38,15,2,35.2,58.4,81.0,520.5,fan,turn_on
2026-05-13 07:21:40,7,2,32.5,66.3,75.8,551.9,light,turn_off
2026-05-14 03:06:02,3,3,28.6,75.1,4.6,284.7,light,turn_on
2026-05-13 00:24:40,0,2,28.0,81.5,5.0,242.6,light,turn_off
2026-05-13 03:36:58,3,2,27.6,74.7,3.0,271.8,fan,turn_off
2026-05-13 20:55:51,20,2,31.6,64.0,29.0,439.6,fan,turn_on
2026-05-13 13:21:36,13,2,33.8,60.7,73.1,553.3,light,turn_off
2026-05-13 15:10:34,15,2,33.4,57.5,79.1,493.4,light,turn_off
2026-05-13 10:36:31,10,2,33.7,61.1,83.2,542.6,light,turn_off
2026-05-13 13:03:45,13,2,33.2,60.4,77.4,483.8,light,turn_off
2026-05-13 00:47:21,0,2,27.4,82.7,3.0,281.9,fan,turn_on
2026-05-13 12:16:47,12,2,34.0,62.2,81.0,449.6,fan,turn_on
2026-05-13 17:32:59,17,2,31.9,62.7,27.3,424.4,light,turn_off
2026-05-13 22:53:48,22,2,28.1,74.7,5.0,325.6,light,turn_on
2026-05-14 07:45:48,7,3,32.9,65.9,77.0,1580.8,light,turn_off
2026-05-13 04:49:24,4,2,27.4,75.9,1.0,374.4,fan,turn_off
2026-05-13 16:58:42,16,2,34.9,61.2,83.0,471.7,light,turn_off
2026-05-14 04:27:33,4,3,27.9,73.7,2.1,376.8,fan,turn_off
2026-05-13 00:00:00,0,2,27.5,78.1,1.7,293.9,fan,turn_off
2026-05-13 10:36:01,10,2,33.6,61.5,81.7,534.1,fan,turn_on
2026-05-14 03:19:31,3,3,27.9,76.7,1.7,286.3,light,turn_on
2026-05-13 03:18:30,3,2,27.3,72.0,1.1,272.8,light,turn_on
2026-05-14 01:07:25,1,3,27.3,75.8,1.1,312.5,light,turn_on
2026-05-13 16:27:05,16,2,35.0,60.4,83.4,532.0,light,turn_off
2026-05-13 04:55:44,4,2,27.6,76.3,2.5,354.8,light,turn_on
2026-05-14 02:50:38,2,3,28.9,73.9,2.6,276.6,fan,turn_off
2026-05-13 03:52:31,3,2,27.1,75.0,1.0,283.0,light,turn_on
2026-05-13 10:23:09,10,2,33.5,62.9,84.4,549.5,light,turn_off
2026-05-13 04:30:41,4,2,27.1,75.8,5.0,365.7,light,turn_on
2026-05-13 17:50:16,17,2,31.7,64.1,29.4,408.2,light,turn_on
2026-05-13 15:12:57,15,2,33.1,57.4,80.6,468.5,fan,turn_off
2026-05-13 08:20:37,8,2,33.9,69.9,74.1,824.2,light,turn_off
2026-05-13 08:15:20,8,2,34.0,68.8,69.8,2920.3,light,turn_off
2026-05-13 00:32:21,0,2,27.3,80.6,2.9,306.2,light,turn_on
2026-05-13 08:09:54,8,2,33.7,69.0,74.2,2642.6,fan,turn_on
2026-05-13 10:46:31,10,2,33.3,63.4,85.5,543.3,fan,turn_on
2026-05-14 06:12:50,6,3,27.9,70.2,4.1,355.8,fan,turn_off
2026-05-14 03:30:47,3,3,27.8,75.3,4.8,275.5,fan,turn_off
2026-05-12 03:49:50,3,1,33.5,56.7,64.0,426.0,light,turn_on
2026-05-14 04:53:42,4,3,27.8,72.1,2.6,386.8,light,turn_on
2026-05-13 11:50:15,11,2,33.2,64.5,86.6,543.7,fan,turn_on
2026-05-13 06:15:13,6,2,27.9,70.9,1.0,381.3,fan,turn_off
2026-05-14 07:06:55,7,3,28.8,69.5,72.2,3771.2,light,turn_off
2026-05-13 01:03:30,1,2,27.5,83.5,1.8,303.0,fan,turn_off
2026-05-13 23:21:08,23,2,28.9,75.8,2.5,304.1,fan,turn_on
2026-05-13 00:55:01,0,2,27.6,83.9,3.9,298.1,light,turn_on
2026-05-13 04:05:53,4,2,27.2,75.4,2.5,331.6,light,turn_on
2026-05-12 03:47:05,3,1,33.4,56.4,69.0,435.0,light,turn_on
2026-05-12 03:06:05,3,1,33.0,58.1,65.0,494.0,fan,turn_on
2026-05-14 06:16:22,6,3,28.2,70.8,3.4,362.5,light,turn_on
2026-05-13 02:17:44,2,2,28.8,77.2,1.4,275.7,fan,turn_off
2026-05-13 08:04:20,8,2,33.6,69.5,70.6,611.0,light,turn_on
2026-05-13 07:27:57,7,2,32.6,67.1,75.4,484.4,light,turn_off
2026-05-14 00:55:38,0,3,27.7,76.9,2.6,273.3,fan,turn_off
2026-05-14 03:17:07,3,3,27.8,76.2,3.1,312.4,light,turn_on
2026-05-13 22:23:26,22,2,29.0,72.3,1.0,277.3,light,turn_on
2026-05-14 08:10:02,8,3,33.5,70.1,80.4,580.0,fan,turn_on
2026-05-13 03:44:15,3,2,27.3,75.2,4.4,273.5,fan,turn_off
2026-05-14 06:36:33,6,3,27.8,72.7,8.7,326.5,light,turn_off
2026-05-14 03:30:47,3,3,27.8,75.3,4.8,275.5,light,turn_on
2026-05-14 01:59:43,1,3,28.9,75.4,3.0,274.9,light,turn_on
2026-05-13 14:49:07,14,2,33.1,60.7,70.7,518.1,fan,turn_on
2026-05-13 13:57:49,13,2,33.2,62.2,71.7,560.9,fan,turn_off
2026-05-13 17:34:48,17,2,31.8,63.3,23.9,413.2,light,turn_on
2026-05-13 01:34:40,1,2,28.4,78.1,3.3,292.0,light,turn_on
2026-05-13 01:53:22,1,2,29.0,77.8,2.4,323.5,light,turn_on
2026-05-14 05:35:26,5,3,28.6,72.1,4.2,367.8,fan,turn_on
2026-05-13 20:57:00,20,2,31.4,64.7,26.3,447.3,fan,turn_on
2026-05-13 08:14:54,8,2,33.8,68.7,73.5,3548.3,fan,turn_on
2026-05-14 07:56:43,7,3,33.6,68.3,72.7,2710.2,fan,turn_on
2026-05-13 06:16:56,6,2,28.0,70.4,1.3,391.8,fan,turn_off
2026-05-13 15:37:17,15,2,35.0,58.5,80.7,489.5,light,turn_off
2026-05-13 12:21:18,12,2,33.8,62.9,77.1,434.0,fan,turn_on
2026-05-13 13:46:47,13,2,33.1,62.2,80.1,465.1,fan,turn_on
2026-05-13 21:04:43,21,2,30.8,67.1,1.4,273.2,fan,turn_off
2026-05-13 05:22:14,5,2,28.2,73.4,4.3,366.4,fan,turn_on
2026-05-13 22:11:47,22,2,28.4,73.0,3.4,274.4,light,turn_on
2026-05-14 02:38:40,2,3,28.8,75.4,2.6,324.2,fan,turn_off
2026-05-14 02:35:06,2,3,28.7,74.9,2.2,303.1,light,turn_on
2026-05-13 11:28:31,11,2,33.2,61.9,89.7,536.2,light,turn_off
2026-05-13 03:18:30,3,2,27.3,72.0,1.1,272.8,fan,turn_off
2026-05-13 01:36:30,1,2,28.3,78.1,3.3,278.5,fan,turn_off
2026-05-13 03:15:23,3,2,27.3,72.1,5.0,306.2,light,turn_on
2026-05-14 08:21:44,8,3,34.0,68.8,75.5,516.7,fan,turn_on
2026-05-13 01:17:02,1,2,28.1,81.0,4.9,248.4,light,turn_on
2026-05-13 15:29:55,15,2,34.8,57.9,82.3,546.0,fan,turn_on
2026-05-13 19:55:20,19,2,31.0,63.0,31.2,419.3,light,turn_on
2026-05-14 06:22:05,6,3,28.7,70.6,2.3,331.4,light,turn_on
2026-05-13 03:42:54,3,2,27.3,75.8,4.4,267.4,fan,turn_on
2026-05-13 17:38:14,17,2,31.9,63.1,27.4,444.5,light,turn_off
2026-05-13 21:17:25,21,2,28.8,72.7,4.1,305.3,light,turn_on
2026-05-13 06:41:26,6,2,27.7,73.9,4.3,377.7,light,turn_on
2026-05-13 11:43:50,11,2,33.5,63.5,88.7,523.0,fan,turn_on
2026-05-13 10:43:04,10,2,33.5,62.1,89.8,539.6,light,turn_off
2026-05-13 21:07:22,21,2,30.4,69.0,1.0,297.2,light,turn_on
2026-05-13 21:34:09,21,2,28.7,72.7,4.5,312.3,light,turn_on
2026-05-13 20:48:18,20,2,31.1,64.5,28.8,489.6,light,turn_on
2026-05-13 20:49:40,20,2,31.5,64.4,27.9,484.0,light,turn_on
2026-05-14 06:40:22,6,3,27.7,72.7,5.3,355.0,fan,turn_off
2026-05-14 02:27:52,2,3,28.4,74.9,2.2,264.5,light,turn_on
2026-05-14 04:01:49,4,3,27.2,75.1,3.8,320.9,light,turn_off
2026-05-14 00:23:12,0,3,26.9,77.9,5.0,300.1,light,turn_off
2026-05-13 09:52:51,9,2,33.4,64.6,86.8,546.2,light,turn_off
2026-05-13 11:43:27,11,2,33.4,63.2,85.3,513.9,fan,turn_on
2026-05-14 07:08:46,7,3,29.3,69.9,70.2,2550.3,light,turn_off
2026-05-14 03:56:48,3,3,27.5,74.8,1.5,253.4,fan,turn_off
2026-05-13 20:38:58,20,2,30.7,64.1,25.4,429.6,fan,turn_on
2026-05-13 01:27:56,1,2,28.6,79.5,3.2,293.5,fan,turn_on
2026-05-13 05:01:36,5,2,27.5,75.7,3.0,336.3,fan,turn_off
2026-05-13 08:58:38,8,2,33.8,68.8,72.5,3903.8,fan,turn_off
2026-05-14 07:22:28,7,3,32.2,66.3,74.6,1339.4,fan,turn_on
2026-05-14 07:14:46,7,3,30.6,68.8,76.5,1875.1,fan,turn_off
2026-05-13 05:08:41,5,2,27.4,75.1,7.3,373.2,fan,turn_off
2026-05-14 06:21:20,6,3,28.6,70.2,4.6,341.5,light,turn_on
2026-05-13 14:11:32,14,2,33.6,61.4,80.1,521.0,fan,turn_on
2026-05-13 12:22:25,12,2,34.0,62.7,75.0,434.0,light,turn_off
2026-05-14 04:07:55,4,3,27.5,73.2,1.0,363.6,light,turn_on
2026-05-13 13:23:59,13,2,33.5,61.2,75.0,531.7,light,turn_off
2026-05-13 19:02:23,19,2,30.2,65.5,24.2,452.1,light,turn_on
2026-05-12 03:40:05,3,1,33.3,55.9,60.0,433.0,fan,turn_on
2026-05-13 21:25:08,21,2,28.7,72.1,3.0,296.3,fan,turn_on
2026-05-13 14:15:03,14,2,33.6,61.5,78.0,554.1,fan,turn_on
2026-05-13 06:02:02,6,2,27.9,72.7,1.7,366.6,light,turn_on
2026-05-13 15:54:29,15,2,35.3,59.3,84.7,504.7,fan,turn_on
2026-05-13 22:57:27,22,2,27.9,74.9,5.0,316.1,light,turn_on
2026-05-12 03:51:10,3,1,33.5,57.1,64.0,439.0,light,turn_on
2026-05-13 00:48:41,0,2,27.6,82.5,2.3,276.7,fan,turn_off
2026-05-14 09:09:34,9,3,33.5,64.3,84.6,546.5,light,turn_off
2026-05-13 15:33:48,15,2,34.9,58.9,83.2,549.7,fan,turn_on
2026-05-13 15:02:23,15,2,33.2,58.7,81.3,512.0,light,turn_off
2026-05-14 02:26:37,2,3,28.4,75.1,3.8,259.4,fan,turn_on
2026-05-14 04:56:20,4,3,28.1,71.4,1.0,363.5,fan,turn_on
2026-05-13 21:47:50,21,2,27.9,72.8,3.1,303.3,fan,turn_off
2026-05-14 09:14:36,9,3,33.5,62.6,84.0,572.3,light,turn_off
2026-05-14 07:29:50,7,3,32.1,67.6,73.0,3057.0,light,turn_off
2026-05-13 11:37:21,11,2,33.3,61.7,89.0,575.0,light,turn_off
2026-05-13 04:30:41,4,2,27.1,75.8,5.0,365.7,fan,turn_off
2026-05-12 03:33:00,3,1,33.4,57.1,55.0,447.0,light,turn_on
2026-05-14 07:53:43,7,3,33.5,67.5,74.5,3811.3,light,turn_off
2026-05-14 01:31:42,1,3,27.9,76.1,4.3,286.3,fan,turn_off
2026-05-13 15:18:13,15,2,33.6,56.5,77.6,515.2,light,turn_off
2026-05-13 14:47:41,14,2,33.3,61.3,75.9,500.6,fan,turn_off
2026-05-07 07:58:40,7,3,34.1,58.3,82.0,3353.0,light,turn_off
2026-05-14 07:06:27,7,3,28.6,69.7,73.2,489.1,fan,turn_on
2026-05-13 13:43:38,13,2,33.5,62.2,79.7,528.4,fan,turn_on
2026-05-13 19:18:05,19,2,30.0,64.6,30.5,406.6,light,turn_on
2026-05-14 08:22:08,8,3,34.0,69.2,75.8,497.7,fan,turn_on
2026-05-13 22:05:24,22,2,27.9,73.2,1.3,252.5,light,turn_on
2026-05-13 05:05:08,5,2,27.7,76.0,4.0,364.5,light,turn_off
2026-05-14 01:32:18,1,3,28.1,75.6,5.0,264.8,light,turn_on
2026-05-13 00:33:31,0,2,27.1,80.2,1.2,293.2,fan,turn_off
2026-05-13 16:32:29,16,2,35.2,60.8,76.1,540.3,fan,turn_on
2026-05-13 17:59:35,17,2,31.9,62.7,28.8,425.8,fan,turn_on
2026-05-14 03:38:54,3,3,27.6,75.2,3.7,281.9,light,turn_on
2026-05-14 01:04:55,1,3,27.6,75.7,1.0,302.7,light,turn_on
2026-05-13 06:53:52,6,2,27.5,74.4,1.5,377.4,fan,turn_on
2026-05-13 12:05:32,12,2,33.6,61.7,87.6,458.4,fan,turn_on
2026-05-13 14:23:45,14,2,33.3,62.7,79.1,513.0,fan,turn_on
2026-05-14 08:07:39,8,3,33.6,69.8,78.4,638.8,fan,turn_on
2026-05-13 21:32:56,21,2,29.0,73.0,4.7,314.0,light,turn_on
2026-05-13 16:38:49,16,2,35.3,61.0,86.1,480.5,fan,turn_on
2026-05-14 08:39:34,8,3,34.0,66.8,77.7,582.9,light,turn_off
2026-05-13 15:09:38,15,2,33.3,57.6,78.7,488.2,light,turn_off
2026-05-13 16:54:03,16,2,34.8,59.8,85.2,515.4,light,turn_off
2026-05-14 02:24:37,2,3,28.1,75.0,4.4,256.9,fan,turn_off
2026-05-13 03:55:18,3,2,26.9,75.0,4.7,292.6,fan,turn_off
2026-05-13 18:12:27,18,2,30.4,62.2,32.9,443.2,fan,turn_off
2026-05-13 07:58:48,7,2,33.6,68.9,82.1,1009.8,fan,turn_off
2026-05-13 16:27:05,16,2,35.0,60.4,83.4,532.0,fan,turn_on
2026-05-13 21:02:46,21,2,31.2,65.4,2.3,351.7,fan,turn_on
2026-05-14 08:20:46,8,3,33.9,68.9,74.5,535.5,fan,turn_on
2026-05-13 02:00:05,2,2,28.8,78.4,1.7,289.2,light,turn_on
2026-05-14 00:37:13,0,3,26.7,78.7,2.5,262.2,light,turn_on
2026-05-14 06:04:14,6,3,27.9,72.0,4.4,353.2,light,turn_on
2026-05-13 02:25:32,2,2,28.9,76.9,5.0,292.2,light,turn_on
2026-05-14 02:34:41,2,3,28.8,74.8,4.1,284.6,light,turn_on
2026-05-13 19:26:05,19,2,29.7,66.3,24.9,408.5,light,turn_on
2026-05-13 17:19:26,17,2,31.7,62.3,31.0,459.4,light,turn_on
2026-05-13 22:12:08,22,2,28.6,72.6,5.0,271.8,light,turn_on
2026-05-13 07:15:38,7,2,31.4,67.6,73.7,821.0,light,turn_off
2026-05-13 16:08:54,16,2,35.1,58.5,82.8,488.6,light,turn_off
2026-05-14 08:15:08,8,3,33.5,69.6,74.3,530.4,fan,turn_off
2026-05-13 00:59:35,0,2,27.9,83.1,1.7,307.1,fan,turn_on
2026-05-13 06:31:41,6,2,27.9,71.3,6.1,362.9,fan,turn_off
2026-05-14 08:07:39,8,3,33.6,69.8,78.4,638.8,light,turn_off
2026-05-14 03:06:02,3,3,28.6,75.1,4.6,284.7,fan,turn_on
2026-05-14 08:15:08,8,3,33.5,69.6,74.3,530.4,light,turn_off
2026-05-13 22:21:34,22,2,29.1,71.7,2.4,278.1,fan,turn_on
2026-05-14 03:49:06,3,3,27.2,76.6,4.0,281.8,fan,turn_off
2026-05-13 09:39:13,9,2,33.0,63.2,92.0,599.8,fan,turn_on
2026-05-13 11:13:41,11,2,33.6,61.1,87.9,552.8,light,turn_off
2026-05-14 06:56:58,6,3,27.0,73.9,4.9,364.7,fan,turn_off
2026-05-13 10:52:38,10,2,33.3,64.3,84.0,576.0,fan,turn_off
2026-05-13 01:00:15,1,2,27.9,83.1,1.0,292.5,fan,turn_on
2026-05-14 03:36:03,3,3,27.8,75.7,2.2,287.4,light,turn_on
2026-05-14 04:38:09,4,3,28.2,73.3,2.3,366.3,light,turn_on
2026-05-13 05:20:44,5,2,27.9,74.1,7.1,361.0,fan,turn_off
2026-05-13 12:29:39,12,2,33.4,62.6,73.3,475.5,fan,turn_on
2026-05-13 10:41:22,10,2,33.6,62.2,87.6,548.8,fan,turn_on
2026-05-13 23:27:35,23,2,28.8,76.5,3.6,262.2,light,turn_on
2026-05-13 01:57:12,1,2,28.8,78.2,4.7,299.9,light,turn_on
2026-05-13 15:16:23,15,2,33.2,57.0,78.1,490.0,fan,turn_on
2026-05-14 03:49:26,3,3,27.1,76.2,3.2,278.4,fan,turn_off
2026-05-13 00:38:15,0,2,27.3,81.1,2.8,269.0,fan,turn_off
2026-05-13 02:14:20,2,2,28.7,78.3,2.8,266.6,fan,turn_on
2026-05-13 06:36:11,6,2,27.8,72.2,3.6,391.0,fan,turn_off
2026-05-13 01:16:21,1,2,28.1,81.5,5.0,253.0,fan,turn_on
2026-05-14 06:46:55,6,3,27.4,71.7,3.1,358.4,light,turn_on
2026-05-13 13:26:58,13,2,33.6,61.7,82.8,496.9,fan,turn_on
2026-05-13 17:28:42,17,2,32.2,62.4,31.4,421.8,fan,turn_off
2026-05-14 05:04:50,5,3,28.1,73.0,4.3,393.5,fan,turn_off
2026-05-13 01:07:08,1,2,27.4,83.7,2.0,264.6,light,turn_on
2026-05-13 01:33:40,1,2,28.5,78.6,2.9,297.9,light,turn_on
2026-05-13 15:11:38,15,2,33.2,57.9,78.1,486.6,light,turn_off
2026-05-13 15:21:42,15,2,33.9,57.3,72.8,475.8,fan,turn_on
2026-05-13 09:16:09,9,2,34.3,63.5,85.4,581.3,fan,turn_on
2026-05-13 21:09:13,21,2,30.1,70.0,1.2,315.0,fan,turn_on
2026-05-13 10:00:54,10,2,33.4,64.4,89.2,580.6,fan,turn_on
2026-05-14 03:45:15,3,3,27.1,76.7,5.0,295.2,fan,turn_off
2026-05-14 07:14:20,7,3,30.5,69.4,75.8,2224.9,light,turn_off
2026-05-13 10:45:34,10,2,33.5,63.0,87.1,534.2,fan,turn_off
2026-05-14 07:44:58,7,3,32.8,65.9,75.2,1875.1,light,turn_off
2026-05-13 05:35:27,5,2,28.3,74.0,2.5,360.2,fan,turn_off
2026-05-13 01:36:57,1,2,28.2,77.9,3.5,262.7,light,turn_on
2026-05-13 00:58:09,0,2,27.8,82.7,4.2,317.2,light,turn_on
2026-05-13 02:08:02,2,2,28.9,78.4,4.4,307.3,fan,turn_off
2026-05-13 12:24:16,12,2,34.1,62.6,73.6,519.4,fan,turn_on
2026-05-13 12:42:18,12,2,34.0,60.4,79.9,490.8,light,turn_off
2026-05-14 08:19:10,8,3,34.0,69.3,75.7,512.8,fan,turn_on
2026-05-13 21:19:24,21,2,29.0,72.9,3.2,281.9,light,turn_on
2026-05-13 21:10:08,21,2,30.0,70.7,1.1,316.4,fan,turn_off
2026-05-13 00:05:10,0,2,27.3,79.0,2.4,303.9,light,turn_on
2026-05-13 21:02:46,21,2,31.2,65.4,2.3,351.7,light,turn_on
2026-05-13 03:27:33,3,2,27.1,73.4,4.6,268.1,light,turn_on
2026-05-13 15:16:47,15,2,33.4,57.1,80.1,497.7,light,turn_off
2026-05-13 08:10:27,8,2,33.8,68.5,76.9,2215.8,light,turn_off
2026-05-13 20:18:46,20,2,31.6,62.3,30.5,421.9,fan,turn_off
2026-05-14 08:22:52,8,3,34.1,68.6,77.1,501.7,light,turn_off
2026-05-14 02:37:18,2,3,29.1,75.5,3.6,290.9,fan,turn_on
2026-05-13 10:01:51,10,2,33.3,64.7,88.2,591.9,light,turn_off
2026-05-13 03:36:17,3,2,27.7,73.9,2.3,266.1,fan,turn_off
2026-05-13 13:33:50,13,2,33.5,62.7,80.9,505.9,light,turn_off
2026-05-13 01:01:38,1,2,27.7,83.8,1.0,285.4,light,turn_on
2026-05-13 19:50:12,19,2,30.6,64.1,37.2,417.3,light,turn_on
2026-05-13 07:11:13,7,2,30.2,68.9,71.8,2664.5,fan,turn_on
2026-05-13 18:58:12,18,2,30.6,65.0,29.9,439.0,light,turn_off
2026-05-13 23:23:30,23,2,29.0,76.3,3.7,268.8,light,turn_on
2026-05-13 07:01:07,7,2,28.2,73.1,29.2,2812.6,fan,turn_on
2026-05-13 20:34:51,20,2,31.1,63.6,29.7,435.6,fan,turn_on
2026-05-13 03:02:29,3,2,27.3,74.1,3.8,277.6,fan,turn_off
2026-05-13 15:30:19,15,2,34.8,57.8,83.0,543.0,fan,turn_on
2026-05-14 06:08:01,6,3,28.4,70.8,1.0,332.9,light,turn_on
2026-05-13 04:45:53,4,2,27.1,76.5,2.4,372.4,fan,turn_off
2026-05-13 05:03:29,5,2,27.4,76.3,3.0,339.2,fan,turn_off
2026-05-14 03:13:05,3,3,28.2,75.9,2.7,336.5,fan,turn_off
2026-05-13 06:03:21,6,2,28.2,72.4,3.9,372.8,light,turn_on
2026-05-13 22:21:34,22,2,29.1,71.7,2.4,278.1,light,turn_on
2026-05-13 17:37:32,17,2,31.7,63.1,26.5,439.8,fan,turn_on
2026-05-13 20:35:12,20,2,31.2,63.5,30.9,429.6,light,turn_on
2026-05-13 20:14:33,20,2,31.8,62.3,31.8,386.3,fan,turn_off
2026-05-14 06:43:29,6,3,27.5,72.4,1.6,379.8,fan,turn_off
2026-05-13 03:48:34,3,2,27.1,74.9,1.9,293.2,fan,turn_off
2026-05-13 05:08:04,5,2,27.5,75.1,7.1,371.5,light,turn_on
2026-05-14 09:15:50,9,3,33.7,62.7,83.1,572.1,light,turn_off
2026-05-13 16:49:10,16,2,35.0,60.0,83.3,484.3,light,turn_off
2026-05-13 08:02:55,8,2,33.3,69.4,73.9,670.0,fan,turn_off
2026-05-13 09:29:59,9,2,33.5,64.2,87.2,596.5,light,turn_off
2026-05-13 07:43:55,7,2,33.0,68.9,77.0,634.1,fan,turn_on
2026-05-14 03:01:24,3,3,28.9,73.6,2.6,282.6,light,turn_on
2026-05-13 05:53:22,5,2,28.0,72.3,5.5,361.4,fan,turn_on
2026-05-13 21:30:38,21,2,28.9,72.7,5.0,286.6,light,turn_on
2026-05-13 14:22:46,14,2,33.1,62.4,77.3,552.5,light,turn_off
2026-05-13 01:11:57,1,2,28.0,81.5,4.8,292.8,light,turn_on
2026-05-13 16:45:15,16,2,35.2,60.4,83.1,509.8,light,turn_off
2026-05-13 07:37:34,7,2,32.6,69.5,74.7,1451.4,fan,turn_on
2026-05-13 22:22:33,22,2,29.0,71.9,1.2,288.6,light,turn_on
2026-05-13 03:46:39,3,2,27.0,75.6,2.4,283.6,fan,turn_off
2026-05-13 12:03:01,12,2,33.6,62.6,82.6,477.4,light,turn_off
2026-05-13 02:19:04,2,2,29.0,76.6,2.4,274.6,fan,turn_on
2026-05-14 06:59:34,6,3,27.0,74.4,5.9,367.3,fan,turn_off
2026-05-13 20:04:32,20,2,31.9,63.8,26.7,440.5,light,turn_on
2026-05-13 23:00:31,23,2,28.1,74.4,4.8,325.0,light,turn_on
2026-05-14 02:10:17,2,3,28.3,73.4,5.0,307.5,fan,turn_on
2026-05-13 22:34:09,22,2,28.9,72.0,2.2,301.1,fan,turn_on
2026-05-13 01:46:08,1,2,28.5,77.9,5.0,291.2,fan,turn_off
2026-05-14 00:41:43,0,3,27.0,78.5,2.3,335.8,fan,turn_off
2026-05-13 11:03:58,11,2,33.6,63.2,86.7,568.1,fan,turn_on
2026-05-14 06:38:35,6,3,27.8,72.7,5.1,333.4,light,turn_on
2026-05-14 07:19:13,7,3,31.6,67.5,75.2,3028.8,fan,turn_on
2026-05-13 21:42:00,21,2,28.0,72.5,2.2,275.4,light,turn_off
2026-05-13 13:50:17,13,2,33.0,62.0,84.0,465.5,fan,turn_off
2026-05-14 02:50:18,2,3,29.0,74.3,2.5,272.4,fan,turn_on
2026-05-13 20:52:54,20,2,31.7,64.9,26.6,427.8,light,turn_on
2026-05-13 19:46:43,19,2,30.3,64.2,25.1,423.6,fan,turn_on
2026-05-13 20:37:32,20,2,30.9,64.3,24.9,438.3,fan,turn_on
2026-05-14 07:47:28,7,3,33.1,65.8,75.3,1048.9,light,turn_off
2026-05-13 20:18:11,20,2,31.7,62.2,34.5,408.2,fan,turn_off
2026-05-14 00:31:23,0,3,26.5,77.6,4.3,268.7,light,turn_on
2026-05-14 08:37:48,8,3,33.8,66.8,74.1,655.9,fan,turn_on
2026-05-13 02:26:46,2,2,28.7,76.6,4.8,266.0,fan,turn_on
2026-05-13 11:00:06,11,2,33.2,63.5,85.9,574.9,light,turn_on
2026-05-13 01:48:24,1,2,28.5,78.0,2.8,291.5,light,turn_on
2026-05-13 02:22:06,2,2,28.8,77.4,3.5,258.4,light,turn_on
2026-05-13 03:55:18,3,2,26.9,75.0,4.7,292.6,light,turn_on
2026-05-14 03:26:14,3,3,27.5,75.3,1.7,259.1,fan,turn_off
2026-05-13 23:19:34,23,2,28.9,76.3,3.4,306.1,light,turn_on
2026-05-13 01:34:17,1,2,28.3,78.6,1.5,289.1,light,turn_on
2026-05-14 07:18:47,7,3,31.5,67.3,74.7,3660.8,fan,turn_on
2026-05-13 05:35:52,5,2,28.4,74.3,1.6,378.7,light,turn_on
2026-05-13 20:43:01,20,2,31.3,64.2,18.8,408.3,light,turn_on
2026-05-14 06:32:39,6,3,28.2,72.9,7.1,313.1,light,turn_on
2026-05-14 09:14:36,9,3,33.5,62.6,84.0,572.3,fan,turn_on
2026-05-13 05:49:53,5,2,28.0,72.7,6.2,379.4,light,turn_on
2026-05-13 15:55:58,15,2,35.6,59.3,85.5,522.7,light,turn_off
2026-05-13 02:23:33,2,2,28.6,78.1,4.2,257.5,fan,turn_off
2026-05-13 04:40:57,4,2,27.2,75.8,4.7,401.6,light,turn_on
2026-05-13 23:46:24,23,2,27.1,79.5,3.2,279.0,light,turn_on
2026-05-13 06:22:50,6,2,27.5,71.9,1.9,338.6,fan,turn_off
2026-05-13 21:52:35,21,2,28.4,72.0,3.7,266.3,light,turn_on
2026-05-13 09:16:46,9,2,34.2,63.5,83.3,567.3,fan,turn_on
2026-05-13 17:48:49,17,2,31.7,64.5,27.3,418.9,fan,turn_off
2026-05-13 05:24:31,5,2,28.2,73.6,8.6,382.8,light,turn_on
2026-05-14 08:13:44,8,3,33.8,69.6,75.1,552.8,fan,turn_on
2026-05-13 05:51:33,5,2,28.1,72.2,6.5,359.9,light,turn_on
2026-05-14 03:41:01,3,3,27.5,75.3,2.6,288.5,light,turn_on
2026-05-13 01:58:00,1,2,28.7,78.5,5.0,285.4,light,turn_on
2026-05-13 20:29:00,20,2,31.2,63.9,23.4,458.8,fan,turn_off
2026-05-13 12:13:29,12,2,34.0,61.9,82.0,462.2,fan,turn_on
2026-05-13 08:39:07,8,2,34.4,69.7,76.7,1221.2,light,turn_off
2026-05-13 18:25:24,18,2,29.7,64.1,35.3,435.3,light,turn_on
2026-05-14 04:36:25,4,3,28.4,73.4,5.0,391.8,light,turn_on
2026-05-13 12:32:53,12,2,33.6,60.5,80.3,495.2,fan,turn_on
2026-05-13 09:36:02,9,2,33.2,63.0,88.4,570.4,light,turn_off
2026-05-14 02:43:09,2,3,29.0,74.4,1.0,281.7,light,turn_on
2026-05-13 10:45:13,10,2,33.6,63.2,88.4,507.8,fan,turn_on
2026-05-14 05:39:46,5,3,28.1,71.9,6.4,363.6,light,turn_on
2026-05-12 03:11:10,3,1,33.1,57.5,62.0,487.0,light,turn_on
2026-05-13 01:26:28,1,2,28.8,79.3,1.4,282.2,light,turn_on
2026-05-13 21:53:21,21,2,28.4,72.7,3.3,286.7,fan,turn_on
2026-05-13 18:47:54,18,2,30.5,64.9,19.4,481.0,light,turn_on
2026-05-14 06:37:33,6,3,27.8,73.0,8.7,342.3,fan,turn_off
2026-05-13 20:46:15,20,2,31.1,64.9,26.8,436.5,fan,turn_on
2026-05-13 05:53:00,5,2,28.1,72.3,5.7,338.6,fan,turn_off
2026-05-13 12:32:16,12,2,33.6,60.7,82.2,522.1,fan,turn_on
2026-05-13 22:51:56,22,2,28.2,74.5,2.7,301.5,light,turn_off
2026-05-14 00:02:02,0,3,27.6,77.3,1.0,281.1,light,turn_on
2026-05-13 23:55:04,23,2,27.6,77.8,4.3,302.4,fan,turn_off
2026-05-14 01:22:48,1,3,27.8,75.6,2.6,273.8,light,turn_on
2026-05-13 05:53:22,5,2,28.0,72.3,5.5,361.4,light,turn_on
2026-05-14 04:06:26,4,3,27.6,73.3,1.0,343.2,light,turn_on
2026-05-13 20:31:23,20,2,31.0,64.1,22.9,445.6,fan,turn_on
2026-05-14 07:04:09,7,3,28.0,70.2,66.1,455.7,fan,turn_off
2026-05-13 18:09:23,18,2,30.8,62.3,26.0,407.8,fan,turn_off
2026-05-13 09:08:07,9,2,33.9,64.8,83.6,732.3,light,turn_off
2026-05-13 05:28:32,5,2,28.3,74.0,7.5,376.3,light,turn_on
2026-05-13 21:55:11,21,2,28.1,73.1,2.9,285.3,light,turn_on
2026-05-13 17:54:37,17,2,31.9,63.3,33.3,427.8,light,turn_on
2026-05-13 11:29:42,11,2,33.0,62.5,87.9,524.2,fan,turn_on
2026-05-13 05:05:53,5,2,27.6,75.9,4.4,354.1,fan,turn_off
2026-05-13 05:58:05,5,2,28.2,72.5,4.3,342.1,light,turn_on
2026-05-13 14:35:57,14,2,33.3,61.2,74.4,539.5,light,turn_off
2026-05-14 02:18:40,2,3,28.0,75.0,1.0,240.8,fan,turn_off
2026-05-13 14:21:59,14,2,33.2,62.1,80.3,522.5,light,turn_off
2026-05-13 17:02:30,17,2,34.3,61.9,45.9,468.3,light,turn_off
2026-05-13 00:56:27,0,2,27.4,83.9,4.6,308.2,light,turn_on
2026-05-13 22:48:37,22,2,28.3,73.4,1.0,302.7,light,turn_on
2026-05-13 03:31:30,3,2,27.6,73.2,3.5,312.9,light,turn_on
2026-05-13 18:37:20,18,2,30.1,65.1,29.4,479.7,light,turn_on
2026-05-13 21:34:38,21,2,28.8,72.7,3.6,286.8,light,turn_on
2026-05-14 02:23:32,2,3,28.0,75.5,5.0,268.2,light,turn_on
2026-05-14 01:51:31,1,3,28.9,73.7,4.1,270.3,fan,turn_off
2026-05-14 07:14:20,7,3,30.5,69.4,75.8,2224.9,fan,turn_off
2026-05-13 03:30:44,3,2,27.4,73.2,3.2,315.8,light,turn_on
2026-05-14 00:46:41,0,3,27.2,77.8,5.0,303.8,light,turn_on
2026-05-14 03:07:28,3,3,28.5,75.6,5.0,269.1,light,turn_on
2026-05-14 02:12:06,2,3,28.3,73.8,3.3,272.6,fan,turn_off
2026-05-14 08:20:06,8,3,33.9,69.0,72.1,529.0,light,turn_off
2026-05-13 09:40:21,9,2,33.1,62.9,91.7,587.3,fan,turn_off
2026-05-13 19:00:30,19,2,30.5,65.0,25.3,421.6,fan,turn_on
2026-05-13 02:24:26,2,2,28.8,77.1,4.5,269.0,fan,turn_on
2026-05-14 00:50:28,0,3,27.6,77.1,3.6,293.8,light,turn_on
2026-05-14 08:20:46,8,3,33.9,68.9,74.5,535.5,light,turn_off
2026-05-13 15:55:26,15,2,35.5,59.4,86.1,502.6,light,turn_off
2026-05-14 07:07:16,7,3,29.0,69.4,74.2,2753.9,light,turn_off
2026-05-13 04:41:19,4,2,27.1,75.6,3.1,409.0,fan,turn_off
2026-05-13 16:02:46,16,2,35.1,58.7,81.0,484.2,fan,turn_on
2026-05-13 12:16:14,12,2,33.9,62.6,79.2,447.3,light,turn_off
2026-05-13 22:46:41,22,2,28.1,73.5,3.0,328.1,light,turn_on
2026-05-13 16:57:15,16,2,34.8,60.4,84.4,500.2,fan,turn_on
2026-05-14 03:48:22,3,3,27.1,76.3,4.1,300.2,light,turn_on
2026-05-13 12:35:34,12,2,33.4,61.1,81.5,524.6,fan,turn_off
2026-05-13 15:07:17,15,2,33.0,58.6,81.4,498.8,fan,turn_on
2026-05-13 12:25:45,12,2,33.7,62.7,73.5,498.2,fan,turn_on
2026-05-13 17:07:56,17,2,33.0,64.7,27.6,433.3,light,turn_on
2026-05-13 13:03:45,13,2,33.2,60.4,77.4,483.8,fan,turn_on
2026-05-13 03:46:39,3,2,27.0,75.6,2.4,283.6,light,turn_on
2026-05-13 19:07:12,19,2,30.2,64.6,30.6,427.1,fan,turn_off
2026-05-14 02:13:26,2,3,28.3,73.4,3.5,269.8,fan,turn_off
2026-05-13 01:30:50,1,2,28.7,79.2,3.0,301.3,fan,turn_off
2026-05-13 05:35:52,5,2,28.4,74.3,1.6,378.7,fan,turn_off
2026-05-14 05:51:24,5,3,27.6,74.8,4.6,391.3,light,turn_on
2026-05-14 09:09:01,9,3,33.4,64.3,83.7,565.5,light,turn_off
2026-05-13 18:43:45,18,2,30.5,64.8,23.9,416.6,light,turn_on
2026-05-14 09:11:42,9,3,33.3,63.3,81.0,552.3,fan,turn_off
2026-05-13 21:58:32,21,2,28.0,71.9,1.4,260.2,light,turn_on
2026-05-13 03:40:38,3,2,27.4,75.8,3.6,295.6,light,turn_on
2026-05-12 03:34:35,3,1,33.3,56.70000000000001,60.0,433.0,light,turn_on
2026-05-14 02:04:42,2,3,28.3,74.8,5.0,263.6,light,turn_on
2026-05-14 01:44:17,1,3,28.6,73.9,4.4,256.1,light,turn_on
2026-05-13 08:11:26,8,2,33.8,68.7,79.0,1856.9,fan,turn_on
2026-05-13 16:20:41,16,2,35.1,59.2,76.6,508.1,light,turn_off
2026-05-13 16:33:18,16,2,35.0,61.0,79.6,561.4,light,turn_off
2026-05-13 20:49:40,20,2,31.5,64.4,27.9,484.0,fan,turn_on
2026-05-13 04:04:26,4,2,27.2,75.1,4.2,354.2,light,turn_on
2026-05-13 03:13:06,3,2,27.1,72.3,5.0,253.4,light,turn_on
2026-05-13 17:20:48,17,2,31.8,62.9,30.6,436.8,fan,turn_on
2026-05-13 04:42:06,4,2,27.3,75.5,3.8,382.0,fan,turn_off
2026-05-14 06:13:44,6,3,28.1,69.7,3.6,368.3,light,turn_off
2026-05-13 05:32:13,5,2,28.2,73.6,6.7,356.7,light,turn_on
2026-05-14 01:07:25,1,3,27.3,75.8,1.1,312.5,fan,turn_on
2026-05-13 11:00:58,11,2,33.3,63.7,87.4,548.7,light,turn_off
2026-05-13 15:15:31,15,2,33.2,57.1,78.5,505.8,light,turn_off
2026-05-13 20:26:06,20,2,31.4,63.3,20.8,436.8,light,turn_on
2026-05-14 09:11:42,9,3,33.3,63.3,81.0,552.3,light,turn_off
2026-05-13 16:25:02,16,2,35.1,59.2,77.1,506.7,fan,turn_on
2026-05-14 08:38:32,8,3,33.7,67.1,76.9,598.3,light,turn_off
2026-05-13 09:57:32,9,2,33.5,64.3,91.9,575.0,light,turn_off
2026-05-13 06:46:49,6,2,27.7,73.8,3.6,368.4,light,turn_on
2026-05-14 01:05:50,1,3,27.6,76.1,1.1,305.8,fan,turn_off
2026-05-13 18:21:48,18,2,29.8,63.0,36.2,468.8,fan,turn_off
2026-05-13 18:30:19,18,2,29.7,65.5,26.9,414.0,light,turn_on
2026-05-13 16:08:18,16,2,35.1,58.0,82.5,515.4,fan,turn_on
2026-05-13 03:42:14,3,2,27.2,76.0,2.7,292.2,light,turn_on
2026-05-07 07:58:10,7,3,34.0,57.9,84.0,3347.0,light,turn_off
2026-05-14 08:05:54,8,3,33.6,69.0,75.2,698.7,fan,turn_on
2026-05-14 06:42:46,6,3,27.6,72.5,3.9,368.5,light,turn_on
2026-05-14 04:01:02,4,3,27.2,74.5,2.8,287.1,light,turn_on
2026-05-13 11:05:50,11,2,33.7,62.3,86.4,549.4,light,turn_off
2026-05-13 15:54:04,15,2,35.2,59.9,81.9,510.7,light,turn_off
2026-05-14 01:39:44,1,3,28.3,75.0,5.0,281.4,fan,turn_on
2026-05-14 06:57:48,6,3,27.1,73.9,2.9,358.6,light,turn_on
2026-05-13 23:47:39,23,2,27.3,79.3,4.9,300.4,fan,turn_off
2026-05-07 08:02:15,8,3,34.0,57.6,80.0,3233.0,fan,turn_on
2026-05-13 07:05:47,7,2,29.2,69.7,64.5,1444.7,light,turn_on
2026-05-13 08:26:21,8,2,34.3,69.0,72.9,592.2,light,turn_off
2026-05-14 08:31:40,8,3,33.5,67.7,78.5,1556.3,light,turn_off
2026-05-13 09:42:59,9,2,33.1,63.7,90.3,542.5,light,turn_off
2026-05-13 03:11:38,3,2,26.9,72.5,5.0,242.9,fan,turn_off
2026-05-14 06:30:45,6,3,28.5,72.3,7.0,338.4,light,turn_on
2026-05-14 08:40:12,8,3,33.8,66.9,77.7,562.5,fan,turn_off
2026-05-13 10:31:20,10,2,33.7,61.1,83.5,532.2,fan,turn_on
2026-05-13 06:22:29,6,2,27.7,71.4,2.5,326.2,fan,turn_off
2026-05-13 02:14:50,2,2,28.8,78.1,4.5,260.5,light,turn_on
2026-05-13 12:30:24,12,2,33.2,62.1,78.8,504.4,light,turn_off
2026-05-13 19:20:02,19,2,29.8,64.9,21.6,443.5,light,turn_on
2026-05-13 04:00:19,4,2,27.0,75.6,5.0,292.7,light,turn_on
2026-05-14 02:47:36,2,3,28.9,74.9,1.3,299.9,fan,turn_off
2026-05-13 05:17:25,5,2,27.7,75.4,5.7,373.0,light,turn_on
2026-05-13 19:47:07,19,2,30.5,64.0,28.2,437.3,light,turn_on
2026-05-13 09:53:41,9,2,33.4,64.3,85.1,533.8,fan,turn_on
2026-05-13 12:05:06,12,2,33.4,62.2,85.2,478.7,fan,turn_on
2026-05-13 10:54:10,10,2,33.3,64.0,84.9,554.7,fan,turn_on
2026-05-13 09:34:04,9,2,33.4,63.3,88.2,591.6,light,turn_off
2026-05-13 13:31:16,13,2,33.7,62.5,75.0,522.4,fan,turn_on
2026-05-14 03:09:24,3,3,28.3,75.6,2.3,310.5,fan,turn_off
2026-05-13 21:45:19,21,2,28.3,72.0,3.7,264.6,light,turn_on
2026-05-13 15:37:58,15,2,35.0,58.9,81.3,506.5,fan,turn_on
2026-05-13 12:57:39,12,2,33.1,60.4,78.2,500.1,fan,turn_on
2026-05-13 04:37:14,4,2,27.1,75.8,1.0,361.6,light,turn_on
2026-05-13 15:07:17,15,2,33.0,58.6,81.4,498.8,light,turn_off
2026-05-14 03:34:05,3,3,27.7,75.6,3.7,248.3,light,turn_on
2026-05-13 06:59:17,6,2,27.7,74.1,7.7,379.4,fan,turn_off
2026-05-13 18:39:18,18,2,29.8,65.2,29.4,458.2,fan,turn_off
2026-05-13 08:31:59,8,2,34.2,69.8,73.3,4038.8,light,turn_off
2026-05-13 17:03:24,17,2,34.0,62.6,35.6,445.0,light,turn_on
2026-05-13 14:18:06,14,2,33.3,61.5,82.9,505.9,light,turn_off
2026-05-13 14:05:55,14,2,33.3,61.9,82.2,478.7,fan,turn_on
2026-05-14 02:43:59,2,3,28.9,74.2,3.2,298.7,light,turn_on
2026-05-13 14:54:02,14,2,33.0,60.7,76.1,487.8,light,turn_off
2026-05-13 02:42:47,2,2,27.8,74.9,1.8,285.5,fan,turn_off
2026-05-14 01:08:48,1,3,27.5,75.7,1.0,288.4,fan,turn_off
2026-05-13 21:31:12,21,2,29.0,72.6,3.7,294.9,light,turn_on
2026-05-13 18:24:30,18,2,29.5,63.7,33.0,441.8,light,turn_on
2026-05-13 17:51:31,17,2,31.7,63.5,30.3,428.0,fan,turn_on
2026-05-13 00:13:01,0,2,27.2,79.3,1.0,294.4,fan,turn_on
2026-05-13 06:43:51,6,2,27.5,73.6,3.4,376.8,fan,turn_off
2026-05-14 08:11:15,8,3,33.7,69.7,77.5,577.6,light,turn_off
2026-05-13 17:39:26,17,2,31.8,62.8,26.6,472.6,fan,turn_on
2026-05-13 12:26:45,12,2,33.8,62.6,73.5,504.3,light,turn_off
2026-05-13 03:13:06,3,2,27.1,72.3,5.0,253.4,fan,turn_off
2026-05-13 03:13:43,3,2,27.1,72.1,5.0,253.4,light,turn_on
2026-05-13 05:18:12,5,2,27.9,75.0,7.4,386.5,light,turn_on
2026-05-07 08:06:20,8,3,33.7,58.3,79.0,3187.0,light,turn_off
2026-05-14 01:07:51,1,3,27.4,75.6,1.0,294.3,fan,turn_on
2026-05-13 16:49:40,16,2,35.0,60.4,86.3,470.0,fan,turn_on
2026-05-13 01:15:23,1,2,28.1,81.4,5.0,264.1,light,turn_on
2026-05-14 05:21:39,5,3,28.4,70.9,2.6,359.5,light,turn_on
2026-05-13 08:24:57,8,2,34.1,69.4,70.5,595.8,light,turn_off
2026-05-13 14:08:33,14,2,33.5,61.3,82.8,478.7,light,turn_off
2026-05-14 00:38:08,0,3,26.8,78.6,2.3,287.3,light,turn_on
2026-05-13 01:11:21,1,2,28.0,81.9,3.7,300.8,light,turn_on
2026-05-13 18:45:47,18,2,30.6,65.0,24.6,415.3,fan,turn_off
2026-05-14 07:19:13,7,3,31.6,67.5,75.2,3028.8,light,turn_off
2026-05-13 11:24:24,11,2,32.9,62.3,88.3,492.5,fan,turn_on
2026-05-14 01:24:37,1,3,27.6,75.1,3.9,288.1,light,turn_on
2026-05-13 10:47:22,10,2,33.3,64.2,87.8,549.8,fan,turn_on
2026-05-14 00:03:31,0,3,27.5,76.9,1.0,303.9,fan,turn_off
2026-05-14 03:15:47,3,3,27.8,76.2,3.2,292.4,light,turn_on
2026-05-13 12:15:07,12,2,34.2,61.9,77.1,458.4,fan,turn_on
2026-05-13 23:55:56,23,2,27.6,77.4,2.3,287.4,light,turn_on
2026-05-13 06:47:17,6,2,27.6,73.9,2.4,365.0,fan,turn_off
2026-05-14 07:59:12,7,3,33.5,68.1,73.5,1969.9,fan,turn_on
2026-05-13 02:40:25,2,2,28.2,75.0,3.6,294.8,light,turn_on
2026-05-14 00:07:43,0,3,27.4,77.6,4.2,318.6,light,turn_on
2026-05-13 16:52:09,16,2,34.7,60.0,83.9,485.8,light,turn_off
2026-05-13 19:42:37,19,2,30.3,64.6,33.8,436.6,fan,turn_off
2026-05-13 09:05:49,9,2,34.0,63.5,79.3,1058.1,light,turn_off
2026-05-13 18:04:01,18,2,31.2,63.5,38.0,419.3,fan,turn_on
2026-05-14 03:28:59,3,3,27.5,75.1,3.2,280.6,light,turn_on
2026-05-13 08:29:47,8,2,34.4,69.6,76.3,533.1,light,turn_off
2026-05-13 06:34:01,6,2,27.9,71.8,5.4,360.6,fan,turn_off
2026-05-13 06:57:06,6,2,27.6,74.6,4.7,360.4,light,turn_on
2026-05-13 00:26:13,0,2,27.7,82.3,2.4,253.5,light,turn_on
2026-05-14 06:51:11,6,3,27.3,73.3,4.6,360.1,light,turn_on
2026-05-13 10:53:32,10,2,33.3,64.4,85.3,600.5,fan,turn_on
2026-05-13 07:20:56,7,2,32.3,66.4,74.9,574.0,light,turn_off
2026-05-14 08:17:58,8,3,33.9,69.5,78.2,488.3,fan,turn_on
2026-05-13 20:27:33,20,2,31.3,63.5,23.6,434.5,light,turn_on
2026-05-13 03:14:42,3,2,27.1,71.5,4.9,287.5,light,turn_on
2026-05-13 13:17:35,13,2,33.7,60.6,81.0,502.6,light,turn_off
2026-05-13 07:12:51,7,2,30.6,68.0,74.4,1596.4,fan,turn_on
2026-05-14 06:03:08,6,3,27.9,72.4,2.7,358.1,fan,turn_off
2026-05-14 01:11:56,1,3,27.6,76.7,5.0,312.0,fan,turn_on
2026-05-13 01:18:33,1,2,28.2,80.4,5.0,257.7,fan,turn_on
2026-05-14 05:48:15,5,3,27.6,74.0,2.9,367.7,fan,turn_off
2026-05-13 11:38:56,11,2,33.4,62.2,84.1,579.7,light,turn_off
2026-05-14 03:38:30,3,3,27.5,75.7,2.6,298.8,light,turn_on
2026-05-13 10:42:05,10,2,33.6,62.0,90.8,557.6,fan,turn_on
2026-05-13 04:57:08,4,2,27.4,76.9,1.7,359.0,fan,turn_off
2026-05-13 20:38:58,20,2,30.7,64.1,25.4,429.6,light,turn_on
2026-05-14 01:28:19,1,3,28.0,74.8,5.0,291.6,light,turn_on
2026-05-13 00:53:00,0,2,27.8,83.6,3.3,302.2,fan,turn_off
2026-05-13 19:38:31,19,2,30.0,66.1,33.9,454.6,light,turn_on
2026-05-13 11:34:00,11,2,33.1,61.6,90.1,505.9,fan,turn_on
2026-05-13 03:34:10,3,2,27.7,73.2,2.5,264.5,fan,turn_off
2026-05-14 08:57:18,8,3,34.2,65.3,80.0,812.3,fan,turn_on
2026-05-14 00:23:12,0,3,26.9,77.9,5.0,300.1,fan,turn_off
2026-05-13 17:20:10,17,2,31.8,62.6,28.2,442.8,light,turn_on
2026-05-13 14:12:27,14,2,33.5,61.3,78.3,524.8,fan,turn_on
2026-05-13 14:56:21,14,2,33.0,60.0,74.7,542.3,fan,turn_on
2026-05-12 03:46:30,3,1,33.4,56.1,71.0,435.0,light,turn_off
2026-05-13 08:05:07,8,2,33.8,69.2,72.9,582.3,light,turn_off
2026-05-14 02:33:47,2,3,28.7,75.0,2.7,280.2,light,turn_on
2026-05-13 13:15:33,13,2,33.4,61.0,76.9,518.3,fan,turn_on
2026-05-13 11:43:07,11,2,33.3,62.9,83.7,525.2,fan,turn_on
2026-05-14 01:16:57,1,3,27.8,76.6,3.6,303.8,fan,turn_off
2026-05-13 06:23:18,6,2,27.7,71.3,3.4,336.4,fan,turn_off
2026-05-13 10:32:12,10,2,33.8,61.4,85.9,513.7,fan,turn_on
2026-05-13 01:07:54,1,2,27.5,83.6,1.0,290.1,light,turn_on
2026-05-13 19:31:23,19,2,29.4,67.3,26.9,417.0,fan,turn_off
2026-05-14 04:58:37,4,3,28.3,71.6,2.0,360.1,light,turn_on
2026-05-13 15:21:42,15,2,33.9,57.3,72.8,475.8,light,turn_off
2026-05-14 01:50:10,1,3,28.9,73.7,4.0,241.7,light,turn_on
2026-05-14 01:47:18,1,3,28.7,74.1,5.0,248.6,light,turn_on
2026-05-13 12:34:37,12,2,33.3,60.9,77.2,563.3,fan,turn_on
2026-05-13 08:16:17,8,2,33.7,69.4,71.1,2066.1,light,turn_off
2026-05-14 02:30:29,2,3,28.6,75.3,2.9,233.8,fan,turn_on
2026-05-13 19:32:44,19,2,29.6,66.5,28.2,448.5,fan,turn_off
2026-05-13 19:57:47,19,2,31.2,63.4,37.0,433.5,fan,turn_on
2026-05-13 08:13:56,8,2,33.7,69.2,76.1,3318.6,light,turn_off
2026-05-13 02:01:00,2,2,29.0,78.7,1.2,272.0,light,turn_on
2026-05-13 23:52:04,23,2,27.5,79.2,5.0,321.5,fan,turn_off
2026-05-13 19:52:51,19,2,30.7,63.5,33.7,425.9,fan,turn_off
2026-05-13 14:22:46,14,2,33.1,62.4,77.3,552.5,fan,turn_on
2026-05-14 07:35:43,7,3,32.6,67.2,73.1,823.3,fan,turn_on
2026-05-07 08:09:05,8,3,0.0,0.0,82.0,0.0,fan,turn_off
2026-05-13 07:39:37,7,2,32.6,69.1,77.4,1013.1,fan,turn_on
2026-05-13 01:53:53,1,2,28.9,78.2,3.6,302.2,light,turn_on
2026-05-13 06:42:20,6,2,27.9,73.7,4.6,402.7,fan,turn_off
2026-05-13 01:52:07,1,2,28.9,78.0,3.7,297.2,fan,turn_on
2026-05-13 02:10:49,2,2,28.9,78.1,1.9,281.6,light,turn_on
2026-05-13 15:45:10,15,2,34.9,58.9,77.5,540.4,light,turn_on
2026-05-13 19:32:44,19,2,29.6,66.5,28.2,448.5,light,turn_on
2026-05-13 10:08:27,10,2,32.9,64.8,85.5,547.3,light,turn_off
2026-05-13 14:17:27,14,2,33.4,61.8,78.9,523.4,light,turn_off
2026-05-13 01:26:28,1,2,28.8,79.3,1.4,282.2,fan,turn_off
2026-05-14 01:10:27,1,3,27.5,76.1,4.7,301.7,light,turn_on
2026-05-14 01:28:19,1,3,28.0,74.8,5.0,291.6,fan,turn_on
2026-05-13 00:30:24,0,2,27.4,81.2,3.0,294.5,fan,turn_off
2026-05-13 12:13:29,12,2,34.0,61.9,82.0,462.2,light,turn_off
2026-05-13 12:40:02,12,2,34.0,61.1,80.4,547.8,fan,turn_on
2026-05-13 03:10:08,3,2,27.0,72.4,5.0,262.1,fan,turn_off
2026-05-13 07:25:07,7,2,32.9,66.5,71.9,527.3,fan,turn_on
2026-05-13 09:19:00,9,2,34.1,63.7,80.8,560.5,fan,turn_on
2026-05-13 21:37:10,21,2,28.3,72.3,2.1,292.6,light,turn_on
2026-05-14 04:50:08,4,3,27.6,72.6,3.6,366.8,light,turn_on
2026-05-13 14:00:44,14,2,33.1,62.6,76.1,513.9,light,turn_off
2026-05-13 06:07:17,6,2,28.0,71.9,3.8,378.0,light,turn_off
2026-05-14 04:47:43,4,3,28.0,73.1,3.1,374.6,light,turn_on
2026-05-13 00:29:38,0,2,27.2,81.3,5.0,280.6,light,turn_on
2026-05-13 16:59:10,16,2,34.9,61.5,79.1,478.2,light,turn_off
2026-05-14 07:54:10,7,3,33.4,67.6,77.9,3933.2,light,turn_off
2026-05-13 20:03:17,20,2,31.8,63.7,28.0,478.1,light,turn_on
2026-05-14 07:52:26,7,3,33.3,66.8,79.3,602.7,light,turn_off
2026-05-13 23:57:29,23,2,27.5,77.6,5.0,298.5,light,turn_on
2026-05-13 11:29:00,11,2,33.1,62.3,87.9,535.2,light,turn_off
2026-05-13 07:04:30,7,2,28.9,70.4,60.8,1929.1,fan,turn_off
2026-05-14 06:50:38,6,3,27.4,72.7,2.8,336.9,light,turn_on
2026-05-12 03:38:10,3,1,33.3,56.0,60.0,435.0,fan,turn_on
2026-05-13 06:07:57,6,2,27.9,72.2,3.2,368.2,light,turn_off
2026-05-13 07:33:01,7,2,32.5,69.2,78.6,3188.3,light,turn_off
2026-05-13 15:49:43,15,2,35.3,58.6,83.3,499.4,fan,turn_on
2026-05-13 12:02:09,12,2,33.5,63.0,80.5,502.7,fan,turn_on
2026-05-13 02:24:04,2,2,28.7,77.7,4.7,269.1,light,turn_on
2026-05-13 15:26:20,15,2,34.1,58.0,76.3,534.3,fan,turn_on
2026-05-13 20:15:56,20,2,31.7,61.4,32.3,388.5,light,turn_on
2026-05-13 10:25:44,10,2,33.8,62.5,88.2,540.9,fan,turn_on
2026-05-13 20:35:12,20,2,31.2,63.5,30.9,429.6,fan,turn_on
2026-05-13 11:03:21,11,2,33.5,63.2,86.2,569.3,light,turn_off
2026-05-14 05:08:02,5,3,28.5,71.8,4.9,368.9,fan,turn_off
2026-05-14 06:10:22,6,3,28.3,70.1,2.1,362.0,fan,turn_off
2026-05-13 04:46:19,4,2,27.2,76.4,1.5,365.0,fan,turn_off
2026-05-13 02:54:10,2,2,27.5,74.8,1.1,280.0,light,turn_on
2026-05-14 05:07:05,5,3,28.4,72.2,5.1,381.6,fan,turn_on
2026-05-13 22:55:07,22,2,28.2,74.1,4.4,315.4,fan,turn_on
2026-05-13 08:36:55,8,2,34.2,69.3,76.4,1933.2,light,turn_off
2026-05-14 08:49:47,8,3,33.7,66.8,73.8,2622.0,light,turn_off
2026-05-13 04:20:15,4,2,27.7,76.4,2.7,351.2,fan,turn_off
2026-05-13 00:02:48,0,2,27.5,78.4,3.2,317.4,light,turn_on
2026-05-13 14:00:09,14,2,33.2,62.5,75.7,525.8,fan,turn_on
2026-05-13 06:01:37,6,2,28.1,72.4,1.4,373.2,fan,turn_on
2026-05-13 04:01:16,4,2,27.1,75.4,4.0,309.1,light,turn_on
2026-05-13 06:50:59,6,2,27.5,74.3,1.5,393.2,fan,turn_off
2026-05-13 21:18:37,21,2,28.9,72.6,5.0,290.0,light,turn_on
2026-05-14 05:30:56,5,3,28.0,71.7,7.7,360.1,fan,turn_on
2026-05-13 08:24:09,8,2,33.9,69.5,72.3,591.1,light,turn_off
2026-05-13 21:18:13,21,2,29.0,72.8,3.7,305.3,light,turn_on
2026-05-14 02:12:06,2,3,28.3,73.8,3.3,272.6,light,turn_on
2026-05-13 15:03:18,15,2,33.3,58.8,82.0,481.9,light,turn_off
2026-05-14 01:23:57,1,3,27.6,75.2,3.6,309.4,light,turn_on
2026-05-12 03:40:35,3,1,33.4,56.0,62.0,440.0,light,turn_on
2026-05-13 21:12:53,21,2,29.2,72.6,2.7,316.7,fan,turn_on
2026-05-13 18:15:50,18,2,30.5,62.4,27.5,444.2,light,turn_on
2026-05-13 17:18:18,17,2,31.8,62.6,30.4,434.2,light,turn_on
2026-05-14 05:11:58,5,3,28.7,72.2,2.0,377.7,light,turn_on
2026-05-13 22:47:50,22,2,28.2,73.2,2.5,325.7,light,turn_on
2026-05-13 16:02:46,16,2,35.1,58.7,81.0,484.2,light,turn_off
2026-05-13 13:58:21,13,2,33.3,62.1,71.2,553.3,fan,turn_on
2026-05-13 05:18:48,5,2,27.8,75.1,6.1,370.3,light,turn_on
2026-05-13 22:16:29,22,2,28.9,72.4,3.6,316.4,light,turn_on
2026-05-14 04:11:35,4,3,27.6,73.9,3.0,384.3,light,turn_on
2026-05-13 15:15:31,15,2,33.2,57.1,78.5,505.8,fan,turn_on
2026-05-13 01:08:24,1,2,27.7,83.1,1.3,286.7,light,turn_on
2026-05-13 20:40:39,20,2,30.8,64.0,25.5,420.3,light,turn_on
2026-05-12 03:53:15,3,1,33.5,55.5,63.0,430.0,fan,turn_on
2026-05-13 02:44:09,2,2,27.5,74.8,2.5,271.6,light,turn_on
2026-05-13 12:53:05,12,2,33.1,61.7,78.4,513.8,fan,turn_on
2026-05-13 12:28:27,12,2,33.6,62.9,76.5,466.9,light,turn_off
2026-05-13 20:18:11,20,2,31.7,62.2,34.5,408.2,light,turn_on
2026-05-13 18:34:49,18,2,30.1,66.2,24.8,447.0,fan,turn_on
2026-05-13 16:40:37,16,2,35.4,60.6,80.6,515.2,light,turn_off
2026-05-13 15:48:05,15,2,35.0,58.4,77.2,491.8,light,turn_off
2026-05-13 08:12:02,8,2,33.9,68.3,75.9,1601.1,fan,turn_on
2026-05-13 04:31:20,4,2,27.1,75.6,5.0,379.8,fan,turn_on
2026-05-14 00:02:58,0,3,27.4,77.1,1.0,300.6,light,turn_on
2026-05-14 03:10:11,3,3,28.1,75.9,4.4,327.8,light,turn_on
2026-05-13 04:09:41,4,2,27.2,75.7,4.6,387.8,light,turn_on
2026-05-13 07:06:44,7,2,29.3,69.6,64.2,3530.6,light,turn_off
2026-05-13 19:27:59,19,2,29.6,67.3,27.1,400.6,light,turn_on
2026-05-13 05:02:35,5,2,27.6,75.7,2.5,350.3,light,turn_on
2026-05-12 03:39:30,3,1,33.3,55.6,59.0,432.0,light,turn_on
2026-05-14 03:56:22,3,3,27.6,74.7,1.0,246.1,light,turn_on
2026-05-13 23:12:56,23,2,28.9,75.8,5.0,298.2,light,turn_on
2026-05-14 01:12:59,1,3,27.7,76.8,2.2,292.2,light,turn_off
2026-05-12 03:53:15,3,1,33.5,55.5,63.0,430.0,light,turn_on
2026-05-14 01:13:46,1,3,27.9,77.0,2.9,307.6,fan,turn_off
2026-05-13 23:04:04,23,2,28.6,74.7,3.5,279.2,fan,turn_off
2026-05-14 03:34:49,3,3,27.7,75.8,2.4,274.3,fan,turn_off
2026-05-13 11:35:10,11,2,33.0,62.0,87.4,558.6,fan,turn_on
2026-05-14 05:50:52,5,3,27.8,74.2,3.7,380.2,fan,turn_off
2026-05-13 12:18:39,12,2,33.8,62.8,76.3,480.5,light,turn_off
2026-05-13 19:00:30,19,2,30.5,65.0,25.3,421.6,light,turn_on
2026-05-13 09:34:04,9,2,33.4,63.3,88.2,591.6,fan,turn_off
2026-05-13 06:42:20,6,2,27.9,73.7,4.6,402.7,light,turn_on
2026-05-13 15:20:55,15,2,33.8,57.1,69.8,489.9,fan,turn_on
2026-05-13 07:03:32,7,2,28.7,71.2,59.5,2272.6,fan,turn_off
2026-05-13 02:56:16,2,2,27.9,75.4,2.2,294.8,fan,turn_off
2026-05-14 08:14:40,8,3,33.7,69.2,76.5,554.9,fan,turn_on
2026-05-13 04:57:58,4,2,27.5,76.8,1.8,351.0,fan,turn_off
2026-05-13 22:58:16,22,2,28.0,74.4,3.2,335.7,light,turn_on
2026-05-14 02:37:18,2,3,29.1,75.5,3.6,290.9,light,turn_on
2026-05-13 19:46:43,19,2,30.3,64.2,25.1,423.6,light,turn_on
2026-05-13 03:44:15,3,2,27.3,75.2,4.4,273.5,light,turn_on
2026-05-13 07:18:48,7,2,31.9,67.0,73.1,650.0,fan,turn_on
2026-05-14 02:25:52,2,3,28.3,75.4,5.0,261.3,light,turn_on
2026-05-13 09:26:29,9,2,33.7,64.2,83.2,575.4,light,turn_off
2026-05-13 23:43:27,23,2,27.5,78.6,2.7,289.0,fan,turn_off
2026-05-13 03:30:44,3,2,27.4,73.2,3.2,315.8,fan,turn_off
2026-05-13 10:10:54,10,2,33.4,64.6,85.1,507.6,light,turn_off
2026-05-13 20:36:06,20,2,31.2,63.8,27.5,467.3,light,turn_on
2026-05-13 08:28:05,8,2,34.2,69.3,74.4,557.4,fan,turn_on
2026-05-13 12:11:53,12,2,33.8,61.9,81.2,482.0,light,turn_off
2026-05-14 06:15:35,6,3,28.2,71.0,5.1,373.5,light,turn_on
2026-05-13 05:34:10,5,2,28.2,73.8,4.2,389.4,light,turn_on
2026-05-13 09:17:29,9,2,34.2,63.0,84.5,551.8,fan,turn_on
2026-05-13 15:42:16,15,2,34.9,58.6,78.5,506.7,fan,turn_on
2026-05-14 07:34:26,7,3,32.3,68.3,73.1,1021.8,light,turn_off
2026-05-13 08:07:19,8,2,33.8,68.0,73.6,4011.8,fan,turn_on
2026-05-13 03:39:46,3,2,27.3,75.5,4.8,281.5,fan,turn_off
2026-05-13 02:02:59,2,2,29.1,79.1,1.0,274.7,light,turn_on
2026-05-13 23:01:37,23,2,28.4,75.2,3.2,308.6,fan,turn_off
2026-05-13 18:10:11,18,2,30.7,62.2,29.5,434.9,fan,turn_off
2026-05-13 04:44:36,4,2,27.1,77.1,5.0,365.0,light,turn_on
2026-05-13 17:49:29,17,2,31.9,64.3,28.6,403.0,fan,turn_on
2026-05-13 14:14:16,14,2,33.6,61.2,73.8,541.5,light,turn_off
2026-05-13 17:37:32,17,2,31.7,63.1,26.5,439.8,light,turn_on
2026-05-14 05:29:25,5,3,27.9,71.4,6.4,360.4,light,turn_on
2026-05-13 22:38:19,22,2,29.0,72.3,4.5,293.4,light,turn_on
2026-05-13 04:48:10,4,2,27.3,76.0,3.1,377.5,fan,turn_off
2026-05-13 23:11:50,23,2,28.7,75.6,4.0,333.2,light,turn_on
2026-05-13 07:51:37,7,2,33.2,68.9,70.1,3838.7,light,turn_off
2026-05-13 04:22:43,4,2,27.8,76.5,5.0,356.1,fan,turn_off
2026-05-14 04:59:16,4,3,28.3,71.9,3.0,372.9,fan,turn_off
2026-05-14 07:05:34,7,3,28.3,70.2,70.7,491.7,fan,turn_on
2026-05-13 14:10:39,14,2,33.5,61.7,83.8,513.6,fan,turn_on
2026-05-14 05:59:01,5,3,27.9,73.2,6.7,368.6,fan,turn_off
2026-05-13 00:17:17,0,2,27.1,80.3,1.0,297.0,fan,turn_off
2026-05-13 14:15:27,14,2,33.5,61.8,76.7,546.5,fan,turn_on
2026-05-14 03:08:42,3,3,28.3,75.3,2.9,301.8,fan,turn_off
2026-05-13 20:26:06,20,2,31.4,63.3,20.8,436.8,fan,turn_on
2026-05-13 03:41:23,3,2,27.3,75.9,3.9,280.1,fan,turn_on
2026-05-13 12:20:20,12,2,33.9,62.5,79.1,452.3,light,turn_off
2026-05-13 04:14:08,4,2,27.6,75.7,2.8,347.9,fan,turn_on
2026-05-13 13:16:46,13,2,33.5,60.4,79.9,470.2,light,turn_off
2026-05-13 18:31:43,18,2,29.8,65.7,29.6,415.1,light,turn_on
2026-05-13 14:54:02,14,2,33.0,60.7,76.1,487.8,fan,turn_on
2026-05-14 07:17:55,7,3,31.3,68.4,72.7,3647.7,fan,turn_on
2026-05-13 16:12:33,16,2,35.1,58.7,79.8,504.9,light,turn_off
2026-05-14 07:13:21,7,3,30.3,69.4,75.5,2646.9,fan,turn_on
2026-05-13 18:40:11,18,2,30.0,65.4,29.2,458.1,fan,turn_off
2026-05-14 07:11:38,7,3,29.9,70.0,74.4,3844.9,fan,turn_off
2026-05-13 00:42:49,0,2,27.6,80.2,1.0,295.7,fan,turn_off
2026-05-13 01:41:17,1,2,28.4,78.8,3.9,267.8,fan,turn_on
2026-05-13 19:37:40,19,2,29.9,66.2,36.1,426.2,light,turn_on
2026-05-13 02:27:42,2,2,29.0,75.6,3.7,276.9,light,turn_off
2026-05-14 01:00:13,1,3,27.3,77.2,3.5,309.9,fan,turn_off
2026-05-13 04:55:03,4,2,27.5,75.9,2.1,354.9,fan,turn_off
2026-05-13 19:52:22,19,2,30.8,63.1,32.4,419.5,light,turn_on
2026-05-13 23:16:42,23,2,28.9,76.9,5.0,304.9,fan,turn_off
2026-05-14 01:07:51,1,3,27.4,75.6,1.0,294.3,light,turn_on
2026-05-14 06:00:15,6,3,28.0,73.0,3.9,370.4,fan,turn_on
2026-05-13 02:28:30,2,2,29.1,75.2,3.9,274.5,fan,turn_on
2026-05-14 01:44:17,1,3,28.6,73.9,4.4,256.1,fan,turn_off
2026-05-13 05:28:32,5,2,28.3,74.0,7.5,376.3,fan,turn_off
2026-05-13 07:17:00,7,2,31.6,67.4,76.7,700.3,fan,turn_on
2026-05-13 19:58:31,19,2,31.3,63.3,33.7,419.7,light,turn_on
2026-05-13 10:17:32,10,2,33.2,63.5,82.2,537.9,fan,turn_on
2026-05-14 06:29:12,6,3,28.5,71.4,4.7,364.4,fan,turn_on
2026-05-13 18:37:20,18,2,30.1,65.1,29.4,479.7,fan,turn_off
2026-05-14 06:27:37,6,3,28.8,71.1,3.6,362.4,light,turn_on
2026-05-13 18:33:08,18,2,29.6,65.6,23.0,426.8,fan,turn_on
2026-05-13 10:30:02,10,2,33.5,62.0,83.5,551.2,fan,turn_on
2026-05-14 01:52:09,1,3,28.9,73.8,3.2,260.5,fan,turn_off
2026-05-13 03:38:30,3,2,27.3,75.3,3.9,272.9,fan,turn_off
2026-05-13 02:12:12,2,2,28.6,78.6,1.9,269.2,fan,turn_on
2026-05-14 00:59:40,0,3,27.4,77.5,3.3,298.2,fan,turn_off
2026-05-13 16:18:20,16,2,35.2,58.7,74.1,524.7,fan,turn_on
2026-05-13 12:18:39,12,2,33.8,62.8,76.3,480.5,fan,turn_on
2026-05-13 03:43:37,3,2,27.2,75.4,4.9,276.6,light,turn_on
2026-05-13 10:31:20,10,2,33.7,61.1,83.5,532.2,light,turn_off
2026-05-13 01:32:57,1,2,28.4,79.0,1.4,306.7,light,turn_on
2026-05-13 17:04:01,17,2,33.9,62.8,34.6,423.7,light,turn_on
2026-05-13 09:12:16,9,2,34.2,64.8,82.3,567.2,light,turn_off
2026-05-14 00:49:39,0,3,27.5,77.0,2.4,278.4,fan,turn_off
2026-05-14 02:46:54,2,3,29.0,74.9,1.9,287.2,fan,turn_on
2026-05-13 22:14:39,22,2,28.6,72.5,3.0,289.3,light,turn_on
2026-05-13 20:33:59,20,2,31.3,63.8,28.2,430.4,fan,turn_off
2026-05-12 03:36:40,3,1,33.2,55.9,64.0,432.0,light,turn_on
2026-05-14 09:01:27,9,3,33.8,64.5,80.9,602.3,fan,turn_on
2026-05-13 14:29:02,14,2,33.1,63.3,75.6,448.7,fan,turn_on
2026-05-14 02:22:33,2,3,28.0,75.1,5.0,255.3,light,turn_on
2026-05-13 08:18:27,8,2,33.8,69.8,74.2,1129.2,fan,turn_on
2026-05-13 05:25:04,5,2,28.1,73.8,5.5,378.2,fan,turn_off
2026-05-13 20:04:56,20,2,32.0,63.5,31.2,458.8,light,turn_on
2026-05-13 20:17:36,20,2,31.6,62.6,34.3,400.1,light,turn_on
2026-05-13 06:35:42,6,2,27.8,71.8,4.8,372.4,light,turn_on
2026-05-13 11:34:35,11,2,33.2,61.7,87.1,537.4,light,turn_off
2026-05-13 02:39:51,2,2,28.3,75.3,1.8,280.5,fan,turn_off
2026-05-14 05:53:33,5,3,28.1,73.9,2.9,396.5,light,turn_on
2026-05-13 18:00:41,18,2,31.7,63.1,34.9,454.8,fan,turn_on
2026-05-13 16:12:33,16,2,35.1,58.7,79.8,504.9,fan,turn_on
2026-05-13 10:25:44,10,2,33.8,62.5,88.2,540.9,light,turn_off
2026-05-13 16:34:48,16,2,35.2,60.6,79.1,508.4,light,turn_off
2026-05-13 23:00:51,23,2,28.2,74.8,2.7,303.6,light,turn_on
2026-05-13 17:52:44,17,2,31.8,63.9,30.8,411.8,fan,turn_on
2026-05-13 02:57:13,2,2,27.7,75.1,2.4,315.0,light,turn_on
2026-05-14 03:53:36,3,3,27.3,76.6,2.3,300.8,fan,turn_off
2026-05-14 04:05:49,4,3,27.5,73.7,1.0,341.6,fan,turn_off
2026-05-13 21:49:26,21,2,28.2,72.4,2.3,293.2,fan,turn_off
2026-05-14 07:24:29,7,3,32.3,66.7,71.0,819.8,light,turn_off
2026-05-13 09:10:22,9,2,34.3,64.9,85.7,616.7,fan,turn_on
2026-05-07 08:00:10,8,3,34.4,56.9,84.0,3388.0,fan,turn_on
2026-05-13 11:55:36,11,2,33.3,64.8,81.8,500.1,light,turn_off
2026-05-14 01:51:31,1,3,28.9,73.7,4.1,270.3,light,turn_on
2026-05-13 13:59:40,13,2,33.4,62.8,72.3,511.2,fan,turn_on
2026-05-13 08:12:02,8,2,33.9,68.3,75.9,1601.1,light,turn_off
2026-05-13 09:41:30,9,2,33.1,63.4,88.8,558.2,light,turn_off
2026-05-13 18:11:29,18,2,30.6,62.3,29.3,427.7,fan,turn_on
2026-05-13 18:21:48,18,2,29.8,63.0,36.2,468.8,light,turn_on
2026-05-13 00:45:27,0,2,27.5,81.6,4.9,306.0,light,turn_on
2026-05-14 05:49:19,5,3,27.7,73.8,1.2,375.1,fan,turn_on
2026-05-14 01:41:44,1,3,28.4,74.5,2.6,262.0,fan,turn_on
2026-05-13 11:40:49,11,2,33.3,62.4,87.0,555.3,light,turn_off
2026-05-13 06:02:53,6,2,28.1,72.3,1.7,368.9,fan,turn_off
2026-05-13 04:45:03,4,2,27.1,76.9,3.4,380.9,fan,turn_off
2026-05-14 04:11:35,4,3,27.6,73.9,3.0,384.3,fan,turn_on
2026-05-12 03:46:30,3,1,33.4,56.1,71.0,435.0,fan,turn_off
2026-05-14 07:58:34,7,3,33.7,68.1,70.7,2324.0,fan,turn_on
2026-05-13 08:43:42,8,2,34.3,69.1,76.0,3385.0,fan,turn_on
2026-05-13 14:06:37,14,2,33.2,61.8,80.9,514.9,light,turn_off
2026-05-13 01:13:33,1,2,28.1,81.2,4.7,288.7,fan,turn_off
2026-05-13 11:59:03,11,2,33.8,64.7,81.8,546.2,fan,turn_on
2026-05-13 16:48:33,16,2,34.9,60.2,85.3,470.2,fan,turn_on
2026-05-13 06:57:42,6,2,27.8,74.2,6.7,375.3,light,turn_on
2026-05-14 06:51:11,6,3,27.3,73.3,4.6,360.1,fan,turn_off
2026-05-14 04:52:44,4,3,27.9,71.8,1.5,391.2,light,turn_on
2026-05-13 05:32:51,5,2,28.4,73.6,5.4,369.5,fan,turn_off
2026-05-13 00:46:08,0,2,27.5,81.7,4.5,308.9,light,turn_on
2026-05-13 13:09:04,13,2,33.1,61.0,82.7,494.8,light,turn_off
2026-05-13 10:56:01,10,2,33.3,64.2,82.5,547.2,fan,turn_on
2026-05-14 06:27:58,6,3,28.6,71.7,4.3,364.5,light,turn_on
2026-05-13 16:05:50,16,2,34.8,58.3,83.5,476.8,light,turn_off
2026-05-14 08:00:17,8,3,33.7,68.0,72.7,1434.6,fan,turn_on
2026-05-14 05:21:00,5,3,28.3,70.7,3.4,364.7,light,turn_on
2026-05-13 06:30:43,6,2,27.8,71.4,5.6,358.5,fan,turn_off
2026-05-13 04:29:56,4,2,26.9,76.0,5.0,388.7,fan,turn_off
2026-05-13 13:41:53,13,2,33.5,61.7,75.3,530.0,light,turn_off
2026-05-13 15:16:23,15,2,33.2,57.0,78.1,490.0,light,turn_off
2026-05-14 05:08:02,5,3,28.5,71.8,4.9,368.9,light,turn_on
2026-05-14 01:16:57,1,3,27.8,76.6,3.6,303.8,light,turn_on
2026-05-13 19:10:10,19,2,30.4,64.5,27.6,459.4,light,turn_on
2026-05-13 16:11:36,16,2,35.2,58.2,79.0,515.0,fan,turn_on
2026-05-13 12:06:52,12,2,33.6,61.6,85.8,448.8,fan,turn_on
2026-05-13 19:36:43,19,2,29.8,65.8,31.3,428.6,fan,turn_off
2026-05-14 05:26:40,5,3,28.0,71.1,1.4,370.3,light,turn_on
2026-05-13 15:36:23,15,2,35.0,58.8,83.1,502.8,fan,turn_on
2026-05-13 09:18:29,9,2,34.1,63.4,81.2,569.9,fan,turn_on
2026-05-13 10:05:22,10,2,33.3,64.3,83.4,540.3,fan,turn_on
2026-05-13 23:50:18,23,2,27.5,79.2,3.3,300.3,fan,turn_off
2026-05-14 05:22:27,5,3,28.3,71.3,5.2,365.6,fan,turn_on
2026-05-13 17:44:11,17,2,31.8,63.6,26.8,415.6,fan,turn_off
2026-05-13 02:07:26,2,2,28.7,78.4,4.4,305.0,light,turn_on
2026-05-14 00:46:16,0,3,27.1,77.9,4.3,310.0,fan,turn_on
2026-05-13 11:40:12,11,2,33.4,62.4,85.3,576.1,fan,turn_on
2026-05-13 01:04:58,1,2,27.4,83.4,2.8,276.1,fan,turn_off
2026-05-13 15:32:02,15,2,34.7,58.3,81.1,568.1,light,turn_off
2026-05-13 13:40:05,13,2,33.4,62.1,71.7,515.4,fan,turn_on
2026-05-13 05:16:39,5,2,27.6,75.0,5.2,392.8,fan,turn_off
2026-05-13 02:01:35,2,2,29.1,78.7,1.3,269.1,fan,turn_on
2026-05-13 03:05:20,3,2,27.0,73.3,5.0,265.3,light,turn_on
2026-05-13 09:30:41,9,2,33.5,64.3,85.6,567.0,light,turn_off
2026-05-13 02:38:42,2,2,28.3,75.2,5.0,273.2,fan,turn_on
2026-05-13 17:22:12,17,2,31.8,62.9,30.2,414.3,fan,turn_on
2026-05-13 11:43:07,11,2,33.3,62.9,83.7,525.2,light,turn_off
2026-05-14 05:15:46,5,3,28.5,71.5,4.9,406.4,fan,turn_off
2026-05-14 04:01:02,4,3,27.2,74.5,2.8,287.1,fan,turn_off
2026-05-13 19:19:12,19,2,30.0,64.7,25.7,442.1,fan,turn_off
2026-05-13 10:58:43,10,2,33.0,64.2,86.6,612.2,light,turn_off
2026-05-13 20:14:33,20,2,31.8,62.3,31.8,386.3,light,turn_on
2026-05-13 09:49:34,9,2,33.4,64.5,87.0,527.2,fan,turn_on
2026-05-13 22:43:16,22,2,28.6,72.7,2.0,313.0,fan,turn_on
2026-05-13 16:47:10,16,2,35.1,60.0,81.4,488.7,fan,turn_on
2026-05-13 07:05:07,7,2,29.0,69.6,63.2,1653.0,light,turn_on
2026-05-14 07:29:19,7,3,32.2,67.7,74.1,3718.9,fan,turn_on
2026-05-13 23:00:51,23,2,28.2,74.8,2.7,303.6,fan,turn_off
2026-05-13 04:55:44,4,2,27.6,76.3,2.5,354.8,fan,turn_off
2026-05-13 11:45:36,11,2,33.4,64.4,87.5,531.5,light,turn_off
2026-05-13 01:11:57,1,2,28.0,81.5,4.8,292.8,fan,turn_off
2026-05-13 05:50:35,5,2,27.9,72.6,6.4,376.2,light,turn_on
2026-05-13 12:25:45,12,2,33.7,62.7,73.5,498.2,light,turn_off
2026-05-13 08:15:44,8,2,33.9,69.1,69.6,2456.3,fan,turn_on
2026-05-13 12:44:35,12,2,33.9,59.6,76.4,534.9,fan,turn_on
2026-05-13 08:16:17,8,2,33.7,69.4,71.1,2066.1,fan,turn_on
2026-05-14 07:08:06,7,3,29.2,69.7,72.9,3636.9,fan,turn_on
2026-05-13 18:46:16,18,2,30.5,65.4,21.4,442.3,fan,turn_on
2026-05-13 10:43:56,10,2,33.5,62.5,89.7,558.9,fan,turn_on
2026-05-13 14:13:16,14,2,33.7,61.2,75.5,526.2,light,turn_off
2026-05-13 13:47:13,13,2,32.9,62.1,81.9,488.6,light,turn_off
2026-05-14 02:39:50,2,3,28.7,75.2,2.3,288.3,fan,turn_on
2026-05-14 07:08:46,7,3,29.3,69.9,70.2,2550.3,fan,turn_off
2026-05-13 14:39:29,14,2,33.6,61.1,77.1,545.3,fan,turn_on
2026-05-13 10:55:08,10,2,33.3,64.2,82.5,568.7,fan,turn_on
2026-05-14 00:34:59,0,3,26.7,77.9,1.9,285.3,fan,turn_off
2026-05-13 23:33:45,23,2,28.8,76.3,3.7,295.5,light,turn_on
2026-05-14 07:32:09,7,3,32.2,68.3,71.4,1553.1,light,turn_off
2026-05-14 02:33:47,2,3,28.7,75.0,2.7,280.2,fan,turn_off
2026-05-13 14:17:01,14,2,33.5,61.4,79.0,507.6,light,turn_off
2026-05-13 16:12:11,16,2,35.1,58.3,78.6,513.9,light,turn_off
2026-05-14 04:30:21,4,3,28.1,73.6,3.5,378.1,fan,turn_off
2026-05-13 17:14:30,17,2,31.9,63.1,25.7,421.1,light,turn_on
2026-05-13 21:46:09,21,2,28.2,72.5,4.1,280.1,fan,turn_off
2026-05-13 11:04:31,11,2,33.6,62.9,87.6,572.2,light,turn_off
2026-05-14 04:57:18,4,3,28.2,71.4,2.3,358.9,light,turn_on
2026-05-13 08:59:02,8,2,33.9,68.6,72.4,2774.5,light,turn_off
2026-05-13 09:53:41,9,2,33.4,64.3,85.1,533.8,light,turn_off
2026-05-13 18:44:08,18,2,30.4,65.0,22.5,405.3,fan,turn_on
2026-05-14 06:29:42,6,3,28.5,71.9,6.2,358.3,fan,turn_off
2026-05-13 15:11:38,15,2,33.2,57.9,78.1,486.6,fan,turn_on
2026-05-14 00:50:52,0,3,27.4,76.9,2.1,308.3,fan,turn_off
2026-05-14 01:19:05,1,3,27.9,76.7,1.7,299.6,light,turn_on
2026-05-13 08:55:23,8,2,34.2,69.1,73.4,566.1,light,turn_off
2026-05-14 09:17:11,9,3,33.8,62.4,86.2,546.6,fan,turn_on
2026-05-14 03:11:07,3,3,28.3,75.4,2.5,334.9,light,turn_on
2026-05-13 10:16:52,10,2,33.0,64.0,82.8,548.1,light,turn_off
2026-05-14 09:04:15,9,3,33.5,65.3,81.7,588.9,fan,turn_on
2026-05-14 01:27:24,1,3,27.8,74.7,4.6,282.6,light,turn_on
2026-05-13 18:34:27,18,2,29.9,66.3,28.1,456.6,fan,turn_on
2026-05-13 22:21:02,22,2,29.2,72.0,2.4,254.2,fan,turn_off
2026-05-14 07:28:39,7,3,32.3,67.8,74.1,2634.8,light,turn_off
2026-05-13 12:25:05,12,2,33.9,62.3,71.9,517.6,fan,turn_on
2026-05-13 03:13:43,3,2,27.1,72.1,5.0,253.4,fan,turn_off
2026-05-14 02:31:14,2,3,28.4,75.7,2.6,232.7,light,turn_on
2026-05-13 08:53:12,8,2,34.1,68.4,75.8,590.8,light,turn_off
2026-05-13 18:49:03,18,2,30.8,65.3,19.1,461.1,fan,turn_off
2026-05-13 19:41:47,19,2,30.4,64.9,31.7,423.0,light,turn_on
2026-05-13 13:45:06,13,2,33.2,62.7,82.1,496.9,light,turn_off
2026-05-14 03:53:36,3,3,27.3,76.6,2.3,300.8,light,turn_on
2026-05-13 14:35:08,14,2,33.3,61.2,76.0,541.2,fan,turn_on
2026-05-13 22:28:21,22,2,28.6,72.1,1.7,310.5,fan,turn_on
2026-05-07 08:17:00,8,3,33.7,59.3,80.0,441.0,light,turn_off
2026-05-13 16:35:26,16,2,35.2,60.9,80.6,517.8,fan,turn_on
2026-05-13 16:23:08,16,2,35.2,58.9,77.9,513.7,fan,turn_on
2026-05-13 11:58:35,11,2,33.7,64.6,81.2,549.6,fan,turn_on
2026-05-14 06:44:39,6,3,27.4,72.3,3.5,358.9,light,turn_on
2026-05-14 05:08:49,5,3,28.5,72.1,2.8,375.1,light,turn_off
2026-05-13 20:47:28,20,2,31.0,64.9,28.4,477.0,light,turn_on
2026-05-13 23:41:22,23,2,27.9,77.9,5.0,298.3,fan,turn_off
2026-05-13 14:24:34,14,2,33.3,63.1,77.0,514.0,fan,turn_off
2026-05-13 10:58:08,10,2,32.9,64.0,83.7,608.5,light,turn_off
2026-05-13 15:23:27,15,2,33.8,57.9,70.9,508.0,light,turn_off
2026-05-13 19:06:39,19,2,30.1,64.6,28.3,430.3,light,turn_on
2026-05-14 04:32:19,4,3,28.2,74.2,3.9,389.2,light,turn_on
2026-05-13 03:47:00,3,2,27.0,75.7,3.4,270.5,light,turn_on
2026-05-13 15:40:19,15,2,35.1,59.0,74.0,481.2,fan,turn_on
2026-05-13 07:25:50,7,2,32.9,67.0,72.3,540.7,light,turn_on
2026-05-13 19:33:33,19,2,29.7,66.6,27.4,459.6,fan,turn_off
2026-05-13 04:57:08,4,2,27.4,76.9,1.7,359.0,light,turn_on
2026-05-07 07:55:05,7,3,33.7,58.0,84.0,3438.0,fan,turn_on
2026-05-13 11:26:51,11,2,33.4,62.2,88.2,540.6,light,turn_off
2026-05-12 03:40:45,3,1,33.4,0.0,57.0,0.0,light,turn_on
2026-05-14 07:00:43,7,3,27.4,73.1,31.3,414.4,light,turn_on
2026-05-14 00:10:29,0,3,27.6,78.0,2.4,308.4,fan,turn_off
2026-05-14 01:14:27,1,3,27.7,77.1,3.6,295.9,light,turn_on
2026-05-13 13:34:11,13,2,33.4,62.5,82.7,519.8,light,turn_off
2026-05-13 02:21:11,2,2,28.8,77.4,2.3,259.4,fan,turn_off
2026-05-14 07:20:24,7,3,31.8,66.6,71.7,2102.4,fan,turn_off
2026-05-13 19:16:18,19,2,29.9,64.6,28.1,453.8,light,turn_on
2026-05-13 03:10:08,3,2,27.0,72.4,5.0,262.1,light,turn_on
2026-05-13 23:57:51,23,2,27.6,77.5,3.7,279.7,fan,turn_off
2026-05-13 05:04:10,5,2,27.5,75.9,3.1,349.5,fan,turn_off
2026-05-13 17:21:33,17,2,31.9,62.6,32.4,425.8,fan,turn_on
2026-05-13 23:29:56,23,2,28.8,76.4,3.8,276.0,fan,turn_off
2026-05-13 20:54:21,20,2,31.7,64.3,30.9,454.6,light,turn_on
2026-05-13 03:17:05,3,2,27.2,72.5,2.2,268.8,fan,turn_off
2026-05-13 13:32:04,13,2,33.7,62.6,78.2,515.9,fan,turn_on
2026-05-13 13:14:12,13,2,33.5,60.6,81.1,491.2,fan,turn_on
2026-05-12 03:41:20,3,1,33.4,56.0,63.0,432.0,fan,turn_on
2026-05-13 00:38:52,0,2,27.3,80.5,2.9,275.1,fan,turn_off
2026-05-14 04:07:33,4,3,27.5,72.7,1.2,375.5,fan,turn_off
2026-05-13 07:25:07,7,2,32.9,66.5,71.9,527.3,light,turn_off
2026-05-13 16:59:10,16,2,34.9,61.5,79.1,478.2,fan,turn_on
2026-05-13 21:56:43,21,2,27.8,72.8,1.0,285.2,fan,turn_off
2026-05-13 10:10:54,10,2,33.4,64.6,85.1,507.6,fan,turn_on
2026-05-13 19:11:28,19,2,30.4,65.1,25.2,459.6,light,turn_on
2026-05-14 09:12:39,9,3,33.3,63.0,81.9,564.2,fan,turn_on
2026-05-13 21:39:29,21,2,28.4,72.3,3.1,306.5,fan,turn_on
2026-05-14 00:07:43,0,3,27.4,77.6,4.2,318.6,fan,turn_off
2026-05-14 04:21:06,4,3,27.9,73.9,4.9,368.6,light,turn_on
2026-05-14 08:28:14,8,3,33.3,67.8,79.1,4058.3,fan,turn_off
2026-05-13 18:38:18,18,2,30.0,64.9,29.9,486.6,light,turn_on
2026-05-13 12:43:46,12,2,33.8,59.4,77.0,524.6,fan,turn_off
2026-05-13 22:04:09,22,2,27.9,72.7,1.1,280.4,light,turn_on
2026-05-13 06:58:51,6,2,27.7,73.8,5.9,371.5,fan,turn_off
2026-05-13 19:55:51,19,2,31.0,63.2,30.6,410.5,light,turn_on
2026-05-13 03:56:10,3,2,26.7,75.2,3.4,278.5,light,turn_on
2026-05-13 13:10:16,13,2,33.3,60.7,82.8,491.9,fan,turn_on
2026-05-13 21:04:43,21,2,30.8,67.1,1.4,273.2,light,turn_on
2026-05-13 22:43:16,22,2,28.6,72.7,2.0,313.0,light,turn_on
2026-05-13 02:13:01,2,2,28.5,78.8,2.0,286.2,light,turn_on
2026-05-14 01:46:56,1,3,28.6,74.0,5.0,257.1,light,turn_on
2026-05-13 18:42:27,18,2,30.1,65.1,28.6,438.9,light,turn_on
2026-05-13 10:41:22,10,2,33.6,62.2,87.6,548.8,light,turn_off
2026-05-14 06:16:01,6,3,28.3,70.8,4.9,382.1,fan,turn_on
2026-05-13 11:46:45,11,2,33.2,63.7,83.6,540.3,light,turn_off
2026-05-14 02:39:05,2,3,28.9,75.5,4.1,318.7,light,turn_on
2026-05-13 06:14:04,6,2,27.8,71.6,4.4,353.3,light,turn_on
2026-05-13 22:18:55,22,2,29.1,72.0,3.2,269.8,light,turn_on
2026-05-14 01:01:20,1,3,27.4,76.4,3.7,330.5,fan,turn_off
2026-05-13 13:01:17,13,2,33.2,60.0,74.0,518.8,fan,turn_on
2026-05-13 14:53:09,14,2,33.2,60.7,74.9,509.1,fan,turn_on
2026-05-13 05:49:24,5,2,28.0,72.6,6.7,378.1,fan,turn_off
2026-05-13 08:56:18,8,2,34.2,68.7,74.1,545.6,light,turn_off
2026-05-13 00:47:57,0,2,27.4,82.6,4.2,287.1,light,turn_on
2026-05-13 22:06:49,22,2,28.0,73.2,3.5,292.4,fan,turn_on
2026-05-13 22:39:21,22,2,28.7,72.4,5.0,314.7,light,turn_on
2026-05-13 13:54:38,13,2,33.4,63.0,77.4,529.2,fan,turn_on
2026-05-13 16:23:58,16,2,35.1,58.6,77.7,524.0,fan,turn_off
2026-05-13 06:41:56,6,2,27.8,73.7,3.8,389.5,fan,turn_off
2026-05-14 08:10:38,8,3,33.7,69.5,79.1,576.0,fan,turn_on
2026-05-14 09:04:15,9,3,33.5,65.3,81.7,588.9,light,turn_off
2026-05-14 06:21:44,6,3,28.5,69.9,4.3,335.2,light,turn_on
2026-05-14 08:51:31,8,3,33.6,67.0,73.3,2069.6,light,turn_off
2026-05-13 06:02:02,6,2,27.9,72.7,1.7,366.6,fan,turn_off
2026-05-12 03:53:45,3,1,33.5,55.6,67.0,419.0,light,turn_on
2026-05-13 03:01:11,3,2,27.6,74.2,5.0,294.7,light,turn_on
2026-05-13 16:29:07,16,2,34.8,60.3,81.8,532.6,light,turn_off
2026-05-13 04:51:28,4,2,27.6,75.4,2.5,380.0,fan,turn_off
2026-05-13 11:00:58,11,2,33.3,63.7,87.4,548.7,fan,turn_on
2026-05-13 04:08:07,4,2,27.1,75.9,3.9,377.6,fan,turn_off
2026-05-13 00:25:30,0,2,27.8,82.0,3.3,262.2,fan,turn_off
2026-05-13 14:28:32,14,2,33.0,63.0,78.7,443.2,light,turn_off
2026-05-14 01:39:14,1,3,28.4,75.4,4.2,283.6,fan,turn_off
2026-05-14 04:06:46,4,3,27.7,73.0,1.8,356.5,light,turn_on
2026-05-14 06:08:01,6,3,28.4,70.8,1.0,332.9,fan,turn_off
2026-05-13 22:22:09,22,2,29.1,72.1,2.5,273.9,fan,turn_on
2026-05-14 03:01:58,3,3,29.1,73.4,2.7,299.7,fan,turn_off
2026-05-14 03:35:27,3,3,27.9,75.7,3.1,287.2,fan,turn_off
2026-05-13 12:12:25,12,2,33.8,61.8,79.8,485.9,fan,turn_on
2026-05-13 15:00:51,15,2,33.3,58.6,82.3,493.5,fan,turn_on
2026-05-13 13:59:40,13,2,33.4,62.8,72.3,511.2,light,turn_off
2026-05-14 07:12:29,7,3,30.1,70.2,74.9,3181.0,fan,turn_on
2026-05-13 07:48:32,7,2,33.1,68.6,75.9,543.2,fan,turn_off
2026-05-13 11:16:00,11,2,33.4,61.5,89.1,565.9,light,turn_off
2026-05-14 05:12:54,5,3,28.5,72.7,2.7,393.4,light,turn_on
2026-05-07 07:54:10,7,3,33.7,57.5,82.0,3355.0,light,turn_off
2026-05-13 04:23:56,4,2,27.4,76.3,3.8,381.2,fan,turn_on
2026-05-13 17:45:33,17,2,31.7,64.0,24.9,427.1,fan,turn_on
2026-05-13 22:36:40,22,2,29.0,72.5,1.8,295.4,fan,turn_on
2026-05-13 03:30:21,3,2,27.3,73.5,2.9,327.2,fan,turn_off
2026-05-14 06:58:13,6,3,27.2,74.0,2.6,345.4,fan,turn_off
2026-05-13 14:19:05,14,2,33.4,61.9,81.0,502.0,light,turn_off
2026-05-13 10:57:25,10,2,33.1,64.1,84.9,574.4,light,turn_on
2026-05-13 14:48:40,14,2,33.3,60.9,72.7,491.5,fan,turn_on
2026-05-14 04:34:00,4,3,28.4,73.7,3.9,373.7,fan,turn_off
2026-05-13 09:24:04,9,2,33.5,64.0,87.7,591.9,fan,turn_on
2026-05-14 05:18:28,5,3,28.5,70.7,4.2,381.2,fan,turn_off
2026-05-13 02:15:43,2,2,28.9,77.5,2.9,255.2,light,turn_on
2026-05-13 04:12:38,4,2,27.5,75.1,4.8,338.0,light,turn_on
2026-05-13 11:36:56,11,2,33.1,61.5,88.3,533.1,fan,turn_on
2026-05-14 04:42:32,4,3,28.3,73.8,5.0,370.8,fan,turn_off
2026-05-13 11:23:33,11,2,32.9,62.1,87.5,483.2,fan,turn_off
2026-05-13 11:22:04,11,2,33.1,61.4,86.7,514.2,light,turn_off
2026-05-13 03:39:19,3,2,27.1,75.3,4.6,261.8,light,turn_on
2026-05-14 05:53:33,5,3,28.1,73.9,2.9,396.5,fan,turn_off
2026-05-13 06:41:26,6,2,27.7,73.9,4.3,377.7,fan,turn_off
2026-05-13 07:02:16,7,2,28.5,72.0,45.6,3255.5,fan,turn_on
2026-05-14 02:24:08,2,3,28.0,75.4,3.0,263.4,fan,turn_on
2026-05-14 07:06:27,7,3,28.6,69.7,73.2,489.1,light,turn_off
2026-05-13 20:25:24,20,2,31.5,62.8,24.4,433.9,fan,turn_on
2026-05-13 14:55:34,14,2,33.0,60.6,74.6,518.6,fan,turn_on
2026-05-14 00:41:43,0,3,27.0,78.5,2.3,335.8,light,turn_on
2026-05-13 15:05:51,15,2,33.1,58.7,83.6,501.9,fan,turn_on
2026-05-12 03:12:45,3,1,0.0,0.0,65.0,0.0,fan,turn_off
2026-05-14 05:24:20,5,3,28.2,71.4,3.4,354.3,light,turn_on
2026-05-14 04:54:38,4,3,27.9,71.7,1.9,381.5,fan,turn_off
2026-05-13 19:54:12,19,2,30.9,63.7,35.3,429.2,light,turn_on
2026-05-13 04:22:12,4,2,27.7,76.7,4.0,357.1,fan,turn_off
2026-05-13 23:44:16,23,2,27.4,79.0,3.9,281.0,fan,turn_off
2026-05-13 16:30:45,16,2,35.1,60.5,80.1,508.1,light,turn_off
2026-05-13 02:22:54,2,2,28.6,77.5,4.9,268.6,light,turn_on
2026-05-13 12:37:45,12,2,34.0,61.0,85.0,530.9,fan,turn_on
2026-05-13 22:37:34,22,2,28.9,72.4,3.4,316.7,fan,turn_off
2026-05-13 01:28:24,1,2,28.7,78.9,1.7,280.8,fan,turn_off
2026-05-14 04:33:14,4,3,28.4,73.7,3.5,372.2,fan,turn_on
2026-05-14 00:06:04,0,3,27.5,77.7,3.5,325.2,fan,turn_off
2026-05-13 06:58:04,6,2,27.8,73.7,8.0,390.0,light,turn_on
2026-05-13 09:37:27,9,2,33.1,63.2,88.3,587.9,fan,turn_on
2026-05-13 19:21:39,19,2,30.0,65.2,16.9,459.9,fan,turn_off
2026-05-13 21:19:24,21,2,29.0,72.9,3.2,281.9,fan,turn_on
2026-05-13 12:38:11,12,2,34.0,60.7,79.9,549.0,fan,turn_on
2026-05-13 17:36:56,17,2,31.7,62.8,24.7,416.1,fan,turn_off
2026-05-14 00:54:14,0,3,27.8,76.2,2.6,265.8,light,turn_on
2026-05-13 22:18:09,22,2,29.0,72.2,4.7,287.0,light,turn_on
2026-05-14 06:24:49,6,3,28.5,71.0,4.5,352.9,fan,turn_off
2026-05-13 01:59:05,1,2,28.9,78.7,3.5,271.4,light,turn_on
2026-05-14 06:10:48,6,3,28.4,70.1,2.2,361.0,fan,turn_on
2026-05-13 17:58:00,17,2,31.8,63.2,28.4,445.1,fan,turn_on
2026-05-13 00:37:44,0,2,27.2,81.6,3.6,283.5,fan,turn_off
2026-05-13 04:10:23,4,2,27.2,75.3,5.0,369.1,fan,turn_off
2026-05-14 08:12:19,8,3,33.8,69.9,77.9,550.4,light,turn_off
2026-05-13 22:25:52,22,2,28.7,72.0,1.0,273.9,light,turn_on
2026-05-13 14:58:03,14,2,32.9,59.2,80.0,563.2,fan,turn_off
2026-05-13 09:31:34,9,2,33.5,64.0,86.7,578.5,fan,turn_off
2026-05-13 18:45:47,18,2,30.6,65.0,24.6,415.3,light,turn_on
2026-05-14 01:23:57,1,3,27.6,75.2,3.6,309.4,fan,turn_off
2026-05-13 02:24:04,2,2,28.7,77.7,4.7,269.1,fan,turn_on
2026-05-13 05:44:05,5,2,28.0,74.6,5.6,344.5,light,turn_on
2026-05-13 13:45:29,13,2,33.1,62.6,81.3,505.8,fan,turn_on
2026-05-14 02:22:07,2,3,28.2,75.4,4.4,257.5,light,turn_on
2026-05-13 05:39:18,5,2,28.2,74.6,3.4,348.8,light,turn_on
2026-05-13 14:38:31,14,2,33.5,61.1,78.5,529.5,light,turn_off
2026-05-14 05:38:32,5,3,28.2,72.0,6.3,356.3,fan,turn_off
2026-05-13 08:46:26,8,2,34.2,69.0,80.1,1699.3,fan,turn_on
2026-05-13 02:00:05,2,2,28.8,78.4,1.7,289.2,fan,turn_on
2026-05-14 04:09:50,4,3,27.6,72.9,2.8,363.6,fan,turn_off
2026-05-14 04:00:27,4,3,27.4,74.5,2.4,276.2,light,turn_on
2026-05-13 04:34:00,4,2,27.3,75.5,3.8,355.3,light,turn_on
2026-05-13 08:45:00,8,2,34.0,69.1,77.8,2376.8,fan,turn_on
2026-05-13 07:41:50,7,2,32.7,69.1,71.6,793.4,light,turn_off
2026-05-13 16:37:03,16,2,35.4,60.9,82.5,506.9,fan,turn_on
2026-05-13 07:17:59,7,2,31.7,67.1,73.7,659.4,fan,turn_on
2026-05-13 01:17:02,1,2,28.1,81.0,4.9,248.4,fan,turn_off
2026-05-13 23:07:20,23,2,28.5,74.4,1.0,258.4,light,turn_on
2026-05-13 00:46:58,0,2,27.5,82.2,5.0,304.1,fan,turn_off
2026-05-13 10:27:06,10,2,33.7,61.8,89.8,559.1,fan,turn_on
2026-05-14 08:40:40,8,3,33.7,67.3,75.0,533.9,fan,turn_on
2026-05-07 07:53:40,7,3,33.8,57.3,82.0,3411.0,fan,turn_on
2026-05-13 05:52:30,5,2,28.1,72.5,7.1,354.6,fan,turn_off
2026-05-13 02:31:09,2,2,28.9,74.9,1.6,243.6,fan,turn_off
2026-05-14 06:52:04,6,3,27.5,73.1,4.6,363.2,fan,turn_off
2026-05-14 05:28:16,5,3,27.8,70.6,5.3,378.6,fan,turn_off
2026-05-13 11:22:04,11,2,33.1,61.4,86.7,514.2,fan,turn_on
2026-05-13 17:40:40,17,2,31.9,63.8,27.9,412.8,fan,turn_on
2026-05-13 02:28:30,2,2,29.1,75.2,3.9,274.5,light,turn_on
2026-05-14 08:30:43,8,3,33.4,67.6,79.2,1821.9,fan,turn_on
2026-05-13 05:25:04,5,2,28.1,73.8,5.5,378.2,light,turn_on
2026-05-14 00:56:46,0,3,27.6,78.0,2.8,272.5,fan,turn_off
2026-05-13 02:35:05,2,2,28.5,74.5,1.8,258.6,fan,turn_on
2026-05-14 02:55:37,2,3,28.9,74.3,2.8,290.0,fan,turn_off
2026-05-13 22:27:09,22,2,28.8,72.2,1.5,297.0,light,turn_on
2026-05-13 05:55:25,5,2,27.9,72.5,1.8,344.2,light,turn_on
2026-05-13 09:32:22,9,2,33.6,63.4,88.9,598.1,light,turn_off
2026-05-13 08:26:47,8,2,34.2,69.4,72.2,587.0,fan,turn_on
2026-05-14 04:48:42,4,3,27.8,72.8,5.0,373.2,fan,turn_on
2026-05-13 03:01:55,3,2,27.5,74.3,4.7,284.3,fan,turn_off
2026-05-14 04:51:00,4,3,27.7,72.5,4.8,358.6,fan,turn_off
2026-05-14 08:24:48,8,3,33.9,68.2,72.2,521.4,fan,turn_on
2026-05-13 04:06:52,4,2,27.0,75.6,2.1,356.0,light,turn_on
2026-05-14 07:55:23,7,3,33.3,67.8,78.5,2813.3,fan,turn_on
2026-05-13 16:51:09,16,2,34.7,60.1,85.2,496.5,light,turn_off
2026-05-14 06:31:17,6,3,28.5,72.9,5.8,325.9,light,turn_on
2026-05-13 04:14:46,4,2,27.7,76.1,4.3,344.3,fan,turn_off
2026-05-13 19:39:02,19,2,30.1,65.7,27.4,462.0,light,turn_on
2026-05-13 18:45:01,18,2,30.5,64.9,25.3,426.2,fan,turn_on
2026-05-13 20:08:57,20,2,31.8,63.4,26.9,463.8,light,turn_on
2026-05-13 06:04:12,6,2,28.2,72.1,4.0,397.7,light,turn_off
2026-05-14 06:39:25,6,3,27.6,72.6,7.2,337.2,fan,turn_off
2026-05-13 13:18:25,13,2,33.6,60.6,84.4,519.7,fan,turn_on
2026-05-13 19:59:18,19,2,31.4,63.7,31.4,437.3,light,turn_on
2026-05-13 00:00:52,0,2,27.6,77.8,3.4,296.6,fan,turn_off
2026-05-13 14:54:56,14,2,33.2,60.3,76.0,481.1,fan,turn_on
2026-05-13 23:10:30,23,2,28.6,75.6,2.5,306.9,fan,turn_on
2026-05-13 16:38:49,16,2,35.3,61.0,86.1,480.5,light,turn_off
2026-05-14 07:43:09,7,3,33.0,66.1,70.9,3198.2,fan,turn_on
2026-05-13 09:01:22,9,2,33.8,66.3,77.1,2837.9,light,turn_off
2026-05-14 09:10:13,9,3,33.4,64.3,85.8,568.0,light,turn_off
2026-05-14 08:25:46,8,3,33.7,68.5,73.0,538.9,fan,turn_on
2026-05-13 19:09:18,19,2,30.2,64.2,26.7,458.2,fan,turn_off
2026-05-14 07:15:31,7,3,30.8,68.8,74.5,2841.4,light,turn_off
2026-05-13 00:29:02,0,2,27.4,81.6,3.6,281.8,fan,turn_off
2026-05-12 03:51:40,3,1,33.5,56.3,64.0,541.0,fan,turn_on
2026-05-13 14:39:29,14,2,33.6,61.1,77.1,545.3,light,turn_off
2026-05-13 13:59:07,13,2,33.2,62.4,72.0,513.6,light,turn_off
2026-05-14 00:48:56,0,3,27.4,76.9,2.6,292.0,fan,turn_off
2026-05-13 08:37:48,8,2,34.3,69.6,75.2,1661.7,light,turn_off
2026-05-13 09:12:58,9,2,34.3,64.3,82.5,587.8,fan,turn_on
2026-05-13 12:34:08,12,2,33.4,61.3,76.7,536.9,fan,turn_on
2026-05-13 08:58:38,8,2,33.8,68.8,72.5,3903.8,light,turn_off
2026-05-13 06:34:54,6,2,28.0,71.9,5.1,385.5,light,turn_on
2026-05-13 09:10:48,9,2,34.1,64.7,86.0,602.3,fan,turn_on
2026-05-14 03:18:16,3,3,27.9,76.1,5.0,293.4,light,turn_on
2026-05-14 01:45:46,1,3,28.5,74.0,3.1,271.0,fan,turn_on
2026-05-12 03:13:15,3,1,0.0,0.0,63.0,0.0,fan,turn_off
2026-05-13 23:02:24,23,2,28.5,74.9,3.2,310.8,fan,turn_off
2026-05-13 10:56:01,10,2,33.3,64.2,82.5,547.2,light,turn_off
2026-05-13 16:24:26,16,2,35.2,58.8,78.1,488.0,light,turn_off
2026-05-14 02:28:48,2,3,28.5,74.8,1.0,274.4,fan,turn_on
2026-05-13 20:51:09,20,2,31.4,64.8,27.1,427.0,fan,turn_on
2026-05-13 23:48:39,23,2,27.5,79.3,5.0,309.6,fan,turn_off
2026-05-14 03:47:32,3,3,26.9,76.6,4.4,292.9,fan,turn_off
2026-05-13 09:57:32,9,2,33.5,64.3,91.9,575.0,fan,turn_on
2026-05-14 07:38:08,7,3,32.7,67.5,78.1,3028.3,light,turn_off
2026-05-14 08:04:10,8,3,33.7,69.0,75.0,814.8,fan,turn_off
2026-05-13 10:13:03,10,2,33.0,64.8,83.8,501.8,fan,turn_on
2026-05-14 07:51:41,7,3,33.3,66.4,78.3,631.0,fan,turn_on
2026-05-13 18:59:32,18,2,30.4,64.9,29.4,442.1,light,turn_off
2026-05-13 22:34:49,22,2,29.0,72.0,1.0,287.7,fan,turn_off
2026-05-13 02:26:15,2,2,28.7,76.5,5.0,279.4,fan,turn_on
2026-05-13 08:06:00,8,2,33.7,68.5,69.7,556.5,light,turn_off
2026-05-13 23:30:33,23,2,29.0,75.9,3.4,295.5,light,turn_on
2026-05-13 21:11:13,21,2,29.5,72.1,3.9,314.1,fan,turn_on
2026-05-13 14:31:16,14,2,33.2,63.0,74.2,431.1,light,turn_off
2026-05-13 05:11:12,5,2,27.3,74.9,4.1,385.7,fan,turn_on
2026-05-14 01:36:03,1,3,28.3,74.9,5.0,258.8,fan,turn_on
2026-05-14 07:00:02,7,3,27.3,73.8,16.6,413.7,light,turn_off
2026-05-14 05:27:34,5,3,27.8,70.8,3.8,364.4,fan,turn_on
2026-05-14 02:27:00,2,3,28.3,75.1,4.3,274.3,fan,turn_on
2026-05-13 19:04:46,19,2,30.3,64.7,25.0,419.0,light,turn_on
2026-05-13 05:16:11,5,2,27.6,74.9,5.7,400.1,fan,turn_off
2026-05-13 00:51:45,0,2,27.7,83.0,1.2,269.9,light,turn_on
2026-05-13 20:24:42,20,2,31.4,62.6,21.8,428.4,light,turn_on
2026-05-13 12:52:13,12,2,32.9,61.6,77.7,495.0,light,turn_off
2026-05-14 01:09:29,1,3,27.5,76.0,3.2,296.8,fan,turn_off
2026-05-13 00:41:00,0,2,27.4,81.1,2.1,290.6,fan,turn_off
2026-05-13 17:07:17,17,2,33.2,64.2,31.4,406.5,fan,turn_on
2026-05-13 21:41:39,21,2,28.1,71.7,1.3,286.3,fan,turn_on
2026-05-13 13:29:55,13,2,33.8,62.0,77.7,487.9,fan,turn_on
2026-05-13 20:32:04,20,2,30.9,63.9,23.0,461.0,fan,turn_on
2026-05-13 05:53:00,5,2,28.1,72.3,5.7,338.6,light,turn_on
2026-05-13 18:22:46,18,2,29.8,62.9,32.9,433.6,light,turn_on
2026-05-13 23:23:57,23,2,29.0,76.0,4.4,269.1,light,turn_on
2026-05-13 18:31:43,18,2,29.8,65.7,29.6,415.1,fan,turn_off
2026-05-13 04:53:44,4,2,27.2,75.9,5.0,383.9,light,turn_on
2026-05-13 20:43:01,20,2,31.3,64.2,18.8,408.3,fan,turn_on
2026-05-14 06:36:33,6,3,27.8,72.7,8.7,326.5,fan,turn_off
2026-05-13 18:33:08,18,2,29.6,65.6,23.0,426.8,light,turn_off
2026-05-13 17:13:38,17,2,32.1,63.2,26.4,423.3,fan,turn_on
2026-05-13 18:05:46,18,2,30.9,63.2,31.9,438.9,light,turn_on
2026-05-13 08:28:49,8,2,34.4,69.6,72.1,542.9,fan,turn_on
2026-05-13 07:30:11,7,2,32.5,67.7,77.6,506.9,light,turn_off
2026-05-13 21:27:37,21,2,28.8,72.9,5.0,281.3,fan,turn_off
2026-05-13 07:14:09,7,2,30.9,68.1,79.6,1181.9,light,turn_on
2026-05-14 00:57:16,0,3,27.4,78.1,1.8,264.8,fan,turn_off
2026-05-13 13:34:11,13,2,33.4,62.5,82.7,519.8,fan,turn_off
2026-05-13 10:48:45,10,2,33.3,64.8,84.6,544.6,fan,turn_on
2026-05-13 01:41:50,1,2,28.4,78.4,1.9,251.8,fan,turn_off
2026-05-13 08:48:01,8,2,34.4,69.3,74.9,1093.5,fan,turn_on
2026-05-13 16:01:55,16,2,35.1,58.3,82.8,481.7,light,turn_off
2026-05-13 07:56:21,7,2,33.3,68.9,81.1,1519.0,light,turn_off
2026-05-13 03:00:15,3,2,27.5,74.6,3.9,308.7,fan,turn_off
2026-05-13 08:51:36,8,2,34.3,68.4,75.0,676.8,fan,turn_on
2026-05-13 02:11:18,2,2,28.7,78.1,1.9,275.6,fan,turn_on
2026-05-13 22:47:50,22,2,28.2,73.2,2.5,325.7,fan,turn_on
2026-05-14 01:56:15,1,3,28.9,75.2,1.0,300.1,fan,turn_off
2026-05-13 03:32:19,3,2,27.5,73.5,1.7,305.9,light,turn_off
2026-05-13 00:46:08,0,2,27.5,81.7,4.5,308.9,fan,turn_off
2026-05-13 00:00:00,0,2,27.5,78.1,1.7,293.9,light,turn_on
2026-05-14 06:15:02,6,3,28.1,70.8,5.3,380.3,fan,turn_on
2026-05-13 00:08:27,0,2,27.4,79.0,1.0,307.8,fan,turn_off
2026-05-13 10:19:24,10,2,33.2,62.8,83.5,585.6,fan,turn_off
2026-05-13 09:10:48,9,2,34.1,64.7,86.0,602.3,light,turn_off
2026-05-13 12:30:55,12,2,33.3,62.1,80.4,505.9,light,turn_off
2026-05-13 04:44:36,4,2,27.1,77.1,5.0,365.0,fan,turn_off
2026-05-14 06:08:35,6,3,28.5,70.9,1.5,333.9,light,turn_on
2026-05-13 19:43:39,19,2,29.9,64.8,30.9,443.4,light,turn_on
2026-05-14 06:06:13,6,3,27.9,71.4,1.7,355.4,light,turn_on
2026-05-13 10:01:51,10,2,33.3,64.7,88.2,591.9,fan,turn_on
2026-05-13 23:04:26,23,2,28.5,75.1,2.3,262.4,fan,turn_off
2026-05-13 06:09:48,6,2,27.9,71.4,1.8,381.9,light,turn_on
2026-05-13 01:54:42,1,2,28.9,77.9,3.9,304.6,light,turn_on
2026-05-14 03:56:22,3,3,27.6,74.7,1.0,246.1,fan,turn_off
2026-05-14 07:05:34,7,3,28.3,70.2,70.7,491.7,light,turn_off
2026-05-13 07:55:14,7,2,33.2,68.7,73.4,2085.9,fan,turn_off
2026-05-13 07:14:09,7,2,30.9,68.1,79.6,1181.9,fan,turn_on
2026-05-14 03:20:21,3,3,27.8,76.2,1.2,264.9,fan,turn_off
2026-05-13 21:57:33,21,2,27.9,72.3,2.4,272.0,fan,turn_on
2026-05-14 04:44:16,4,3,28.1,73.6,4.4,368.4,light,turn_on
2026-05-13 04:00:19,4,2,27.0,75.6,5.0,292.7,fan,turn_off
2026-05-14 07:16:12,7,3,31.0,68.6,71.4,2791.0,fan,turn_off
2026-05-13 19:08:05,19,2,30.0,64.7,26.6,450.2,light,turn_on
2026-05-13 03:25:14,3,2,27.3,72.6,5.0,267.0,fan,turn_on
2026-05-13 18:11:29,18,2,30.6,62.3,29.3,427.7,light,turn_on
2026-05-14 06:46:55,6,3,27.4,71.7,3.1,358.4,fan,turn_off
2026-05-13 15:45:39,15,2,35.1,58.5,81.1,545.5,fan,turn_on
2026-05-13 13:30:49,13,2,33.7,62.3,74.1,507.6,fan,turn_on
2026-05-13 11:12:04,11,2,33.5,61.4,84.7,594.8,light,turn_off
2026-05-12 03:05:05,3,1,33.1,58.4,65.0,495.0,light,turn_on
2026-05-13 22:37:34,22,2,28.9,72.4,3.4,316.7,light,turn_on
2026-05-14 04:27:33,4,3,27.9,73.7,2.1,376.8,light,turn_on
2026-05-14 02:56:37,2,3,28.9,73.6,2.0,284.6,light,turn_on
2026-05-07 07:58:05,7,3,33.9,57.9,84.0,3347.0,light,turn_off
2026-05-13 13:00:17,13,2,32.9,60.2,76.6,502.4,light,turn_off
2026-05-13 23:52:24,23,2,27.3,79.1,5.0,320.1,fan,turn_off
2026-05-13 14:44:58,14,2,33.0,61.9,83.2,537.8,light,turn_off
2026-05-13 02:57:51,2,2,27.7,74.8,2.5,308.5,fan,turn_off
2026-05-13 02:09:39,2,2,28.9,78.1,1.4,304.1,fan,turn_on
2026-05-14 02:06:32,2,3,28.2,74.5,5.0,262.9,fan,turn_off
2026-05-13 18:52:42,18,2,31.2,65.0,26.2,445.3,light,turn_on
2026-05-13 21:14:30,21,2,28.9,73.4,3.6,320.6,light,turn_on
2026-05-14 04:01:24,4,3,27.1,74.8,4.0,308.7,light,turn_on
2026-05-13 13:26:00,13,2,33.8,61.2,80.8,527.6,fan,turn_on
2026-05-14 04:17:00,4,3,28.1,72.5,3.6,386.2,fan,turn_off
2026-05-13 05:07:35,5,2,27.4,75.6,6.6,356.1,fan,turn_off
2026-05-12 03:32:00,3,1,0.0,0.0,66.0,0.0,light,turn_on
2026-05-13 00:10:06,0,2,27.4,78.8,1.0,301.6,fan,turn_off
2026-05-13 16:45:15,16,2,35.2,60.4,83.1,509.8,fan,turn_on
2026-05-13 13:07:16,13,2,33.1,60.8,78.3,463.9,fan,turn_on
2026-05-13 04:11:41,4,2,27.5,75.6,5.0,356.8,fan,turn_off
2026-05-12 03:37:40,3,1,33.25,56.28,65.0,439.5,fan,turn_off
2026-05-13 01:24:37,1,2,28.6,79.7,3.8,287.5,light,turn_on
2026-05-14 06:17:41,6,3,28.2,70.4,4.6,348.7,light,turn_on
2026-05-13 23:19:02,23,2,29.1,76.5,2.8,305.2,light,turn_on
2026-05-14 04:20:17,4,3,27.9,73.8,5.0,396.0,light,turn_on
2026-05-14 00:02:02,0,3,27.6,77.3,1.0,281.1,fan,turn_off
2026-05-13 23:42:08,23,2,27.7,78.5,5.0,281.0,fan,turn_off
2026-05-13 01:52:56,1,2,29.1,78.1,2.9,314.7,light,turn_on
2026-05-14 07:11:38,7,3,29.9,70.0,74.4,3844.9,light,turn_off
2026-05-13 10:27:06,10,2,33.7,61.8,89.8,559.1,light,turn_off
2026-05-14 03:16:33,3,3,27.8,76.1,4.1,297.6,fan,turn_off
2026-05-13 10:56:54,10,2,33.3,64.1,83.5,576.8,fan,turn_on
2026-05-14 02:01:55,2,3,28.7,75.0,5.0,280.5,fan,turn_on
2026-05-13 13:56:30,13,2,33.1,63.0,73.6,554.8,light,turn_off
2026-05-14 03:39:26,3,3,27.6,75.5,3.7,270.3,light,turn_on
2026-05-14 00:41:12,0,3,26.9,78.7,1.7,322.0,fan,turn_off
2026-05-13 18:55:44,18,2,31.1,64.9,28.9,449.2,fan,turn_on
2026-05-14 05:56:01,5,3,27.9,73.8,6.0,359.0,light,turn_on
2026-05-13 09:04:59,9,2,34.0,63.9,80.4,1151.5,light,turn_on
2026-05-13 16:58:14,16,2,34.7,61.0,84.0,471.3,fan,turn_on
2026-05-13 03:47:00,3,2,27.0,75.7,3.4,270.5,fan,turn_off
2026-05-14 03:08:42,3,3,28.3,75.3,2.9,301.8,light,turn_on
2026-05-13 02:07:26,2,2,28.7,78.4,4.4,305.0,fan,turn_off
2026-05-13 05:23:12,5,2,28.2,73.8,6.4,375.2,fan,turn_off
2026-05-13 21:06:33,21,2,30.5,68.3,1.5,297.1,fan,turn_off
2026-05-13 04:44:10,4,2,27.2,76.7,5.0,372.8,fan,turn_off
2026-05-13 02:10:16,2,2,28.8,78.0,1.0,299.0,light,turn_on
2026-05-13 19:10:47,19,2,30.3,64.9,25.3,445.4,light,turn_on
2026-05-13 06:25:41,6,2,27.9,70.3,1.5,317.8,light,turn_on
2026-05-13 14:30:20,14,2,33.0,62.5,81.2,435.7,light,turn_off
2026-05-13 08:14:54,8,2,33.8,68.7,73.5,3548.3,light,turn_off
2026-05-13 02:57:13,2,2,27.7,75.1,2.4,315.0,fan,turn_off
2026-05-12 03:40:35,3,1,33.4,56.0,62.0,440.0,fan,turn_on
2026-05-14 06:22:41,6,3,28.5,70.8,4.0,341.9,light,turn_on
2026-05-13 23:03:03,23,2,28.6,74.8,3.5,288.6,fan,turn_off
2026-05-13 02:37:41,2,2,28.5,74.5,2.4,269.9,light,turn_on
2026-05-13 06:48:30,6,2,27.7,74.3,5.3,378.9,light,turn_on
2026-05-13 20:02:38,20,2,31.8,63.6,27.8,458.4,fan,turn_on
2026-05-13 09:21:25,9,2,33.5,64.0,86.9,561.7,light,turn_off
2026-05-14 02:42:47,2,3,29.0,74.1,1.8,276.2,fan,turn_off
2026-05-14 02:56:37,2,3,28.9,73.6,2.0,284.6,fan,turn_on
2026-05-13 00:55:58,0,2,27.5,83.9,3.9,293.8,light,turn_on
2026-05-13 19:22:18,19,2,29.9,65.0,20.9,467.1,fan,turn_off
2026-05-13 01:31:32,1,2,28.5,79.1,4.0,295.0,fan,turn_off
2026-05-07 07:58:40,7,3,34.1,58.3,82.0,3353.0,fan,turn_on
2026-05-13 19:18:36,19,2,30.0,64.5,27.2,421.3,fan,turn_off
2026-05-14 05:09:57,5,3,28.8,71.9,4.3,376.8,light,turn_on
2026-05-13 10:15:56,10,2,33.2,64.2,86.1,515.5,fan,turn_on
2026-05-13 02:01:00,2,2,29.0,78.7,1.2,272.0,fan,turn_off
2026-05-14 01:27:24,1,3,27.8,74.7,4.6,282.6,fan,turn_off
2026-05-14 04:21:48,4,3,27.9,74.0,4.5,366.6,light,turn_on
2026-05-13 04:12:38,4,2,27.5,75.1,4.8,338.0,fan,turn_off
2026-05-13 12:40:47,12,2,34.1,60.8,77.0,515.5,fan,turn_on
2026-05-13 04:14:46,4,2,27.7,76.1,4.3,344.3,light,turn_on
2026-05-13 13:38:15,13,2,33.5,61.9,73.0,500.7,light,turn_off
2026-05-13 09:17:29,9,2,34.2,63.0,84.5,551.8,light,turn_off
2026-05-14 04:31:44,4,3,28.3,74.0,2.6,388.6,fan,turn_on
2026-05-13 08:42:29,8,2,34.3,69.4,78.2,3819.3,fan,turn_on
2026-05-14 01:01:54,1,3,27.4,76.5,3.6,326.1,fan,turn_off
2026-05-14 02:28:48,2,3,28.5,74.8,1.0,274.4,light,turn_on
2026-05-13 17:14:55,17,2,31.9,62.9,25.6,394.7,light,turn_on
2026-05-13 00:32:53,0,2,27.2,80.4,1.8,303.7,fan,turn_off
2026-05-14 00:32:07,0,3,26.3,77.6,2.4,273.9,fan,turn_off
2026-05-13 10:33:06,10,2,33.8,61.7,83.3,505.6,fan,turn_off
2026-05-13 15:20:09,15,2,33.8,56.7,70.8,480.3,light,turn_off
2026-05-14 01:57:01,1,3,28.9,75.0,1.6,286.5,fan,turn_off
2026-05-13 18:59:11,18,2,30.6,64.8,32.7,420.4,light,turn_on
2026-05-13 17:26:01,17,2,31.9,61.7,29.7,425.2,fan,turn_on
2026-05-13 21:06:33,21,2,30.5,68.3,1.5,297.1,light,turn_off
2026-05-14 07:21:43,7,3,32.2,66.1,75.7,1515.6,fan,turn_on
2026-05-14 00:38:31,0,3,26.9,78.9,2.9,299.5,light,turn_on
2026-05-13 23:36:23,23,2,28.5,75.8,3.2,319.2,fan,turn_on
2026-05-13 18:18:25,18,2,30.4,62.2,27.5,449.4,light,turn_off
2026-05-14 07:47:03,7,3,32.9,66.1,74.8,1204.8,light,turn_off
2026-05-14 05:53:57,5,3,28.2,73.4,3.5,397.0,light,turn_on
2026-05-14 05:48:15,5,3,27.6,74.0,2.9,367.7,light,turn_on
2026-05-14 08:05:03,8,3,33.7,68.8,73.6,757.4,light,turn_off
2026-05-14 00:55:38,0,3,27.7,76.9,2.6,273.3,light,turn_on
2026-05-13 20:01:09,20,2,31.8,63.6,34.0,440.4,fan,turn_on
2026-05-13 14:42:04,14,2,33.5,61.4,75.3,575.1,light,turn_off
2026-05-13 00:22:31,0,2,27.9,81.0,4.4,240.5,fan,turn_off
2026-05-13 00:36:28,0,2,27.2,81.2,2.8,292.7,fan,turn_off
2026-05-14 08:02:52,8,3,33.6,68.8,72.2,965.4,fan,turn_on
2026-05-13 04:31:20,4,2,27.1,75.6,5.0,379.8,light,turn_on
2026-05-13 04:23:56,4,2,27.4,76.3,3.8,381.2,light,turn_on
2026-05-14 03:02:30,3,3,28.9,73.8,4.8,285.2,fan,turn_on
2026-05-14 07:04:09,7,3,28.0,70.2,66.1,455.7,light,turn_off
2026-05-13 15:26:54,15,2,34.2,57.7,75.4,533.0,fan,turn_on
2026-05-14 02:03:25,2,3,28.5,75.0,4.7,254.2,fan,turn_off
2026-05-14 04:53:42,4,3,27.8,72.1,2.6,386.8,fan,turn_off
2026-05-13 03:37:20,3,2,27.6,74.6,5.0,271.2,light,turn_on
2026-05-14 04:03:49,4,3,27.1,74.6,3.1,339.6,fan,turn_off
2026-05-13 01:01:38,1,2,27.7,83.8,1.0,285.4,fan,turn_off
2026-05-14 04:35:21,4,3,28.5,73.6,3.3,380.3,fan,turn_on
2026-05-13 01:13:05,1,2,28.0,81.2,2.8,294.3,light,turn_on
2026-05-14 04:17:49,4,3,28.0,72.6,2.2,398.2,fan,turn_off
2026-05-14 03:53:02,3,3,27.1,76.9,1.5,286.3,light,turn_on
2026-05-14 02:24:08,2,3,28.0,75.4,3.0,263.4,light,turn_on
2026-05-13 12:51:48,12,2,33.0,61.2,74.1,462.4,fan,turn_on
2026-05-13 05:51:33,5,2,28.1,72.2,6.5,359.9,fan,turn_on
2026-05-07 08:04:50,8,3,33.9,57.8,81.0,3257.0,fan,turn_on
2026-05-13 08:31:34,8,2,34.3,69.4,76.2,514.1,light,turn_off
2026-05-14 09:16:20,9,3,33.8,63.0,85.5,551.4,light,turn_off
2026-05-13 07:31:32,7,2,32.5,68.3,77.9,3846.8,light,turn_off
2026-05-13 12:20:20,12,2,33.9,62.5,79.1,452.3,fan,turn_on
2026-05-13 18:06:42,18,2,30.9,62.9,35.1,443.8,light,turn_on
2026-05-13 10:04:24,10,2,33.2,64.9,84.3,576.7,fan,turn_on
2026-05-13 10:26:32,10,2,33.8,61.9,88.2,541.6,fan,turn_on
2026-05-13 04:52:26,4,2,27.5,75.6,4.7,366.0,light,turn_on
2026-05-13 05:27:40,5,2,28.4,74.1,6.4,374.8,light,turn_on
2026-05-12 03:30:40,3,1,33.2,57.9,66.0,465.0,light,turn_on
2026-05-13 06:25:04,6,2,27.8,70.8,2.5,325.6,light,turn_on
2026-05-13 14:07:42,14,2,33.4,60.9,80.8,503.4,light,turn_off
2026-05-14 07:21:08,7,3,31.9,66.6,72.7,1784.1,fan,turn_on
2026-05-13 08:13:56,8,2,33.7,69.2,76.1,3318.6,fan,turn_on
2026-05-13 18:02:02,18,2,31.4,63.6,35.5,436.1,light,turn_on
2026-05-13 17:59:55,17,2,31.8,63.0,31.6,444.0,light,turn_on
2026-05-14 05:23:47,5,3,28.2,71.8,3.7,359.4,fan,turn_off
2026-05-14 05:18:28,5,3,28.5,70.7,4.2,381.2,light,turn_on
2026-05-13 16:25:02,16,2,35.1,59.2,77.1,506.7,light,turn_off
2026-05-13 09:08:07,9,2,33.9,64.8,83.6,732.3,fan,turn_on
2026-05-14 03:52:05,3,3,27.2,76.1,2.9,271.0,light,turn_on
2026-05-13 20:06:22,20,2,31.9,63.0,31.9,481.6,fan,turn_off
2026-05-13 22:36:40,22,2,29.0,72.5,1.8,295.4,light,turn_on
2026-05-13 18:26:08,18,2,29.5,64.3,28.7,455.7,fan,turn_on
2026-05-13 00:13:31,0,2,27.1,79.9,1.0,305.4,fan,turn_off
2026-05-13 12:48:13,12,2,33.3,60.6,75.0,524.9,light,turn_off
2026-05-14 07:32:09,7,3,32.2,68.3,71.4,1553.1,fan,turn_on
2026-05-14 05:19:44,5,3,28.4,70.5,3.8,392.5,light,turn_on
2026-05-14 03:28:37,3,3,27.5,74.9,2.2,280.9,fan,turn_off
2026-05-13 23:26:11,23,2,29.0,76.6,5.0,272.8,fan,turn_on
2026-05-13 22:40:47,22,2,28.8,72.2,3.2,304.2,fan,turn_on
2026-05-13 00:42:49,0,2,27.6,80.2,1.0,295.7,light,turn_on
2026-05-13 01:48:24,1,2,28.5,78.0,2.8,291.5,fan,turn_on
2026-05-13 18:47:54,18,2,30.5,64.9,19.4,481.0,fan,turn_off
2026-05-12 03:32:30,3,1,33.3,58.29999999999999,61.0,438.0,light,turn_on
2026-05-14 08:43:13,8,3,34.0,67.3,74.0,547.7,fan,turn_on
2026-05-14 03:54:17,3,3,27.4,76.0,1.9,295.2,light,turn_on
2026-05-13 02:53:19,2,2,27.3,75.3,1.7,304.5,fan,turn_off
2026-05-13 16:55:38,16,2,34.8,60.2,83.4,510.9,light,turn_off
2026-05-13 16:46:12,16,2,35.1,60.2,84.8,531.0,light,turn_off
2026-05-14 00:51:48,0,3,27.5,77.0,1.0,293.0,light,turn_on
2026-05-13 01:21:30,1,2,28.3,80.2,4.7,279.5,light,turn_on
2026-05-13 18:49:33,18,2,30.7,65.8,23.8,447.1,light,turn_on
2026-05-13 18:08:18,18,2,30.7,62.3,30.6,457.2,light,turn_on
2026-05-14 02:57:17,2,3,28.6,73.6,1.0,295.6,fan,turn_on
2026-05-14 00:45:24,0,3,27.2,78.3,3.1,294.4,fan,turn_off
2026-05-13 03:18:02,3,2,27.4,72.2,2.6,289.2,light,turn_on
2026-05-14 03:43:56,3,3,27.3,75.9,4.8,297.1,fan,turn_off
2026-05-13 21:42:00,21,2,28.0,72.5,2.2,275.4,fan,turn_on
2026-05-13 09:25:13,9,2,33.7,64.4,84.8,597.8,fan,turn_on
2026-05-13 23:34:19,23,2,28.6,76.0,2.3,307.1,light,turn_on
2026-05-14 03:22:12,3,3,27.8,76.2,1.8,264.1,light,turn_on
2026-05-13 05:18:12,5,2,27.9,75.0,7.4,386.5,fan,turn_off
2026-05-13 22:36:05,22,2,29.0,72.1,2.4,296.2,light,turn_on
2026-05-14 07:26:40,7,3,32.2,66.9,78.1,2836.2,light,turn_off
2026-05-13 20:48:18,20,2,31.1,64.5,28.8,489.6,fan,turn_on
2026-05-13 21:24:12,21,2,28.7,72.7,5.0,317.0,light,turn_on
2026-05-14 08:06:53,8,3,33.4,69.4,77.0,663.2,light,turn_off
2026-05-13 17:43:21,17,2,31.8,64.0,33.2,422.0,light,turn_on
2026-05-13 17:39:52,17,2,32.0,63.0,27.7,463.7,fan,turn_off
2026-05-13 16:00:00,16,2,35.3,58.5,86.7,476.3,light,turn_off
2026-05-13 02:13:36,2,2,28.6,78.5,1.7,284.3,fan,turn_on
2026-05-14 06:26:51,6,3,28.6,71.2,4.1,379.6,fan,turn_on
2026-05-13 00:20:49,0,2,27.6,81.0,4.1,263.3,fan,turn_off
2026-05-13 21:41:39,21,2,28.1,71.7,1.3,286.3,light,turn_on
2026-05-13 16:34:17,16,2,35.2,60.6,78.2,519.4,light,turn_off
2026-05-13 23:08:50,23,2,28.7,75.5,1.0,279.6,fan,turn_off
2026-05-14 01:38:52,1,3,28.3,75.0,4.1,309.4,light,turn_on
2026-05-13 00:11:30,0,2,27.3,79.2,1.0,312.6,light,turn_on
2026-05-13 06:48:30,6,2,27.7,74.3,5.3,378.9,fan,turn_off
2026-05-13 07:42:33,7,2,32.8,69.0,74.3,734.6,light,turn_off
2026-05-13 10:29:26,10,2,33.5,62.0,85.3,581.4,fan,turn_on
2026-05-14 03:28:37,3,3,27.5,74.9,2.2,280.9,light,turn_on
2026-05-14 08:30:14,8,3,33.2,67.7,79.8,2159.1,light,turn_off
2026-05-13 07:44:25,7,2,33.1,69.1,80.5,615.4,light,turn_off
2026-05-12 03:49:05,3,1,33.5,56.6,70.0,432.0,light,turn_on
2026-05-13 23:03:26,23,2,28.6,74.4,3.3,297.7,light,turn_on
2026-05-13 16:44:45,16,2,35.3,60.7,82.9,510.1,fan,turn_off
2026-05-13 21:03:58,21,2,30.9,66.6,1.6,292.4,light,turn_off
2026-05-13 11:34:00,11,2,33.1,61.6,90.1,505.9,light,turn_off
2026-05-13 05:14:37,5,2,27.7,75.3,6.2,386.7,fan,turn_off
2026-05-13 18:38:55,18,2,29.9,65.3,26.5,486.2,fan,turn_off
2026-05-13 23:58:48,23,2,27.8,77.1,1.7,264.2,light,turn_on
2026-05-13 07:13:33,7,2,30.8,67.7,76.4,1362.3,fan,turn_off
2026-05-13 16:46:50,16,2,35.0,59.8,83.7,519.4,fan,turn_on
2026-05-14 05:10:19,5,3,28.7,72.0,5.7,394.3,fan,turn_off
2026-05-13 06:06:05,6,2,28.0,72.0,8.1,380.3,fan,turn_off
2026-05-14 00:54:53,0,3,27.8,76.4,2.2,280.8,fan,turn_off
2026-05-14 00:04:29,0,3,27.4,77.3,1.0,301.0,fan,turn_off
2026-05-13 19:54:49,19,2,30.8,63.5,33.4,409.1,fan,turn_on
2026-05-14 05:40:10,5,3,28.1,72.3,8.0,350.9,light,turn_on
2026-05-13 12:18:04,12,2,34.0,62.7,77.5,471.4,light,turn_off
2026-05-13 15:59:26,15,2,35.3,58.9,86.5,474.0,fan,turn_on
2026-05-13 09:34:29,9,2,33.3,63.7,86.3,604.5,light,turn_off
2026-05-13 18:58:40,18,2,30.7,65.2,30.4,416.8,fan,turn_off
2026-05-13 15:25:30,15,2,34.1,58.4,77.4,517.3,light,turn_off
2026-05-13 10:44:23,10,2,33.6,62.9,89.0,529.2,light,turn_on
2026-05-13 14:43:14,14,2,33.3,61.5,78.8,550.1,light,turn_off
2026-05-13 22:13:06,22,2,28.5,72.8,5.0,295.3,light,turn_on
2026-05-13 02:59:32,2,2,27.6,75.0,2.9,318.7,fan,turn_off
2026-05-14 03:30:16,3,3,27.9,75.1,5.0,274.0,light,turn_on
2026-05-13 11:16:21,11,2,33.2,61.5,87.1,586.2,fan,turn_on
2026-05-13 05:46:23,5,2,28.2,73.7,5.8,341.3,fan,turn_on
2026-05-13 00:39:21,0,2,27.5,80.1,1.3,276.0,fan,turn_off
2026-05-13 02:22:54,2,2,28.6,77.5,4.9,268.6,fan,turn_on
2026-05-13 22:31:21,22,2,28.8,72.2,2.3,312.3,light,turn_on
2026-05-13 13:37:07,13,2,33.6,62.7,77.8,492.7,fan,turn_on
2026-05-14 07:55:23,7,3,33.3,67.8,78.5,2813.3,light,turn_off
2026-05-13 16:08:54,16,2,35.1,58.5,82.8,488.6,fan,turn_on
2026-05-13 05:17:25,5,2,27.7,75.4,5.7,373.0,fan,turn_off
2026-05-14 02:35:38,2,3,28.7,75.1,3.5,290.6,light,turn_on
2026-05-13 18:38:55,18,2,29.9,65.3,26.5,486.2,light,turn_on
2026-05-14 01:36:47,1,3,28.3,75.2,5.0,286.5,light,turn_on
2026-05-13 22:07:46,22,2,28.0,73.0,2.0,280.0,fan,turn_on
2026-05-13 12:00:31,12,2,33.7,63.6,81.9,512.4,light,turn_off
2026-05-14 05:37:31,5,3,28.4,71.9,2.2,351.4,fan,turn_on
2026-05-13 21:47:02,21,2,28.1,72.7,4.7,285.5,light,turn_on
2026-05-13 20:39:54,20,2,30.8,64.3,26.0,439.5,fan,turn_off
2026-05-13 19:20:02,19,2,29.8,64.9,21.6,443.5,fan,turn_on
2026-05-13 23:54:36,23,2,27.7,78.2,3.6,311.1,light,turn_on
2026-05-13 03:20:40,3,2,26.9,71.8,1.9,279.3,fan,turn_off
2026-05-14 09:00:47,9,3,34.1,64.6,78.1,640.1,fan,turn_on
2026-05-14 04:31:17,4,3,28.3,73.9,3.2,368.3,fan,turn_on
2026-05-13 07:02:40,7,2,28.6,71.6,54.6,2708.6,fan,turn_off
2026-05-14 06:38:06,6,3,28.0,73.0,6.3,349.7,fan,turn_off
2026-05-14 01:00:41,1,3,27.5,76.7,5.0,316.9,fan,turn_off
2026-05-13 11:14:19,11,2,33.6,61.6,88.8,560.8,light,turn_off
2026-05-12 03:48:05,3,1,33.5,56.29999999999999,71.0,417.0,light,turn_on
2026-05-14 03:20:43,3,3,27.9,76.0,1.1,271.1,light,turn_on
2026-05-14 06:11:53,6,3,28.0,70.5,4.8,379.5,fan,turn_off
2026-05-13 14:30:20,14,2,33.0,62.5,81.2,435.7,fan,turn_on
2026-05-13 17:55:56,17,2,32.0,63.1,28.7,415.0,fan,turn_on
2026-05-14 09:07:26,9,3,33.5,64.4,82.8,545.1,light,turn_off
2026-05-13 14:10:01,14,2,33.4,61.3,87.3,477.2,light,turn_off
2026-05-14 01:41:02,1,3,28.3,75.1,4.6,277.0,fan,turn_off
2026-05-13 16:48:33,16,2,34.9,60.2,85.3,470.2,light,turn_off
2026-05-13 13:13:33,13,2,33.3,60.6,78.6,504.7,fan,turn_on
2026-05-13 03:26:58,3,2,27.1,72.9,5.0,295.8,light,turn_on
2026-05-13 12:23:54,12,2,34.0,62.2,72.6,497.3,fan,turn_on
2026-05-14 07:50:42,7,3,33.1,66.2,73.5,680.1,light,turn_off
2026-05-13 06:51:26,6,2,27.4,74.6,1.7,388.9,fan,turn_off
2026-05-13 15:13:57,15,2,32.9,57.4,76.7,478.4,light,turn_off
2026-05-14 03:17:29,3,3,28.0,76.0,5.0,310.0,light,turn_on
2026-05-13 00:26:13,0,2,27.7,82.3,2.4,253.5,fan,turn_off
2026-05-14 02:12:58,2,3,28.3,73.6,1.7,264.3,fan,turn_off
2026-05-13 06:00:17,6,2,28.0,72.5,5.7,358.1,fan,turn_on
2026-05-13 08:31:59,8,2,34.2,69.8,73.3,4038.8,fan,turn_on
2026-05-13 01:51:13,1,2,28.7,78.0,3.6,280.4,light,turn_on
2026-05-14 01:19:05,1,3,27.9,76.7,1.7,299.6,fan,turn_off
2026-05-14 06:54:33,6,3,27.1,72.9,6.1,327.5,fan,turn_off
2026-05-13 01:17:37,1,2,28.3,80.7,4.0,236.6,light,turn_on
2026-05-13 19:39:26,19,2,30.1,66.0,32.1,461.6,light,turn_on
2026-05-14 09:10:37,9,3,33.4,64.2,85.1,572.0,fan,turn_on
2026-05-07 08:02:45,8,3,34.0,57.6,80.0,3261.0,light,turn_off
2026-05-14 01:27:03,1,3,27.7,75.2,4.9,271.9,fan,turn_on
2026-05-13 07:43:55,7,2,33.0,68.9,77.0,634.1,light,turn_off
2026-05-13 09:45:15,9,2,33.4,63.8,88.4,529.5,light,turn_off
2026-05-14 02:59:50,2,3,28.7,73.1,5.0,310.4,light,turn_on
2026-05-14 07:14:46,7,3,30.6,68.8,76.5,1875.1,light,turn_off
2026-05-13 01:06:27,1,2,27.5,83.3,3.3,267.6,fan,turn_off
2026-05-13 04:14:08,4,2,27.6,75.7,2.8,347.9,light,turn_on
2026-05-14 08:15:50,8,3,33.6,69.3,75.8,528.1,fan,turn_on
2026-05-13 05:10:19,5,2,27.3,75.0,6.6,369.7,fan,turn_off
2026-05-14 03:02:30,3,3,28.9,73.8,4.8,285.2,light,turn_on
2026-05-14 02:53:15,2,3,28.9,74.3,2.5,272.8,fan,turn_on
2026-05-13 13:02:11,13,2,33.1,60.3,73.8,483.0,fan,turn_on
2026-05-13 12:33:14,12,2,33.5,60.8,76.7,529.6,light,turn_off
2026-05-14 08:16:49,8,3,33.6,69.3,77.7,503.0,light,turn_off
2026-05-14 04:47:43,4,3,28.0,73.1,3.1,374.6,fan,turn_off
2026-05-13 13:47:13,13,2,32.9,62.1,81.9,488.6,fan,turn_on
2026-05-14 04:32:19,4,3,28.2,74.2,3.9,389.2,fan,turn_off
2026-05-13 19:10:10,19,2,30.4,64.5,27.6,459.4,fan,turn_on
2026-05-13 05:56:46,5,2,28.1,72.6,1.2,348.1,fan,turn_off
2026-05-14 05:45:46,5,3,27.9,72.7,5.1,372.1,light,turn_on
2026-05-13 21:56:43,21,2,27.8,72.8,1.0,285.2,light,turn_on
2026-05-13 13:31:16,13,2,33.7,62.5,75.0,522.4,light,turn_off
2026-05-14 08:31:40,8,3,33.5,67.7,78.5,1556.3,fan,turn_on
2026-05-13 06:07:57,6,2,27.9,72.2,3.2,368.2,fan,turn_off
2026-05-13 07:20:03,7,2,32.2,66.5,74.7,590.6,fan,turn_on
2026-05-13 22:08:45,22,2,28.0,72.6,2.5,272.3,fan,turn_on
2026-05-13 12:56:28,12,2,33.1,60.3,75.0,530.4,light,turn_on
2026-05-14 03:07:49,3,3,28.3,75.6,4.5,278.8,light,turn_on
2026-05-13 08:30:35,8,2,34.2,69.9,77.8,524.9,light,turn_off
2026-05-13 07:15:14,7,2,31.2,67.9,76.0,916.5,fan,turn_off
2026-05-13 11:48:48,11,2,33.3,64.4,83.5,521.2,light,turn_off
2026-05-13 23:07:42,23,2,28.6,74.6,1.5,265.9,fan,turn_on
2026-05-13 19:47:58,19,2,30.7,63.3,35.3,466.9,fan,turn_on
2026-05-13 01:09:48,1,2,27.8,82.5,2.8,305.7,light,turn_on
2026-05-13 09:19:57,9,2,33.9,64.1,84.8,550.1,light,turn_off
2026-05-13 19:37:13,19,2,30.0,65.6,32.2,447.0,light,turn_on
2026-05-14 08:29:28,8,3,33.2,67.8,77.3,2557.9,fan,turn_on
2026-05-14 02:34:18,2,3,28.7,74.8,1.9,283.1,fan,turn_off
2026-05-07 07:59:10,7,3,34.2,57.8,83.0,3472.0,light,turn_off
2026-05-13 16:21:54,16,2,35.1,58.9,76.9,515.4,light,turn_on
2026-05-13 17:50:38,17,2,31.5,64.1,28.2,400.6,fan,turn_on
2026-05-14 08:17:28,8,3,33.8,69.4,75.3,505.9,fan,turn_on
2026-05-13 03:26:58,3,2,27.1,72.9,5.0,295.8,fan,turn_off
2026-05-14 03:22:42,3,3,27.8,76.0,2.1,252.6,light,turn_on
2026-05-13 05:59:45,5,2,28.1,72.2,6.4,359.4,fan,turn_on
2026-05-14 02:52:35,2,3,28.8,74.2,3.7,260.0,light,turn_on
2026-05-13 11:17:20,11,2,33.0,61.5,85.6,581.8,fan,turn_on
2026-05-14 06:52:04,6,3,27.5,73.1,4.6,363.2,light,turn_on
2026-05-13 11:02:57,11,2,33.4,63.0,84.5,547.9,light,turn_off
2026-05-13 21:35:32,21,2,28.8,72.9,2.9,296.6,light,turn_on
2026-05-13 11:27:31,11,2,33.3,62.0,89.3,564.3,light,turn_off
2026-05-13 18:54:07,18,2,31.2,65.4,29.2,465.7,fan,turn_on
2026-05-13 22:29:04,22,2,28.7,71.6,1.8,288.6,light,turn_on
2026-05-13 10:45:34,10,2,33.5,63.0,87.1,534.2,light,turn_off
2026-05-13 03:34:10,3,2,27.7,73.2,2.5,264.5,light,turn_on
2026-05-13 22:35:24,22,2,29.1,72.4,3.6,306.2,fan,turn_on
2026-05-13 03:07:00,3,2,27.0,72.6,4.7,262.2,light,turn_on
2026-05-14 07:54:55,7,3,33.5,67.7,77.4,2585.6,light,turn_on
2026-05-14 06:25:17,6,3,28.5,70.8,4.8,361.1,fan,turn_off
2026-05-14 06:24:49,6,3,28.5,71.0,4.5,352.9,light,turn_on
2026-05-13 09:29:37,9,2,33.6,64.1,86.0,598.0,fan,turn_on
2026-05-13 13:06:27,13,2,33.1,61.0,81.2,473.4,light,turn_off
2026-05-13 13:01:17,13,2,33.2,60.0,74.0,518.8,light,turn_off
2026-05-13 01:43:35,1,2,28.6,78.2,3.4,277.1,fan,turn_on
2026-05-13 18:58:40,18,2,30.7,65.2,30.4,416.8,light,turn_on
2026-05-13 00:40:26,0,2,27.3,81.1,3.9,274.0,light,turn_on
2026-05-14 05:51:24,5,3,27.6,74.8,4.6,391.3,fan,turn_on
2026-05-13 08:17:38,8,2,33.9,69.4,72.0,1490.4,light,turn_off
2026-05-13 20:55:20,20,2,31.7,64.1,28.9,438.3,light,turn_on
2026-05-13 16:36:04,16,2,35.4,61.2,79.7,508.5,fan,turn_on
2026-05-14 08:33:09,8,3,33.4,67.3,73.5,1194.5,fan,turn_off
2026-05-13 21:22:30,21,2,29.1,72.4,3.9,306.8,light,turn_on
2026-05-14 02:53:15,2,3,28.9,74.3,2.5,272.8,light,turn_on
2026-05-13 00:35:54,0,2,27.3,80.7,1.5,284.2,light,turn_on
2026-05-13 14:01:55,14,2,33.1,61.7,77.1,503.8,fan,turn_on
2026-05-13 07:27:20,7,2,32.5,67.2,75.0,513.2,fan,turn_on
2026-05-13 00:53:00,0,2,27.8,83.6,3.3,302.2,light,turn_on
2026-05-14 03:57:57,3,3,27.2,74.3,1.1,252.5,light,turn_on
2026-05-13 01:44:19,1,2,28.4,78.5,2.8,308.1,light,turn_on
2026-05-13 17:04:54,17,2,33.9,63.2,37.3,438.1,light,turn_on
2026-05-14 00:13:07,0,3,27.5,78.3,4.1,298.0,light,turn_on
2026-05-13 17:54:37,17,2,31.9,63.3,33.3,427.8,fan,turn_off
2026-05-13 01:23:05,1,2,28.4,79.7,4.9,274.3,fan,turn_on
2026-05-13 09:59:52,9,2,33.4,63.7,87.2,591.7,fan,turn_on
2026-05-13 12:18:04,12,2,34.0,62.7,77.5,471.4,fan,turn_on
2026-05-13 00:36:28,0,2,27.2,81.2,2.8,292.7,light,turn_on
2026-05-13 20:47:01,20,2,30.9,65.2,29.8,466.7,fan,turn_off
2026-05-13 21:40:50,21,2,28.2,72.0,3.5,304.9,fan,turn_on
2026-05-13 04:53:44,4,2,27.2,75.9,5.0,383.9,fan,turn_off
2026-05-14 01:30:59,1,3,27.8,75.8,5.0,318.1,fan,turn_off
2026-05-14 03:07:49,3,3,28.3,75.6,4.5,278.8,fan,turn_on
2026-05-13 06:33:20,6,2,27.8,71.7,5.1,362.1,light,turn_on
2026-05-13 17:13:03,17,2,31.9,63.6,27.3,439.8,fan,turn_on
2026-05-13 22:00:06,22,2,27.8,73.3,1.0,296.8,fan,turn_off
2026-05-14 08:19:10,8,3,34.0,69.3,75.7,512.8,light,turn_off
2026-05-14 00:42:19,0,3,27.0,78.9,2.8,324.2,light,turn_on
2026-05-13 08:01:20,8,2,33.4,69.3,77.9,748.4,light,turn_off
2026-05-13 07:59:43,7,2,33.5,68.9,80.9,923.4,fan,turn_on
2026-05-13 08:45:47,8,2,34.1,69.3,77.1,1978.6,light,turn_off
2026-05-13 09:31:55,9,2,33.6,63.8,89.4,577.3,light,turn_off
2026-05-14 07:49:05,7,3,33.2,65.7,73.3,769.4,fan,turn_off
2026-05-13 17:13:38,17,2,32.1,63.2,26.4,423.3,light,turn_on
2026-05-14 02:32:50,2,3,28.8,75.6,5.0,264.2,fan,turn_off
2026-05-13 08:40:17,8,2,34.3,69.5,75.3,4042.5,light,turn_off
2026-05-14 01:50:38,1,3,29.1,73.4,3.7,256.3,light,turn_on
2026-05-13 17:42:57,17,2,32.0,63.8,35.9,444.3,light,turn_off
2026-05-13 16:39:13,16,2,35.2,60.9,80.7,508.6,fan,turn_on
2026-05-13 14:29:02,14,2,33.1,63.3,75.6,448.7,light,turn_off
2026-05-14 00:52:23,0,3,27.5,77.1,1.0,284.6,fan,turn_off
2026-05-12 03:31:10,3,1,33.2,57.6,67.0,445.0,fan,turn_off
2026-05-14 03:36:03,3,3,27.8,75.7,2.2,287.4,fan,turn_on
2026-05-13 20:34:51,20,2,31.1,63.6,29.7,435.6,light,turn_on
2026-05-13 16:35:26,16,2,35.2,60.9,80.6,517.8,light,turn_off
2026-05-14 02:32:15,2,3,28.6,75.6,4.2,264.8,light,turn_on
2026-05-14 01:19:33,1,3,27.9,76.2,1.0,293.8,fan,turn_on
2026-05-13 21:23:52,21,2,28.9,72.8,5.0,313.0,light,turn_on
2026-05-14 08:04:10,8,3,33.7,69.0,75.0,814.8,light,turn_off
2026-05-14 00:38:08,0,3,26.8,78.6,2.3,287.3,fan,turn_off
2026-05-13 19:48:28,19,2,30.7,63.6,35.5,459.3,light,turn_off
2026-05-13 19:56:30,19,2,31.2,62.7,30.1,424.2,fan,turn_on
2026-05-13 18:41:30,18,2,30.0,65.1,28.0,441.0,fan,turn_off
2026-05-13 00:33:31,0,2,27.1,80.2,1.2,293.2,light,turn_on
2026-05-13 23:04:26,23,2,28.5,75.1,2.3,262.4,light,turn_on
2026-05-13 21:50:51,21,2,28.5,71.8,1.0,288.3,light,turn_on
2026-05-14 01:46:56,1,3,28.6,74.0,5.0,257.1,fan,turn_on
2026-05-13 08:03:45,8,2,33.4,69.4,72.5,645.2,light,turn_off
2026-05-14 03:44:55,3,3,27.1,76.5,4.5,293.1,fan,turn_off
2026-05-14 03:31:34,3,3,28.0,75.0,5.0,284.8,light,turn_on
2026-05-14 02:58:16,2,3,28.8,73.3,1.0,292.0,fan,turn_off
2026-05-13 12:16:47,12,2,34.0,62.2,81.0,449.6,light,turn_off
2026-05-13 06:03:52,6,2,28.0,72.1,6.5,384.5,fan,turn_off
2026-05-14 06:09:47,6,3,28.3,70.7,2.7,349.7,fan,turn_on
2026-05-14 05:16:29,5,3,28.4,71.4,2.9,397.0,fan,turn_off
2026-05-13 23:09:39,23,2,28.7,75.2,1.6,284.5,fan,turn_on
2026-05-13 10:37:06,10,2,33.5,61.5,84.8,524.6,fan,turn_on
2026-05-13 17:05:54,17,2,33.5,63.6,34.0,424.4,light,turn_on
2026-05-13 14:02:37,14,2,33.3,61.4,78.8,496.5,fan,turn_on
2026-05-13 19:51:29,19,2,30.8,63.4,32.1,428.6,light,turn_on
2026-05-14 01:02:51,1,3,27.5,76.6,2.5,311.9,fan,turn_off
2026-05-13 07:58:05,7,2,33.4,69.1,80.5,1141.9,light,turn_off
2026-05-13 22:14:02,22,2,28.5,72.2,3.9,297.0,light,turn_on
2026-05-14 08:23:35,8,3,33.9,68.5,73.4,513.1,light,turn_off
2026-05-14 05:57:17,5,3,28.1,73.3,5.4,367.8,light,turn_on
2026-05-14 00:20:26,0,3,26.8,78.2,1.0,256.4,light,turn_on
2026-05-13 13:09:04,13,2,33.1,61.0,82.7,494.8,fan,turn_on
2026-05-13 22:40:21,22,2,28.7,72.3,5.0,316.6,light,turn_on
2026-05-13 09:59:52,9,2,33.4,63.7,87.2,591.7,light,turn_off
2026-05-13 07:34:33,7,2,32.6,69.2,75.1,2856.1,light,turn_off
2026-05-13 00:23:54,0,2,28.0,81.2,4.1,243.8,light,turn_on
2026-05-14 01:43:28,1,3,28.5,74.1,3.8,239.5,light,turn_on
2026-05-13 12:14:10,12,2,34.1,61.7,77.9,455.8,fan,turn_on
2026-05-14 05:33:05,5,3,28.3,71.7,4.1,390.8,light,turn_on
2026-05-13 04:02:47,4,2,27.1,74.9,5.0,310.2,light,turn_on
2026-05-13 04:42:47,4,2,27.2,76.0,4.9,394.2,fan,turn_off
2026-05-13 04:56:48,4,2,27.6,76.4,3.3,346.4,light,turn_on
2026-05-13 00:04:39,0,2,27.3,78.4,4.1,309.3,light,turn_on
2026-05-14 08:46:58,8,3,33.7,67.4,72.2,552.9,light,turn_off
2026-05-13 23:48:39,23,2,27.5,79.3,5.0,309.6,light,turn_on
2026-05-14 03:17:07,3,3,27.8,76.2,3.1,312.4,fan,turn_off
2026-05-13 19:49:15,19,2,30.7,63.8,38.6,445.7,fan,turn_off
2026-05-13 00:55:01,0,2,27.6,83.9,3.9,298.1,fan,turn_off
2026-05-13 05:11:12,5,2,27.3,74.9,4.1,385.7,light,turn_on
2026-05-13 05:21:21,5,2,28.0,73.6,4.6,360.9,light,turn_on
2026-05-13 12:47:52,12,2,33.3,60.3,77.4,515.6,fan,turn_on
2026-05-13 13:40:05,13,2,33.4,62.1,71.7,515.4,light,turn_off
2026-05-13 11:30:25,11,2,33.1,62.4,89.4,498.9,light,turn_off
2026-05-13 16:42:19,16,2,35.2,60.4,82.1,504.5,light,turn_off
2026-05-13 02:56:49,2,2,27.8,75.2,4.0,297.4,fan,turn_off
2026-05-13 08:42:09,8,2,34.2,69.6,78.0,3441.4,fan,turn_on
2026-05-13 17:20:10,17,2,31.8,62.6,28.2,442.8,fan,turn_on
2026-05-14 09:15:03,9,3,33.6,62.9,81.8,583.6,light,turn_off
2026-05-13 01:39:24,1,2,28.2,78.7,3.4,271.3,light,turn_on
2026-05-13 05:37:35,5,2,28.3,75.1,1.2,384.3,light,turn_on
2026-05-13 02:02:27,2,2,28.9,79.1,2.6,266.8,light,turn_on
2026-05-13 14:25:27,14,2,33.1,62.7,80.2,481.7,light,turn_off
2026-05-13 00:44:32,0,2,27.5,81.1,1.8,270.4,light,turn_on
2026-05-13 19:15:31,19,2,30.1,64.9,27.9,463.8,fan,turn_on
2026-05-14 03:52:05,3,3,27.2,76.1,2.9,271.0,fan,turn_off
2026-05-13 20:52:54,20,2,31.7,64.9,26.6,427.8,fan,turn_on
2026-05-13 02:27:42,2,2,29.0,75.6,3.7,276.9,fan,turn_off
2026-05-14 02:05:42,2,3,28.3,74.4,5.0,268.5,fan,turn_off
2026-05-13 12:44:35,12,2,33.9,59.6,76.4,534.9,light,turn_off
2026-05-13 07:27:57,7,2,32.6,67.1,75.4,484.4,fan,turn_on
2026-05-13 01:17:37,1,2,28.3,80.7,4.0,236.6,fan,turn_on
2026-05-14 01:38:12,1,3,28.3,75.3,5.0,294.4,fan,turn_off
2026-05-13 02:54:10,2,2,27.5,74.8,1.1,280.0,fan,turn_off
2026-05-13 19:27:59,19,2,29.6,67.3,27.1,400.6,fan,turn_on
2026-05-14 04:41:13,4,3,28.4,73.2,5.0,345.1,fan,turn_on
2026-05-13 13:20:43,13,2,33.6,60.8,75.7,556.3,light,turn_off
2026-05-13 05:01:57,5,2,27.6,75.4,2.6,349.2,light,turn_on
2026-05-13 02:48:16,2,2,27.4,74.7,3.2,281.7,fan,turn_off
2026-05-13 18:41:07,18,2,29.9,65.1,25.5,442.6,fan,turn_off
2026-05-14 08:55:43,8,3,34.2,66.2,74.3,994.3,light,turn_off
2026-05-14 04:20:17,4,3,27.9,73.8,5.0,396.0,fan,turn_off
2026-05-13 08:48:01,8,2,34.4,69.3,74.9,1093.5,light,turn_off
2026-05-13 12:26:45,12,2,33.8,62.6,73.5,504.3,fan,turn_on
2026-05-13 08:34:19,8,2,34.2,69.1,73.3,2668.9,light,turn_off
2026-05-14 06:35:05,6,3,27.8,73.4,8.2,327.4,light,turn_on
2026-05-14 00:34:05,0,3,26.6,77.8,1.5,291.9,light,turn_on
2026-05-13 15:08:49,15,2,33.1,58.0,83.2,479.4,fan,turn_on
2026-05-13 11:08:08,11,2,33.7,61.7,87.1,544.7,light,turn_off
2026-05-14 06:33:53,6,3,28.1,73.3,6.4,338.8,light,turn_on
2026-05-13 11:10:13,11,2,33.7,60.9,86.3,601.6,light,turn_off
2026-05-13 14:59:54,14,2,33.2,58.4,82.6,527.2,light,turn_off
2026-05-13 06:40:33,6,2,27.8,73.5,3.6,371.2,fan,turn_off
2026-05-14 06:00:15,6,3,28.0,73.0,3.9,370.4,light,turn_on
2026-05-13 22:56:54,22,2,28.1,74.5,5.0,303.2,fan,turn_off
2026-05-14 05:00:40,5,3,28.1,71.9,5.2,373.6,light,turn_on
2026-05-14 04:52:15,4,3,27.8,72.0,3.0,387.3,light,turn_on
2026-05-13 10:42:05,10,2,33.6,62.0,90.8,557.6,light,turn_off
2026-05-14 06:31:17,6,3,28.5,72.9,5.8,325.9,fan,turn_on
2026-05-13 21:42:26,21,2,28.0,72.6,3.6,295.2,fan,turn_on
2026-05-13 00:35:04,0,2,27.3,80.6,1.0,292.8,fan,turn_off
2026-05-14 04:55:38,4,3,28.0,71.2,1.0,372.4,light,turn_on
2026-05-14 05:46:10,5,3,27.8,73.0,3.5,378.3,light,turn_on
2026-05-13 01:56:07,1,2,28.8,78.1,4.9,290.2,fan,turn_off
2026-05-14 00:57:57,0,3,27.5,77.7,1.0,284.3,fan,turn_off
2026-05-14 03:27:02,3,3,27.7,75.4,1.0,257.8,fan,turn_off
2026-05-14 05:24:20,5,3,28.2,71.4,3.4,354.3,fan,turn_off
2026-05-13 13:22:07,13,2,33.6,60.6,72.7,523.3,light,turn_off
2026-05-13 21:03:08,21,2,31.0,66.0,1.0,315.4,fan,turn_off
2026-05-14 05:01:33,5,3,28.1,72.2,7.0,382.0,fan,turn_off
2026-05-13 23:12:36,23,2,28.7,76.0,5.0,322.0,light,turn_off
2026-05-14 04:28:26,4,3,28.1,73.7,4.1,378.0,fan,turn_off
2026-05-13 09:49:34,9,2,33.4,64.5,87.0,527.2,light,turn_off
2026-05-13 17:53:28,17,2,31.9,63.5,26.3,417.5,light,turn_off
2026-05-14 06:44:59,6,3,27.4,72.0,3.9,362.8,fan,turn_on
2026-05-14 06:36:01,6,3,27.7,73.3,8.7,322.3,light,turn_on
2026-05-13 07:00:08,7,2,28.0,73.6,20.1,3845.2,light,turn_on
2026-05-14 05:09:24,5,3,28.7,71.9,2.0,372.7,fan,turn_off
2026-05-13 17:48:08,17,2,31.8,64.2,27.1,445.1,light,turn_on
2026-05-13 21:50:06,21,2,28.4,72.3,1.6,284.9,fan,turn_on
2026-05-13 12:43:24,12,2,34.0,59.7,77.1,531.8,light,turn_off
2026-05-13 07:40:56,7,2,32.7,69.0,74.7,841.1,fan,turn_on
2026-05-07 07:54:10,7,3,33.7,57.5,82.0,3355.0,fan,turn_on
2026-05-14 05:11:58,5,3,28.7,72.2,2.0,377.7,fan,turn_off
2026-05-13 17:39:52,17,2,32.0,63.0,27.7,463.7,light,turn_on
2026-05-13 07:49:05,7,2,33.2,68.7,74.2,523.3,fan,turn_on
2026-05-14 04:52:44,4,3,27.9,71.8,1.5,391.2,fan,turn_off
2026-05-13 07:01:07,7,2,28.2,73.1,29.2,2812.6,light,turn_off
2026-05-12 03:44:00,3,1,33.3,55.9,64.0,433.0,light,turn_on
2026-05-14 01:39:44,1,3,28.3,75.0,5.0,281.4,light,turn_on
2026-05-13 14:47:41,14,2,33.3,61.3,75.9,500.6,light,turn_off
2026-05-13 13:37:31,13,2,33.7,62.3,76.8,520.2,fan,turn_off
2026-05-14 04:16:26,4,3,28.0,72.3,2.4,377.8,light,turn_on
2026-05-14 05:09:24,5,3,28.7,71.9,2.0,372.7,light,turn_on
2026-05-13 05:41:36,5,2,28.1,73.9,4.8,370.0,light,turn_on
2026-05-14 05:58:17,5,3,28.0,73.6,6.0,375.7,light,turn_on
2026-05-13 02:13:01,2,2,28.5,78.8,2.0,286.2,fan,turn_on
2026-05-14 08:58:47,8,3,34.5,65.4,74.7,703.3,fan,turn_on
2026-05-13 04:02:47,4,2,27.1,74.9,5.0,310.2,fan,turn_off
2026-05-13 04:58:38,4,2,27.4,77.0,3.6,349.5,fan,turn_off
2026-05-14 08:42:29,8,3,34.0,66.8,74.9,546.3,fan,turn_on
2026-05-14 04:40:00,4,3,28.2,73.2,3.1,358.3,light,turn_on
2026-05-13 02:33:25,2,2,28.7,74.7,4.5,259.8,light,turn_on
2026-05-13 08:35:00,8,2,34.3,69.1,76.6,2714.5,fan,turn_on
2026-05-14 01:23:28,1,3,27.7,75.4,2.3,297.9,light,turn_off
2026-05-14 08:58:47,8,3,34.5,65.4,74.7,703.3,light,turn_off
2026-05-14 08:27:32,8,3,33.2,68.2,76.2,3456.0,light,turn_off
2026-05-14 08:16:49,8,3,33.6,69.3,77.7,503.0,fan,turn_on
2026-05-13 10:52:38,10,2,33.3,64.3,84.0,576.0,light,turn_off
2026-05-13 00:40:00,0,2,27.4,80.6,2.9,285.5,fan,turn_off
2026-05-14 01:45:03,1,3,28.4,74.3,3.5,265.9,fan,turn_on
2026-05-14 06:28:25,6,3,28.5,71.7,4.7,348.1,fan,turn_on
2026-05-14 01:49:16,1,3,28.8,73.9,4.6,252.5,light,turn_on
2026-05-13 22:33:33,22,2,28.8,72.6,1.0,316.5,fan,turn_off
2026-05-14 00:33:25,0,3,26.5,77.6,2.7,284.5,light,turn_on
2026-05-14 06:16:47,6,3,28.3,70.3,5.7,350.0,light,turn_on
2026-05-14 09:12:11,9,3,33.5,63.3,82.4,566.9,light,turn_off
2026-05-14 06:20:18,6,3,28.5,70.3,2.8,363.8,light,turn_on
2026-05-13 00:07:32,0,2,27.3,79.1,1.0,300.2,fan,turn_off
2026-05-13 20:11:30,20,2,32.0,62.2,27.7,426.9,light,turn_on
2026-05-13 00:26:43,0,2,27.6,82.0,1.1,247.8,light,turn_on
2026-05-13 06:19:06,6,2,27.8,70.8,4.3,356.5,light,turn_on
2026-05-13 17:51:31,17,2,31.7,63.5,30.3,428.0,light,turn_on
2026-05-14 07:53:01,7,3,33.4,67.2,78.4,598.1,fan,turn_on
2026-05-14 01:41:44,1,3,28.4,74.5,2.6,262.0,light,turn_on
2026-05-13 03:11:38,3,2,26.9,72.5,5.0,242.9,light,turn_on
2026-05-13 06:19:59,6,2,27.7,70.9,5.8,367.9,fan,turn_off
2026-05-14 05:30:05,5,3,28.1,71.3,6.5,346.0,fan,turn_off
2026-05-13 16:15:27,16,2,35.0,58.3,81.7,497.4,light,turn_off
2026-05-13 23:04:04,23,2,28.6,74.7,3.5,279.2,light,turn_on
2026-05-14 06:36:01,6,3,27.7,73.3,8.7,322.3,fan,turn_off
2026-05-14 03:34:49,3,3,27.7,75.8,2.4,274.3,light,turn_on
2026-05-13 01:52:56,1,2,29.1,78.1,2.9,314.7,fan,turn_off
2026-05-13 16:44:13,16,2,35.3,60.9,82.8,518.4,fan,turn_on
2026-05-13 00:24:40,0,2,28.0,81.5,5.0,242.6,fan,turn_on
2026-05-14 03:55:16,3,3,27.7,75.3,1.0,269.1,light,turn_on
2026-05-14 00:09:06,0,3,27.4,77.5,5.0,294.4,fan,turn_off
2026-05-13 12:53:45,12,2,33.0,61.4,77.3,527.5,light,turn_off
2026-05-13 00:23:07,0,2,27.9,80.9,4.3,234.6,fan,turn_off
2026-05-13 16:16:58,16,2,35.1,58.6,79.6,489.8,light,turn_off
2026-05-13 06:25:04,6,2,27.8,70.8,2.5,325.6,fan,turn_off
2026-05-14 04:43:54,4,3,28.0,73.6,3.3,379.7,light,turn_on
2026-05-13 21:53:21,21,2,28.4,72.7,3.3,286.7,light,turn_on
2026-05-14 03:17:29,3,3,28.0,76.0,5.0,310.0,fan,turn_off
2026-05-13 17:08:20,17,2,32.8,65.1,27.2,438.2,light,turn_off
2026-05-13 14:23:21,14,2,33.1,62.5,77.4,538.3,fan,turn_on
2026-05-13 14:33:09,14,2,33.1,61.7,76.1,458.5,light,turn_off
2026-05-13 23:17:26,23,2,28.8,77.2,5.0,289.0,fan,turn_off
2026-05-13 05:29:30,5,2,28.2,74.0,8.2,362.8,light,turn_on
2026-05-13 02:24:51,2,2,29.0,76.8,3.9,280.6,fan,turn_on
2026-05-13 11:05:50,11,2,33.7,62.3,86.4,549.4,fan,turn_on
2026-05-13 17:00:28,17,2,34.7,61.4,58.9,474.3,fan,turn_on
2026-05-13 10:26:32,10,2,33.8,61.9,88.2,541.6,light,turn_off
2026-05-14 04:31:44,4,3,28.3,74.0,2.6,388.6,light,turn_on
2026-05-13 22:04:37,22,2,27.8,73.1,1.8,264.7,fan,turn_off
2026-05-13 10:38:50,10,2,33.4,61.8,86.7,554.6,light,turn_off
2026-05-13 17:33:53,17,2,32.0,62.8,26.7,412.5,fan,turn_on
2026-05-13 10:07:54,10,2,33.0,64.5,84.1,547.9,fan,turn_on
2026-05-13 05:58:53,5,2,28.3,72.5,6.2,346.8,fan,turn_off
2026-05-13 16:21:14,16,2,35.1,58.8,77.5,521.3,fan,turn_on
2026-05-13 09:56:49,9,2,33.5,64.3,88.4,563.8,fan,turn_on
2026-05-14 03:18:41,3,3,27.7,76.3,5.0,280.8,fan,turn_off
2026-05-13 11:25:52,11,2,33.3,62.0,88.4,526.9,fan,turn_on
2026-05-14 00:05:07,0,3,27.5,77.7,3.1,305.0,fan,turn_off
2026-05-14 00:14:24,0,3,27.3,78.4,5.0,286.0,light,turn_on
2026-05-13 13:00:17,13,2,32.9,60.2,76.6,502.4,fan,turn_on
2026-05-13 12:36:19,12,2,33.7,61.1,80.9,504.9,light,turn_off
2026-05-13 05:57:29,5,2,28.1,72.5,3.3,355.9,fan,turn_on
2026-05-14 08:26:26,8,3,33.5,68.5,74.4,3431.8,light,turn_off
2026-05-14 01:49:16,1,3,28.8,73.9,4.6,252.5,fan,turn_off
2026-05-14 07:03:44,7,3,27.8,70.8,59.2,449.8,light,turn_off
2026-05-14 09:17:38,9,3,33.6,62.3,83.5,532.9,fan,turn_on
2026-05-14 02:44:24,2,3,29.0,74.5,3.9,297.7,light,turn_on
2026-05-13 19:48:28,19,2,30.7,63.6,35.5,459.3,fan,turn_on
2026-05-13 03:34:54,3,2,27.8,73.5,1.0,251.7,light,turn_on
2026-05-14 08:52:25,8,3,33.7,66.8,76.9,1751.1,light,turn_off
2026-05-13 03:05:45,3,2,27.1,72.9,5.0,280.9,light,turn_on
2026-05-14 02:25:20,2,3,28.2,75.3,4.7,273.5,light,turn_on
2026-05-13 12:59:20,12,2,33.0,60.4,75.1,537.2,light,turn_off
2026-05-13 08:56:50,8,2,34.1,68.5,71.3,544.3,light,turn_off
2026-05-14 06:02:43,6,3,27.9,72.5,3.2,350.4,fan,turn_on
2026-05-13 15:19:04,15,2,33.8,56.9,73.6,503.9,light,turn_off
2026-05-13 14:23:21,14,2,33.1,62.5,77.4,538.3,light,turn_off
2026-05-14 05:25:10,5,3,28.1,71.6,2.8,365.4,fan,turn_off
2026-05-13 11:07:41,11,2,33.8,62.0,86.3,513.2,light,turn_off
2026-05-13 13:35:01,13,2,33.4,62.8,80.0,531.2,light,turn_off
2026-05-14 08:30:43,8,3,33.4,67.6,79.2,1821.9,light,turn_off
2026-05-13 05:19:16,5,2,28.0,75.0,6.1,377.8,light,turn_on
2026-05-13 00:05:10,0,2,27.3,79.0,2.4,303.9,fan,turn_off
2026-05-13 04:49:58,4,2,27.5,75.4,2.2,393.3,light,turn_on
2026-05-13 17:01:03,17,2,34.5,61.3,54.9,474.9,light,turn_off
2026-05-13 13:39:36,13,2,33.5,61.9,69.6,496.7,fan,turn_on
2026-05-07 08:04:50,8,3,33.9,57.8,81.0,3257.0,light,turn_off
2026-05-13 07:52:22,7,2,33.0,68.5,70.5,3266.9,light,turn_off
2026-05-13 18:27:59,18,2,29.7,65.2,29.6,448.5,fan,turn_on
2026-05-13 09:06:32,9,2,34.2,63.8,80.8,936.6,fan,turn_on
2026-05-13 04:25:37,4,2,27.5,76.2,4.0,370.5,fan,turn_off
2026-05-14 05:19:22,5,3,28.3,70.5,2.7,374.3,fan,turn_on
2026-05-13 23:22:07,23,2,28.8,76.2,3.0,284.2,fan,turn_off
2026-05-13 17:25:12,17,2,31.8,61.7,25.4,427.6,fan,turn_on
2026-05-13 01:44:19,1,2,28.4,78.5,2.8,308.1,fan,turn_on
2026-05-14 04:05:15,4,3,27.4,74.2,1.0,353.7,light,turn_on
2026-05-13 01:13:33,1,2,28.1,81.2,4.7,288.7,light,turn_on
2026-05-13 15:22:41,15,2,33.8,57.8,73.6,503.4,fan,turn_on
2026-05-14 00:28:51,0,3,27.0,77.3,2.9,268.8,fan,turn_off
2026-05-13 23:02:24,23,2,28.5,74.9,3.2,310.8,light,turn_on
2026-05-13 02:03:51,2,2,28.9,79.1,1.0,273.6,fan,turn_off
2026-05-13 06:00:55,6,2,28.0,72.6,3.6,355.6,light,turn_on
2026-05-13 04:16:38,4,2,27.7,76.5,3.0,349.2,fan,turn_off
2026-05-13 19:59:39,19,2,31.6,63.9,31.7,432.3,light,turn_on
2026-05-14 06:16:47,6,3,28.3,70.3,5.7,350.0,fan,turn_off
2026-05-13 04:22:43,4,2,27.8,76.5,5.0,356.1,light,turn_on
2026-05-13 13:35:47,13,2,33.2,63.2,77.9,526.1,light,turn_off
2026-05-14 07:53:01,7,3,33.4,67.2,78.4,598.1,light,turn_off
2026-05-13 19:34:33,19,2,29.7,66.1,27.8,438.6,fan,turn_on
2026-05-14 00:20:54,0,3,26.9,77.9,2.2,246.2,light,turn_on
2026-05-13 05:46:23,5,2,28.2,73.7,5.8,341.3,light,turn_on
2026-05-13 13:49:36,13,2,32.8,62.1,80.4,474.9,light,turn_off
2026-05-13 14:29:29,14,2,32.9,62.8,79.6,451.0,light,turn_off
2026-05-14 07:51:02,7,3,33.2,66.5,75.5,640.5,fan,turn_on
2026-05-13 00:29:38,0,2,27.2,81.3,5.0,280.6,fan,turn_off
2026-05-13 20:42:14,20,2,31.2,63.8,22.0,419.4,light,turn_on
2026-05-13 10:03:44,10,2,33.4,64.3,82.9,558.2,fan,turn_on
2026-05-13 16:23:08,16,2,35.2,58.9,77.9,513.7,light,turn_off
2026-05-13 10:24:02,10,2,33.7,62.7,86.6,534.6,light,turn_off
2026-05-13 22:06:02,22,2,28.1,72.8,2.6,274.2,fan,turn_on
2026-05-13 10:20:53,10,2,33.5,61.9,84.7,606.7,fan,turn_on
2026-05-13 15:32:39,15,2,34.9,58.5,82.3,561.8,fan,turn_on
2026-05-13 22:38:59,22,2,28.9,72.6,5.0,316.5,fan,turn_on
2026-05-13 14:34:13,14,2,33.2,61.3,76.0,514.9,light,turn_off
2026-05-13 14:16:24,14,2,33.3,61.5,78.2,535.3,fan,turn_on
2026-05-14 02:36:49,2,3,28.9,75.4,4.0,278.1,light,turn_on
2026-05-13 18:00:41,18,2,31.7,63.1,34.9,454.8,light,turn_on
2026-05-13 23:54:15,23,2,27.6,78.5,3.7,321.9,light,turn_on
2026-05-13 16:13:31,16,2,35.0,58.8,78.3,488.8,light,turn_off
2026-05-14 07:41:35,7,3,32.9,67.0,68.4,3553.5,light,turn_off
2026-05-13 09:28:57,9,2,33.7,63.9,81.4,569.2,light,turn_off
2026-05-13 04:49:58,4,2,27.5,75.4,2.2,393.3,fan,turn_off
2026-05-13 13:51:07,13,2,33.2,61.9,83.6,484.0,light,turn_off
2026-05-13 13:45:29,13,2,33.1,62.6,81.3,505.8,light,turn_off
2026-05-13 02:35:59,2,2,28.5,74.8,1.0,262.4,light,turn_on
2026-05-13 20:30:38,20,2,31.0,64.4,26.4,444.3,fan,turn_on
2026-05-13 04:49:24,4,2,27.4,75.9,1.0,374.4,light,turn_on
2026-05-13 14:00:44,14,2,33.1,62.6,76.1,513.9,fan,turn_on
2026-05-13 13:10:47,13,2,33.5,60.3,83.1,513.6,fan,turn_on
2026-05-13 18:10:41,18,2,30.7,62.3,27.1,431.9,fan,turn_on
2026-05-14 01:20:22,1,3,28.0,75.7,1.0,270.5,fan,turn_on
2026-05-14 02:46:04,2,3,29.0,75.1,1.0,281.5,light,turn_on
2026-05-13 23:30:33,23,2,29.0,75.9,3.4,295.5,fan,turn_off
2026-05-12 03:40:45,3,1,33.4,0.0,57.0,0.0,fan,turn_on
2026-05-13 00:20:29,0,2,27.4,80.9,3.1,257.8,light,turn_on
2026-05-14 08:57:49,8,3,34.3,65.2,77.2,744.3,light,turn_off
2026-05-13 00:42:14,0,2,27.7,80.4,1.3,286.7,light,turn_on
2026-05-13 14:07:42,14,2,33.4,60.9,80.8,503.4,fan,turn_off
2026-05-07 08:16:25,8,3,33.7,59.5,82.0,447.0,light,turn_off
2026-05-13 08:01:20,8,2,33.4,69.3,77.9,748.4,fan,turn_on
2026-05-13 09:18:29,9,2,34.1,63.4,81.2,569.9,light,turn_on
2026-05-13 11:34:35,11,2,33.2,61.7,87.1,537.4,fan,turn_on
2026-05-13 18:19:51,18,2,30.3,63.0,30.0,461.6,fan,turn_on
2026-05-13 19:11:28,19,2,30.4,65.1,25.2,459.6,fan,turn_off
2026-05-13 08:29:47,8,2,34.4,69.6,76.3,533.1,fan,turn_on
2026-05-13 09:51:51,9,2,33.5,64.2,86.4,527.8,light,turn_off
2026-05-14 06:25:45,6,3,28.4,70.7,6.5,366.4,light,turn_on
2026-05-14 00:20:54,0,3,26.9,77.9,2.2,246.2,fan,turn_off
2026-05-13 19:16:18,19,2,29.9,64.6,28.1,453.8,fan,turn_off
2026-05-13 05:41:36,5,2,28.1,73.9,4.8,370.0,fan,turn_off
2026-05-13 04:18:40,4,2,27.7,77.0,4.0,364.8,fan,turn_off
2026-05-13 23:53:00,23,2,27.4,78.5,3.5,323.5,light,turn_on
2026-05-13 20:02:09,20,2,31.7,63.3,28.7,457.6,fan,turn_on
2026-05-13 22:39:50,22,2,28.7,72.3,4.2,318.8,light,turn_on
2026-05-13 05:24:31,5,2,28.2,73.6,8.6,382.8,fan,turn_off
2026-05-14 02:37:48,2,3,29.0,75.5,2.8,309.4,fan,turn_off
2026-05-14 05:01:33,5,3,28.1,72.2,7.0,382.0,light,turn_on
2026-05-13 12:15:27,12,2,34.1,62.5,77.9,444.4,fan,turn_on
2026-05-13 05:08:04,5,2,27.5,75.1,7.1,371.5,fan,turn_off
2026-05-13 04:56:22,4,2,27.5,76.1,4.5,347.2,light,turn_on
2026-05-13 07:29:49,7,2,32.6,67.2,74.0,491.4,light,turn_off
2026-05-13 19:52:51,19,2,30.7,63.5,33.7,425.9,light,turn_on
2026-05-13 23:58:48,23,2,27.8,77.1,1.7,264.2,fan,turn_off
2026-05-14 03:42:56,3,3,27.4,75.8,3.3,301.2,light,turn_on
2026-05-13 22:59:05,22,2,27.9,74.1,1.7,331.5,fan,turn_off
2026-05-14 01:30:00,1,3,27.9,75.5,5.0,323.1,light,turn_on
2026-05-14 03:46:12,3,3,27.1,76.5,5.0,285.4,light,turn_on
2026-05-13 16:55:38,16,2,34.8,60.2,83.4,510.9,fan,turn_on
2026-05-13 12:05:06,12,2,33.4,62.2,85.2,478.7,light,turn_off
2026-05-13 23:47:00,23,2,27.3,79.5,3.8,275.0,light,turn_off
2026-05-07 08:05:45,8,3,33.8,58.0,80.0,3257.0,light,turn_off
2026-05-13 10:47:22,10,2,33.3,64.2,87.8,549.8,light,turn_off
2026-05-14 07:40:32,7,3,32.9,67.1,74.6,1810.0,light,turn_off
2026-05-13 04:59:29,4,2,27.5,76.4,5.0,334.8,fan,turn_off
2026-05-13 17:05:20,17,2,33.7,63.6,37.9,431.3,light,turn_on
2026-05-13 20:44:26,20,2,31.2,64.4,22.5,428.6,light,turn_on
2026-05-13 06:58:51,6,2,27.7,73.8,5.9,371.5,light,turn_on
2026-05-14 05:19:44,5,3,28.4,70.5,3.8,392.5,fan,turn_off
2026-05-14 09:03:26,9,3,33.7,64.9,82.6,571.1,light,turn_off
2026-05-14 05:36:51,5,3,28.4,72.0,2.9,360.3,fan,turn_on
2026-05-13 06:19:59,6,2,27.7,70.9,5.8,367.9,light,turn_on
2026-05-13 18:17:34,18,2,30.6,62.0,24.5,440.5,fan,turn_off
2026-05-13 11:42:41,11,2,33.4,62.5,84.8,534.8,fan,turn_on
2026-05-13 06:12:42,6,2,27.7,71.7,4.7,363.1,light,turn_on
2026-05-13 08:22:12,8,2,33.9,69.5,76.4,719.5,light,turn_off
2026-05-13 17:51:07,17,2,31.6,63.9,27.9,396.7,light,turn_on
2026-05-13 01:00:49,1,2,27.8,83.5,1.0,280.4,light,turn_on
2026-05-13 09:15:15,9,2,34.3,63.3,88.6,558.7,light,turn_off
2026-05-13 06:27:28,6,2,27.7,70.7,2.5,326.2,fan,turn_off
2026-05-13 20:57:00,20,2,31.4,64.7,26.3,447.3,light,turn_on
2026-05-13 19:05:22,19,2,30.2,64.5,23.7,434.3,fan,turn_on
2026-05-14 09:15:03,9,3,33.6,62.9,81.8,583.6,fan,turn_on
2026-05-13 09:46:44,9,2,33.3,64.0,88.8,533.6,fan,turn_on
2026-05-13 16:03:26,16,2,34.9,58.3,80.1,501.0,fan,turn_on
2026-05-13 20:40:39,20,2,30.8,64.0,25.5,420.3,fan,turn_off
2026-05-13 06:20:27,6,2,27.5,70.8,6.2,378.5,light,turn_on
2026-05-13 11:15:01,11,2,33.5,61.4,91.7,590.3,fan,turn_on
2026-05-13 06:42:44,6,2,27.9,73.2,4.9,395.8,fan,turn_off
2026-05-13 09:58:22,9,2,33.5,64.0,88.3,588.7,fan,turn_off
2026-05-13 13:07:38,13,2,33.3,60.8,81.2,476.4,light,turn_off
2026-05-14 04:02:55,4,3,27.2,74.6,2.6,324.6,fan,turn_on
2026-05-13 03:44:47,3,2,27.1,75.8,3.7,298.8,light,turn_on
2026-05-14 05:11:16,5,3,28.8,72.2,3.5,371.4,light,turn_on
2026-05-13 08:19:10,8,2,33.6,70.1,75.7,1019.8,fan,turn_off
2026-05-13 16:36:04,16,2,35.4,61.2,79.7,508.5,light,turn_off
2026-05-14 00:57:16,0,3,27.4,78.1,1.8,264.8,light,turn_on
2026-05-13 11:13:03,11,2,33.7,61.4,88.5,557.3,fan,turn_on
2026-05-13 22:57:27,22,2,27.9,74.9,5.0,316.1,fan,turn_off
2026-05-13 03:26:15,3,2,27.2,73.1,4.8,288.8,fan,turn_off
2026-05-13 00:50:57,0,2,27.7,82.6,2.7,276.2,fan,turn_off
2026-05-13 15:24:12,15,2,33.8,58.3,77.0,525.4,fan,turn_on
2026-05-13 17:17:02,17,2,31.8,63.1,26.3,430.8,fan,turn_on
2026-05-14 07:45:48,7,3,32.9,65.9,77.0,1580.8,fan,turn_off
2026-05-13 14:15:27,14,2,33.5,61.8,76.7,546.5,light,turn_off
2026-05-14 03:39:26,3,3,27.6,75.5,3.7,270.3,fan,turn_off
2026-05-14 04:19:18,4,3,27.9,73.5,2.9,395.9,fan,turn_off
2026-05-13 20:43:46,20,2,31.2,64.7,23.3,420.3,light,turn_on
2026-05-13 22:04:37,22,2,27.8,73.1,1.8,264.7,light,turn_on
2026-05-14 03:21:34,3,3,27.9,76.4,1.0,273.9,fan,turn_off
2026-05-13 01:12:26,1,2,28.0,81.3,5.0,306.7,light,turn_on
2026-05-13 05:52:30,5,2,28.1,72.5,7.1,354.6,light,turn_on
2026-05-14 04:24:21,4,3,28.1,73.0,5.0,344.8,fan,turn_off
2026-05-13 09:00:10,9,2,33.9,67.5,69.3,3782.0,fan,turn_on
2026-05-14 04:34:00,4,3,28.4,73.7,3.9,373.7,light,turn_on
2026-05-14 03:47:32,3,3,26.9,76.6,4.4,292.9,light,turn_on
2026-05-13 00:13:01,0,2,27.2,79.3,1.0,294.4,light,turn_on
2026-05-13 06:40:13,6,2,27.8,73.6,5.9,373.2,light,turn_on
2026-05-13 04:34:00,4,2,27.3,75.5,3.8,355.3,fan,turn_on
2026-05-13 22:24:26,22,2,28.8,72.4,1.8,269.5,fan,turn_on
2026-05-13 15:53:21,15,2,35.2,59.6,81.5,487.0,fan,turn_on
2026-05-14 04:59:16,4,3,28.3,71.9,3.0,372.9,light,turn_on
2026-05-13 08:18:06,8,2,33.9,69.8,73.0,1310.3,fan,turn_on
2026-05-13 04:28:43,4,2,27.2,76.4,4.5,394.7,fan,turn_off
2026-05-14 02:20:02,2,3,27.9,75.0,1.4,247.8,light,turn_on
2026-05-13 23:08:21,23,2,28.5,75.2,3.1,288.6,light,turn_on
2026-05-13 14:49:07,14,2,33.1,60.7,70.7,518.1,light,turn_off
2026-05-13 12:41:40,12,2,34.1,60.5,80.3,498.3,light,turn_off
2026-05-14 00:12:27,0,3,27.6,77.9,3.2,289.7,light,turn_on
2026-05-13 01:36:57,1,2,28.2,77.9,3.5,262.7,fan,turn_off
2026-05-14 08:17:58,8,3,33.9,69.5,78.2,488.3,light,turn_off
2026-05-13 03:16:05,3,2,27.2,72.4,4.0,295.5,fan,turn_off
2026-05-12 03:10:40,3,1,33.1,57.5,62.0,484.0,fan,turn_on
2026-05-13 03:31:30,3,2,27.6,73.2,3.5,312.9,fan,turn_off
2026-05-14 07:02:04,7,3,27.6,71.8,47.3,448.9,fan,turn_off
2026-05-12 03:34:05,3,1,33.3,57.0,62.0,448.0,fan,turn_on
2026-05-13 16:43:41,16,2,35.2,60.6,80.3,484.7,fan,turn_on
2026-05-13 17:31:09,17,2,31.9,62.1,26.0,425.6,fan,turn_off
2026-05-13 07:48:32,7,2,33.1,68.6,75.9,543.2,light,turn_off
2026-05-13 03:47:40,3,2,26.9,75.5,4.0,271.9,light,turn_on
2026-05-13 13:45:49,13,2,33.2,62.3,82.1,477.1,light,turn_off
2026-05-13 11:16:21,11,2,33.2,61.5,87.1,586.2,light,turn_off
2026-05-14 04:05:49,4,3,27.5,73.7,1.0,341.6,light,turn_on
2026-05-13 13:12:31,13,2,33.2,61.0,78.5,510.8,light,turn_off
2026-05-13 15:56:40,15,2,35.6,59.5,83.6,552.0,light,turn_on
2026-05-13 10:36:01,10,2,33.6,61.5,81.7,534.1,light,turn_off
2026-05-13 10:51:58,10,2,33.2,65.0,83.6,543.6,light,turn_off
2026-05-13 07:13:33,7,2,30.8,67.7,76.4,1362.3,light,turn_off
2026-05-13 23:25:48,23,2,28.9,76.3,5.0,271.5,light,turn_on
2026-05-14 04:25:54,4,3,28.0,73.3,5.0,352.2,fan,turn_off
2026-05-13 01:03:05,1,2,27.4,83.3,2.7,311.5,fan,turn_off
2026-05-13 15:50:38,15,2,35.1,58.9,82.4,510.2,light,turn_off
2026-05-14 01:20:22,1,3,28.0,75.7,1.0,270.5,light,turn_on
2026-05-13 02:01:35,2,2,29.1,78.7,1.3,269.1,light,turn_off
2026-05-14 01:12:59,1,3,27.7,76.8,2.2,292.2,fan,turn_off
2026-05-12 03:39:30,3,1,33.3,55.6,59.0,432.0,fan,turn_on
2026-05-14 03:55:16,3,3,27.7,75.3,1.0,269.1,fan,turn_off
2026-05-14 00:11:10,0,3,27.7,77.9,2.1,297.8,fan,turn_off
2026-05-13 19:47:07,19,2,30.5,64.0,28.2,437.3,fan,turn_off
2026-05-14 02:21:12,2,3,28.0,75.2,4.8,253.7,fan,turn_off
2026-05-13 14:56:21,14,2,33.0,60.0,74.7,542.3,light,turn_off
2026-05-13 17:40:16,17,2,31.8,63.5,31.5,435.9,light,turn_on
2026-05-13 01:22:22,1,2,28.5,79.9,5.0,260.1,light,turn_on
2026-05-13 08:35:00,8,2,34.3,69.1,76.6,2714.5,light,turn_off
2026-05-13 00:31:28,0,2,27.4,80.8,1.0,308.9,light,turn_on
2026-05-13 18:17:34,18,2,30.6,62.0,24.5,440.5,light,turn_on
2026-05-14 03:01:58,3,3,29.1,73.4,2.7,299.7,light,turn_on
2026-05-14 08:15:50,8,3,33.6,69.3,75.8,528.1,light,turn_off
2026-05-13 05:44:47,5,2,28.0,74.1,4.0,337.6,light,turn_on
2026-05-13 10:43:56,10,2,33.5,62.5,89.7,558.9,light,turn_off
2026-05-13 17:20:48,17,2,31.8,62.9,30.6,436.8,light,turn_on
2026-05-14 08:56:42,8,3,34.2,65.7,76.4,894.6,fan,turn_on
2026-05-13 04:19:05,4,2,27.8,76.7,3.4,385.4,light,turn_on
2026-05-13 02:43:43,2,2,27.7,74.6,1.0,288.7,light,turn_on
2026-05-14 06:04:14,6,3,27.9,72.0,4.4,353.2,fan,turn_off
2026-05-13 18:03:24,18,2,31.4,63.4,39.9,392.9,fan,turn_on
2026-05-13 21:56:23,21,2,27.9,72.7,1.0,287.2,light,turn_on
2026-05-13 17:27:00,17,2,32.0,61.9,29.0,414.5,fan,turn_on
2026-05-13 10:14:41,10,2,33.1,64.9,85.2,504.5,light,turn_off
2026-05-13 12:55:46,12,2,33.0,60.4,75.3,522.1,fan,turn_on
2026-05-13 14:31:16,14,2,33.2,63.0,74.2,431.1,fan,turn_on
2026-05-14 06:49:40,6,3,27.3,73.1,4.4,328.5,light,turn_on
2026-05-12 03:34:15,3,1,33.3,57.1,62.5,448.5,fan,turn_on
2026-05-13 23:07:20,23,2,28.5,74.4,1.0,258.4,fan,turn_off
2026-05-13 08:09:07,8,2,33.7,69.0,73.2,3211.7,light,turn_off
2026-05-14 00:30:09,0,3,26.9,77.5,4.5,272.7,fan,turn_off
2026-05-14 03:32:08,3,3,27.9,75.1,5.0,261.3,light,turn_on
2026-05-13 06:36:47,6,2,27.8,72.6,5.8,390.1,light,turn_on
2026-05-12 03:42:55,3,1,33.3,55.4,67.0,435.0,light,turn_on
2026-05-13 09:54:24,9,2,33.5,63.8,87.5,563.4,light,turn_off
2026-05-13 17:17:02,17,2,31.8,63.1,26.3,430.8,light,turn_on
2026-05-13 17:16:38,17,2,32.0,63.3,27.9,416.2,fan,turn_on
2026-05-13 00:23:07,0,2,27.9,80.9,4.3,234.6,light,turn_on
2026-05-13 17:29:42,17,2,31.9,62.0,27.0,418.8,fan,turn_on
2026-05-13 07:46:52,7,2,33.0,68.7,80.7,549.4,light,turn_off
2026-05-13 01:38:34,1,2,28.2,78.6,2.3,289.0,light,turn_on
2026-05-14 04:36:57,4,3,28.3,73.4,5.0,381.9,light,turn_on
2026-05-14 02:01:04,2,3,28.7,75.3,4.8,284.9,light,turn_on
2026-05-12 03:47:35,3,1,33.5,56.5,72.0,430.0,light,turn_on
2026-05-12 03:41:55,3,1,0.0,0.0,68.0,0.0,light,turn_on
2026-05-13 17:25:12,17,2,31.8,61.7,25.4,427.6,light,turn_on
2026-05-13 19:28:20,19,2,29.4,67.3,26.7,388.7,fan,turn_off
2026-05-13 21:22:30,21,2,29.1,72.4,3.9,306.8,fan,turn_off
2026-05-14 02:59:19,2,3,28.6,73.7,5.0,317.8,light,turn_on
2026-05-14 01:36:47,1,3,28.3,75.2,5.0,286.5,fan,turn_off
2026-05-14 07:09:40,7,3,29.5,69.6,72.4,3091.8,fan,turn_off
2026-05-13 14:17:27,14,2,33.4,61.8,78.9,523.4,fan,turn_on
2026-05-13 09:13:54,9,2,34.2,64.1,85.9,563.0,light,turn_off
2026-05-13 15:41:19,15,2,35.0,58.6,77.5,481.7,fan,turn_on
2026-05-13 11:21:14,11,2,33.0,61.7,86.1,507.1,fan,turn_on
2026-05-13 23:31:56,23,2,28.8,76.4,3.0,289.5,fan,turn_off
2026-05-14 05:54:35,5,3,28.2,73.7,5.1,401.3,light,turn_off
2026-05-13 09:56:18,9,2,33.5,64.4,87.7,531.5,fan,turn_on
2026-05-14 06:14:37,6,3,28.1,70.5,5.3,386.6,fan,turn_on
2026-05-12 03:08:40,3,1,33.2,57.7,64.0,495.0,light,turn_on
2026-05-13 10:14:41,10,2,33.1,64.9,85.2,504.5,fan,turn_off
2026-05-13 12:39:15,12,2,34.1,60.9,78.3,567.2,light,turn_off
2026-05-13 19:25:28,19,2,29.8,65.8,24.2,427.8,light,turn_on
2026-05-13 07:37:34,7,2,32.6,69.5,74.7,1451.4,light,turn_off
2026-05-13 09:54:58,9,2,33.4,64.2,86.6,559.5,light,turn_off
2026-05-14 08:57:49,8,3,34.3,65.2,77.2,744.3,fan,turn_on
2026-05-13 19:07:12,19,2,30.2,64.6,30.6,427.1,light,turn_on
2026-05-14 05:44:39,5,3,28.2,72.5,3.8,364.0,fan,turn_on
2026-05-13 00:40:00,0,2,27.4,80.6,2.9,285.5,light,turn_on
2026-05-13 20:45:15,20,2,31.2,64.7,22.3,440.5,light,turn_on
2026-05-14 07:34:55,7,3,32.5,67.8,70.6,898.3,light,turn_off
2026-05-14 06:57:48,6,3,27.1,73.9,2.9,358.6,fan,turn_off
2026-05-13 13:18:45,13,2,33.6,60.7,82.4,524.0,light,turn_off
2026-05-14 02:35:59,2,3,28.8,75.2,3.3,282.3,light,turn_on
2026-05-13 01:28:24,1,2,28.7,78.9,1.7,280.8,light,turn_on
2026-05-13 08:44:15,8,2,34.1,69.1,79.8,2816.3,light,turn_off
2026-05-13 05:58:05,5,2,28.2,72.5,4.3,342.1,fan,turn_off
2026-05-14 02:40:44,2,3,28.6,75.5,1.6,283.5,fan,turn_off
2026-05-14 08:26:57,8,3,33.4,68.1,75.2,3583.8,fan,turn_on
2026-05-14 03:50:04,3,3,27.1,76.0,3.2,292.4,fan,turn_off
2026-05-13 06:14:25,6,2,27.9,71.4,2.3,376.4,light,turn_on
2026-05-13 07:47:33,7,2,33.1,69.1,78.0,546.0,light,turn_off
2026-05-13 13:37:31,13,2,33.7,62.3,76.8,520.2,light,turn_off
2026-05-13 03:10:45,3,2,26.9,72.5,5.0,253.1,light,turn_on
2026-05-14 05:35:26,5,3,28.6,72.1,4.2,367.8,light,turn_on
2026-05-13 08:26:21,8,2,34.3,69.0,72.9,592.2,fan,turn_on
2026-05-13 02:47:20,2,2,27.4,74.8,5.0,285.7,fan,turn_off
2026-05-07 07:53:40,7,3,33.8,57.3,82.0,3411.0,light,turn_off
2026-05-13 10:00:28,10,2,33.3,64.1,90.4,568.4,light,turn_on
2026-05-14 00:02:58,0,3,27.4,77.1,1.0,300.6,fan,turn_off
2026-05-13 02:39:25,2,2,28.5,75.2,3.9,286.7,light,turn_on
2026-05-13 01:27:56,1,2,28.6,79.5,3.2,293.5,light,turn_on
2026-05-13 20:09:20,20,2,31.9,62.9,26.3,467.9,light,turn_on
2026-05-13 15:37:58,15,2,35.0,58.9,81.3,506.5,light,turn_off
2026-05-13 03:16:05,3,2,27.2,72.4,4.0,295.5,light,turn_on
2026-05-13 10:20:33,10,2,33.4,62.5,85.6,593.4,light,turn_off
2026-05-14 07:56:43,7,3,33.6,68.3,72.7,2710.2,light,turn_off
2026-05-13 17:17:22,17,2,31.7,62.7,30.6,416.2,fan,turn_on
2026-05-13 20:24:42,20,2,31.4,62.6,21.8,428.4,fan,turn_on
2026-05-13 14:51:01,14,2,32.9,61.2,78.2,529.7,light,turn_off
2026-05-13 13:13:12,13,2,33.4,60.7,77.7,497.1,fan,turn_on
2026-05-13 19:46:12,19,2,30.3,64.2,27.8,422.8,fan,turn_off
2026-05-13 10:22:22,10,2,33.4,62.8,86.8,558.8,light,turn_off
2026-05-13 11:09:43,11,2,33.8,61.3,88.1,579.7,light,turn_off
2026-05-13 20:23:33,20,2,31.2,62.8,22.9,419.5,light,turn_on
2026-05-13 22:55:54,22,2,28.1,74.1,5.0,302.0,light,turn_on
2026-05-13 11:38:21,11,2,33.3,61.9,86.0,583.0,light,turn_off
2026-05-13 21:32:00,21,2,28.9,73.0,3.3,276.1,light,turn_on
2026-05-13 06:52:00,6,2,27.5,74.3,1.1,378.2,fan,turn_off
2026-05-13 10:15:12,10,2,33.1,65.0,84.6,535.5,fan,turn_on
2026-05-14 03:00:29,3,3,28.8,73.3,4.1,298.1,fan,turn_on
2026-05-13 15:48:57,15,2,35.2,58.7,79.7,500.8,light,turn_off
2026-05-13 08:28:49,8,2,34.4,69.6,72.1,542.9,light,turn_off
2026-05-12 03:35:35,3,1,33.3,56.1,66.0,439.0,light,turn_on
2026-05-13 05:49:24,5,2,28.0,72.6,6.7,378.1,light,turn_on
2026-05-13 22:39:50,22,2,28.7,72.3,4.2,318.8,fan,turn_off
2026-05-14 04:14:43,4,3,27.7,73.3,4.5,396.2,fan,turn_off
2026-05-13 05:22:14,5,2,28.2,73.4,4.3,366.4,light,turn_on
2026-05-13 01:56:27,1,2,28.9,77.6,3.0,309.7,light,turn_on
2026-05-13 06:45:17,6,2,27.7,73.7,4.7,349.9,fan,turn_off
2026-05-13 10:34:49,10,2,33.9,61.8,83.1,491.4,fan,turn_on
2026-05-13 09:11:38,9,2,34.1,64.6,84.1,599.0,light,turn_off
2026-05-14 02:15:27,2,3,28.3,74.1,4.6,266.0,fan,turn_on
2026-05-13 15:55:58,15,2,35.6,59.3,85.5,522.7,fan,turn_on
2026-05-13 06:03:21,6,2,28.2,72.4,3.9,372.8,fan,turn_off
2026-05-13 19:55:20,19,2,31.0,63.0,31.2,419.3,fan,turn_on
2026-05-13 17:11:06,17,2,32.3,63.7,25.6,452.5,fan,turn_on
2026-05-14 07:57:48,7,3,33.6,68.5,72.1,2778.6,light,turn_off
2026-05-14 02:10:46,2,3,28.4,73.1,3.5,303.2,fan,turn_off
2026-05-13 17:00:28,17,2,34.7,61.4,58.9,474.3,light,turn_on
2026-05-13 23:59:21,23,2,27.8,76.8,1.0,266.8,fan,turn_off
2026-05-14 03:44:55,3,3,27.1,76.5,4.5,293.1,light,turn_on
2026-05-13 21:14:30,21,2,28.9,73.4,3.6,320.6,fan,turn_off
2026-05-13 11:26:51,11,2,33.4,62.2,88.2,540.6,fan,turn_on
2026-05-13 03:37:20,3,2,27.6,74.6,5.0,271.2,fan,turn_off
2026-05-14 04:01:24,4,3,27.1,74.8,4.0,308.7,fan,turn_off
2026-05-13 12:21:18,12,2,33.8,62.9,77.1,434.0,light,turn_off
2026-05-13 03:45:47,3,2,27.0,76.0,2.4,289.1,fan,turn_off
2026-05-13 03:17:05,3,2,27.2,72.5,2.2,268.8,light,turn_on
2026-05-13 11:45:36,11,2,33.4,64.4,87.5,531.5,fan,turn_off
2026-05-13 23:29:56,23,2,28.8,76.4,3.8,276.0,light,turn_on
2026-05-14 02:45:33,2,3,28.9,75.0,1.3,281.6,light,turn_on
2026-05-13 11:33:34,11,2,33.2,62.0,87.3,490.1,light,turn_off
2026-05-13 07:06:44,7,2,29.3,69.6,64.2,3530.6,fan,turn_on
2026-05-14 01:47:18,1,3,28.7,74.1,5.0,248.6,fan,turn_off
2026-05-13 09:43:29,9,2,33.1,63.9,91.4,536.1,light,turn_off
2026-05-13 05:33:17,5,2,28.4,73.7,4.0,384.8,fan,turn_off
2026-05-13 03:08:17,3,2,27.0,73.2,4.9,265.5,fan,turn_off
2026-05-13 06:48:07,6,2,27.7,74.0,5.1,359.8,fan,turn_off
2026-05-14 04:15:43,4,3,27.8,72.8,3.0,371.9,light,turn_on
2026-05-13 14:42:29,14,2,33.5,61.0,77.0,545.7,light,turn_on
2026-05-14 04:45:31,4,3,27.9,73.5,4.8,401.1,light,turn_on
2026-05-13 16:10:55,16,2,35.2,58.1,78.4,519.9,fan,turn_on
2026-05-14 05:41:03,5,3,28.2,72.1,6.4,345.7,fan,turn_on
2026-05-14 01:47:45,1,3,28.7,74.4,2.8,260.1,light,turn_on
2026-05-13 04:15:40,4,2,27.6,76.5,5.0,350.8,fan,turn_off
2026-05-13 05:43:07,5,2,28.1,74.4,3.5,338.6,fan,turn_off
2026-05-14 06:03:42,6,3,27.9,72.3,4.1,346.0,fan,turn_off
2026-05-14 02:31:14,2,3,28.4,75.7,2.6,232.7,fan,turn_on
2026-05-13 05:27:15,5,2,28.3,73.9,7.1,369.6,light,turn_on
2026-05-13 20:59:55,20,2,31.8,64.0,30.6,399.2,fan,turn_on
2026-05-14 00:06:52,0,3,27.4,77.6,4.9,318.9,fan,turn_off
2026-05-14 04:12:35,4,3,27.8,73.7,4.5,397.7,light,turn_on
2026-05-13 00:34:07,0,2,27.3,80.5,1.9,296.6,light,turn_on
2026-05-13 22:03:11,22,2,28.0,73.0,1.7,291.1,light,turn_on
2026-05-14 02:52:01,2,3,28.8,74.2,1.8,249.5,light,turn_on
2026-05-14 01:21:44,1,3,27.8,75.7,1.1,278.3,fan,turn_off
2026-05-13 07:54:24,7,2,33.1,68.4,71.0,2498.6,fan,turn_on
2026-05-14 03:27:46,3,3,27.6,75.1,1.0,283.8,light,turn_on
2026-05-14 04:38:29,4,3,28.2,73.2,2.8,359.3,fan,turn_on
2026-05-13 00:43:34,0,2,27.5,80.8,1.0,283.2,light,turn_on
2026-05-13 08:25:45,8,2,34.2,69.4,75.2,597.0,light,turn_on
2026-05-13 01:27:25,1,2,28.8,79.5,2.6,299.5,fan,turn_off
2026-05-13 14:59:26,14,2,33.1,58.8,81.6,535.6,fan,turn_on
2026-05-13 16:46:12,16,2,35.1,60.2,84.8,531.0,fan,turn_on
2026-05-13 05:36:52,5,2,28.3,74.6,1.0,368.9,light,turn_on
2026-05-14 05:39:46,5,3,28.1,71.9,6.4,363.6,fan,turn_on
2026-05-13 23:31:11,23,2,28.9,76.2,5.0,292.1,fan,turn_on
2026-05-13 13:15:33,13,2,33.4,61.0,76.9,518.3,light,turn_off
2026-05-13 15:24:57,15,2,34.0,58.7,78.5,504.9,light,turn_off
2026-05-14 07:41:11,7,3,33.0,67.3,69.8,2690.6,light,turn_off
2026-05-13 18:53:23,18,2,31.0,65.3,28.1,450.2,fan,turn_on
2026-05-13 03:01:55,3,2,27.5,74.3,4.7,284.3,light,turn_on
2026-05-13 23:57:51,23,2,27.6,77.5,3.7,279.7,light,turn_on
2026-05-13 15:05:00,15,2,33.1,58.7,82.6,524.6,fan,turn_on
2026-05-13 05:15:37,5,2,27.7,75.2,7.7,408.0,fan,turn_off
2026-05-14 01:27:03,1,3,27.7,75.2,4.9,271.9,light,turn_on
2026-05-14 07:55:51,7,3,33.4,68.0,75.6,2964.8,light,turn_off
2026-05-13 12:07:22,12,2,33.7,61.1,86.8,480.8,light,turn_off
2026-05-13 01:45:25,1,2,28.4,77.8,3.6,300.6,fan,turn_off
2026-05-14 00:04:29,0,3,27.4,77.3,1.0,301.0,light,turn_on
2026-05-13 08:47:06,8,2,34.3,69.1,79.6,1445.5,light,turn_off
2026-05-13 01:35:37,1,2,28.3,78.3,2.1,266.3,light,turn_off
2026-05-13 12:53:05,12,2,33.1,61.7,78.4,513.8,light,turn_off
2026-05-13 07:32:11,7,2,32.3,68.8,78.3,2673.4,fan,turn_on
2026-05-13 23:00:31,23,2,28.1,74.4,4.8,325.0,fan,turn_on
2026-05-13 12:38:33,12,2,34.0,60.5,77.0,546.2,fan,turn_on
2026-05-13 01:33:40,1,2,28.5,78.6,2.9,297.9,fan,turn_on
2026-05-13 22:05:24,22,2,27.9,73.2,1.3,252.5,fan,turn_off
2026-05-13 18:18:53,18,2,30.3,62.7,27.8,450.8,light,turn_on
2026-05-13 10:17:32,10,2,33.2,63.5,82.2,537.9,light,turn_off
2026-05-13 10:27:57,10,2,33.7,61.3,84.3,567.7,fan,turn_on
2026-05-14 06:49:40,6,3,27.3,73.1,4.4,328.5,fan,turn_off
2026-05-13 20:36:51,20,2,31.0,64.1,27.0,448.2,light,turn_on
2026-05-13 16:01:30,16,2,35.1,58.0,84.1,485.6,light,turn_off
2026-05-14 03:06:49,3,3,28.5,75.6,3.1,271.2,fan,turn_on
2026-05-13 15:28:35,15,2,34.7,58.1,79.2,556.6,light,turn_off
2026-05-14 09:07:04,9,3,33.6,64.3,83.6,578.2,fan,turn_on
2026-05-13 02:44:09,2,2,27.5,74.8,2.5,271.6,fan,turn_off
2026-05-13 17:32:59,17,2,31.9,62.7,27.3,424.4,fan,turn_on
2026-05-14 01:43:28,1,3,28.5,74.1,3.8,239.5,fan,turn_off
2026-05-14 03:39:51,3,3,27.6,75.3,2.0,280.1,light,turn_on
2026-05-13 03:36:17,3,2,27.7,73.9,2.3,266.1,light,turn_on
2026-05-14 03:06:49,3,3,28.5,75.6,3.1,271.2,light,turn_on
2026-05-14 03:46:12,3,3,27.1,76.5,5.0,285.4,fan,turn_off
2026-05-13 09:54:58,9,2,33.4,64.2,86.6,559.5,fan,turn_on
2026-05-14 01:25:14,1,3,27.5,75.7,4.6,271.7,light,turn_on
2026-05-13 21:26:39,21,2,28.7,72.6,3.0,298.7,light,turn_on
2026-05-13 20:55:20,20,2,31.7,64.1,28.9,438.3,fan,turn_on
2026-05-13 14:36:36,14,2,33.3,61.5,74.9,532.8,fan,turn_on
2026-05-13 22:00:06,22,2,27.8,73.3,1.0,296.8,light,turn_on
2026-05-13 18:50:33,18,2,30.8,65.2,26.5,425.9,fan,turn_on
2026-05-14 01:40:37,1,3,28.3,74.7,5.0,284.8,fan,turn_off
2026-05-13 10:59:21,10,2,33.2,63.6,87.3,600.8,light,turn_off
2026-05-14 01:54:55,1,3,28.6,74.7,1.0,269.4,light,turn_on
2026-05-13 02:21:11,2,2,28.8,77.4,2.3,259.4,light,turn_off
2026-05-14 08:32:38,8,3,33.4,67.6,78.5,1353.8,light,turn_off
2026-05-13 18:08:54,18,2,30.6,62.0,28.0,433.2,fan,turn_off
2026-05-14 07:02:04,7,3,27.6,71.8,47.3,448.9,light,turn_off
2026-05-13 15:33:19,15,2,35.1,58.6,81.5,569.4,fan,turn_on
2026-05-13 18:25:24,18,2,29.7,64.1,35.3,435.3,fan,turn_off
2026-05-13 08:15:44,8,2,33.9,69.1,69.6,2456.3,light,turn_off
2026-05-13 23:21:08,23,2,28.9,75.8,2.5,304.1,light,turn_on
2026-05-13 10:18:57,10,2,33.4,62.9,85.3,557.5,fan,turn_on
2026-05-13 05:35:27,5,2,28.3,74.0,2.5,360.2,light,turn_on
2026-05-13 13:24:30,13,2,33.7,61.6,77.2,543.1,fan,turn_off
2026-05-13 09:16:09,9,2,34.3,63.5,85.4,581.3,light,turn_off
2026-05-13 16:37:55,16,2,35.3,61.1,85.4,523.2,light,turn_off
2026-05-13 17:48:08,17,2,31.8,64.2,27.1,445.1,fan,turn_on
2026-05-13 05:43:07,5,2,28.1,74.4,3.5,338.6,light,turn_on
2026-05-13 04:33:07,4,2,27.3,75.6,5.0,365.2,light,turn_on
2026-05-13 07:46:52,7,2,33.0,68.7,80.7,549.4,fan,turn_on
2026-05-13 07:09:55,7,2,29.8,69.3,70.5,3505.0,light,turn_off
2026-05-13 21:47:02,21,2,28.1,72.7,4.7,285.5,fan,turn_off
2026-05-13 16:39:13,16,2,35.2,60.9,80.7,508.6,light,turn_off
2026-05-12 03:42:25,3,1,33.4,55.70000000000001,68.0,432.0,light,turn_on
2026-05-13 14:57:14,14,2,33.1,59.6,75.9,555.7,fan,turn_on
2026-05-13 03:29:02,3,2,27.3,73.5,4.9,294.9,fan,turn_off
2026-05-13 08:35:59,8,2,34.4,69.0,79.6,2278.5,fan,turn_on
2026-05-14 09:06:44,9,3,33.6,65.0,83.9,583.0,light,turn_off
2026-05-13 17:01:30,17,2,34.4,61.8,49.1,464.3,light,turn_off
2026-05-12 03:07:10,3,1,32.9,58.7,65.0,420.0,light,turn_on
2026-05-13 21:11:13,21,2,29.5,72.1,3.9,314.1,light,turn_on
2026-05-13 02:08:02,2,2,28.9,78.4,4.4,307.3,light,turn_on
2026-05-13 20:11:30,20,2,32.0,62.2,27.7,426.9,fan,turn_on
2026-05-14 06:02:05,6,3,28.1,72.8,3.4,361.8,fan,turn_on
2026-05-13 06:14:25,6,2,27.9,71.4,2.3,376.4,fan,turn_off
2026-05-13 12:56:28,12,2,33.1,60.3,75.0,530.4,fan,turn_on
2026-05-13 09:02:14,9,2,33.7,65.9,78.5,2358.0,light,turn_off
2026-05-14 00:08:36,0,3,27.4,77.6,4.8,296.5,light,turn_on
2026-05-13 22:24:48,22,2,28.6,72.4,1.1,278.2,fan,turn_off
2026-05-13 10:05:47,10,2,33.2,64.8,82.3,516.3,fan,turn_off
2026-05-13 22:59:51,22,2,28.0,74.3,3.2,329.8,light,turn_on
2026-05-13 02:40:25,2,2,28.2,75.0,3.6,294.8,fan,turn_off
2026-05-14 02:34:18,2,3,28.7,74.8,1.9,283.1,light,turn_on
2026-05-13 16:01:30,16,2,35.1,58.0,84.1,485.6,fan,turn_on
2026-05-13 16:56:20,16,2,34.7,60.6,84.6,522.9,fan,turn_on
2026-05-13 10:59:21,10,2,33.2,63.6,87.3,600.8,fan,turn_on
2026-05-13 23:42:41,23,2,27.6,78.7,4.2,280.4,light,turn_on
2026-05-13 06:46:14,6,2,27.7,73.7,3.1,375.3,light,turn_on
2026-05-13 10:58:08,10,2,32.9,64.0,83.7,608.5,fan,turn_on
2026-05-13 16:21:54,16,2,35.1,58.9,76.9,515.4,fan,turn_on
2026-05-13 07:11:37,7,2,30.2,68.4,70.8,2221.6,light,turn_off
2026-05-13 12:14:10,12,2,34.1,61.7,77.9,455.8,light,turn_off
2026-05-13 06:54:25,6,2,27.6,74.8,1.0,374.2,fan,turn_off
2026-05-13 03:03:27,3,2,27.3,73.6,4.3,276.5,light,turn_on
2026-05-14 08:41:33,8,3,33.9,67.0,75.3,541.7,light,turn_off
2026-05-13 17:41:18,17,2,32.1,63.6,32.5,411.2,light,turn_on
2026-05-13 23:36:23,23,2,28.5,75.8,3.2,319.2,light,turn_on
2026-05-14 07:47:28,7,3,33.1,65.8,75.3,1048.9,fan,turn_on
2026-05-13 13:04:38,13,2,33.3,60.7,80.1,457.9,fan,turn_on
2026-05-14 09:10:13,9,3,33.4,64.3,85.8,568.0,fan,turn_on
2026-05-13 01:01:13,1,2,27.7,84.1,2.3,264.6,fan,turn_off
2026-05-14 08:14:40,8,3,33.7,69.2,76.5,554.9,light,turn_off
2026-05-14 07:16:12,7,3,31.0,68.6,71.4,2791.0,light,turn_off
2026-05-14 04:30:21,4,3,28.1,73.6,3.5,378.1,light,turn_on
2026-05-13 14:16:24,14,2,33.3,61.5,78.2,535.3,light,turn_off
2026-05-14 01:12:28,1,3,27.7,76.9,3.9,297.9,light,turn_on
2026-05-13 23:05:25,23,2,28.5,75.1,2.5,263.3,light,turn_on
2026-05-13 18:01:27,18,2,31.6,63.4,35.2,445.3,light,turn_on
2026-05-13 21:38:46,21,2,28.3,72.5,1.8,289.2,light,turn_on
2026-05-14 02:20:27,2,3,28.1,74.8,2.9,242.2,light,turn_off
2026-05-13 07:34:33,7,2,32.6,69.2,75.1,2856.1,fan,turn_on
2026-05-13 19:39:26,19,2,30.1,66.0,32.1,461.6,fan,turn_on
2026-05-14 02:51:18,2,3,28.9,74.2,1.1,258.6,light,turn_on
2026-05-14 00:52:56,0,3,27.5,76.8,2.2,277.0,light,turn_on
2026-05-14 00:18:49,0,3,27.0,78.2,1.0,278.6,light,turn_on
2026-05-13 16:43:41,16,2,35.2,60.6,80.3,484.7,light,turn_off
2026-05-14 07:29:19,7,3,32.2,67.7,74.1,3718.9,light,turn_off
2026-05-13 22:15:22,22,2,28.7,72.2,2.9,297.6,fan,turn_on
2026-05-14 02:41:53,2,3,28.8,74.6,1.0,290.8,fan,turn_on
2026-05-14 05:38:32,5,3,28.2,72.0,6.3,356.3,light,turn_on
2026-05-13 18:50:54,18,2,30.9,65.5,25.1,441.1,light,turn_on
2026-05-13 21:26:39,21,2,28.7,72.6,3.0,298.7,fan,turn_off
2026-05-13 11:38:56,11,2,33.4,62.2,84.1,579.7,fan,turn_off
2026-05-12 03:39:00,3,1,33.3,55.79999999999999,0.0,443.0,light,turn_on
2026-05-13 05:14:37,5,2,27.7,75.3,6.2,386.7,light,turn_on
2026-05-13 04:19:05,4,2,27.8,76.7,3.4,385.4,fan,turn_off
2026-05-13 17:35:40,17,2,31.9,63.3,23.8,418.7,light,turn_on
2026-05-13 20:03:17,20,2,31.8,63.7,28.0,478.1,fan,turn_on
2026-05-13 02:54:37,2,2,27.7,75.0,1.0,294.6,light,turn_on
2026-05-13 18:52:42,18,2,31.2,65.0,26.2,445.3,fan,turn_on
2026-05-13 22:20:30,22,2,29.0,72.5,3.7,267.1,fan,turn_off
2026-05-14 09:18:26,9,3,33.5,62.7,83.8,502.9,fan,turn_on
2026-05-13 15:52:31,15,2,35.2,60.0,80.9,521.4,fan,turn_on
2026-05-13 17:09:50,17,2,32.6,64.4,25.1,429.0,light,turn_on
2026-05-13 02:18:12,2,2,28.8,76.9,2.1,291.0,fan,turn_off
2026-05-14 02:27:00,2,3,28.3,75.1,4.3,274.3,light,turn_on
2026-05-13 11:04:31,11,2,33.6,62.9,87.6,572.2,fan,turn_off
2026-05-13 14:38:03,14,2,33.6,60.9,75.4,527.7,fan,turn_on
2026-05-13 11:18:19,11,2,32.9,61.8,83.8,545.3,light,turn_off
2026-05-13 19:23:12,19,2,29.9,65.6,24.7,440.9,fan,turn_off
2026-05-13 17:16:15,17,2,31.8,63.1,28.5,420.1,light,turn_on
2026-05-14 09:11:12,9,3,33.3,63.9,83.8,556.6,fan,turn_on
2026-05-13 21:15:14,21,2,28.9,73.4,2.2,330.1,fan,turn_off
2026-05-13 09:31:34,9,2,33.5,64.0,86.7,578.5,light,turn_off
2026-05-14 09:01:07,9,3,34.0,65.1,79.7,621.5,light,turn_off
2026-05-13 01:12:26,1,2,28.0,81.3,5.0,306.7,fan,turn_on
2026-05-13 06:52:00,6,2,27.5,74.3,1.1,378.2,light,turn_on
2026-05-13 13:29:55,13,2,33.8,62.0,77.7,487.9,light,turn_off
2026-05-13 21:13:44,21,2,29.0,72.8,4.4,319.7,light,turn_on
2026-05-13 13:51:07,13,2,33.2,61.9,83.6,484.0,fan,turn_on
2026-05-14 07:39:48,7,3,32.9,67.3,76.5,2125.5,light,turn_off
2026-05-13 20:32:41,20,2,31.1,64.0,25.4,470.5,light,turn_on
2026-05-13 07:28:57,7,2,32.7,66.9,75.3,479.4,light,turn_off
2026-05-13 14:30:44,14,2,33.1,62.7,77.2,437.3,light,turn_off
2026-05-13 04:11:41,4,2,27.5,75.6,5.0,356.8,light,turn_on
2026-05-13 21:34:38,21,2,28.8,72.7,3.6,286.8,fan,turn_on
2026-05-13 23:51:05,23,2,27.6,78.9,4.5,314.5,fan,turn_off
2026-05-13 14:04:33,14,2,33.0,62.8,79.2,473.9,light,turn_off
2026-05-13 22:00:41,22,2,27.8,73.4,2.1,281.3,light,turn_on
2026-05-13 04:51:28,4,2,27.6,75.4,2.5,380.0,light,turn_on
2026-05-13 23:38:04,23,2,28.3,75.9,1.0,318.7,fan,turn_off
2026-05-14 00:21:29,0,3,26.9,77.9,3.4,276.3,light,turn_on
2026-05-13 02:46:20,2,2,27.6,75.1,4.2,267.1,fan,turn_off
2026-05-14 04:06:26,4,3,27.6,73.3,1.0,343.2,fan,turn_off
2026-05-13 18:12:27,18,2,30.4,62.2,32.9,443.2,light,turn_on
2026-05-14 01:08:48,1,3,27.5,75.7,1.0,288.4,light,turn_on
2026-05-13 15:43:48,15,2,34.9,58.9,79.7,507.6,fan,turn_on
2026-05-13 02:29:25,2,2,28.9,75.5,2.8,268.9,fan,turn_off
2026-05-13 20:47:01,20,2,30.9,65.2,29.8,466.7,light,turn_on
2026-05-13 01:49:12,1,2,28.7,78.2,3.7,285.7,fan,turn_on
2026-05-14 05:41:49,5,3,28.3,71.9,5.7,347.4,light,turn_on
2026-05-13 02:23:33,2,2,28.6,78.1,4.2,257.5,light,turn_on
2026-05-13 22:52:53,22,2,28.2,74.1,4.6,308.7,fan,turn_on
2026-05-13 03:04:53,3,2,27.2,73.3,4.4,263.9,fan,turn_off
2026-05-13 14:53:09,14,2,33.2,60.7,74.9,509.1,light,turn_off
2026-05-13 04:29:28,4,2,27.0,76.4,5.0,391.3,light,turn_on
2026-05-14 03:36:45,3,3,27.7,75.8,2.7,276.7,fan,turn_off
2026-05-13 16:43:13,16,2,35.3,60.6,84.4,489.6,fan,turn_on
2026-05-14 00:56:21,0,3,27.6,77.4,2.3,265.5,light,turn_on
2026-05-13 04:47:14,4,2,27.4,75.9,4.7,360.7,fan,turn_off
2026-05-14 08:36:08,8,3,33.6,67.1,78.0,772.2,fan,turn_on
2026-05-13 10:30:02,10,2,33.5,62.0,83.5,551.2,light,turn_off
2026-05-13 13:58:21,13,2,33.3,62.1,71.2,553.3,light,turn_off
2026-05-14 01:33:31,1,3,28.1,75.8,5.0,275.2,fan,turn_off
2026-05-13 18:15:03,18,2,30.5,61.9,26.4,453.9,light,turn_on
2026-05-13 19:21:14,19,2,30.2,65.0,20.0,464.7,fan,turn_on
2026-05-14 05:59:01,5,3,27.9,73.2,6.7,368.6,light,turn_on
2026-05-13 23:50:18,23,2,27.5,79.2,3.3,300.3,light,turn_on
2026-05-13 09:26:29,9,2,33.7,64.2,83.2,575.4,fan,turn_on
2026-05-14 00:10:29,0,3,27.6,78.0,2.4,308.4,light,turn_on
2026-05-14 07:38:56,7,3,32.8,67.0,74.2,2524.6,fan,turn_on
2026-05-13 03:25:14,3,2,27.3,72.6,5.0,267.0,light,turn_on
2026-05-13 21:44:50,21,2,28.1,72.4,2.5,268.8,light,turn_on
2026-05-13 09:19:57,9,2,33.9,64.1,84.8,550.1,fan,turn_off
2026-05-14 00:42:19,0,3,27.0,78.9,2.8,324.2,fan,turn_on
2026-05-13 04:38:45,4,2,26.9,75.8,4.1,385.3,light,turn_on
2026-05-13 20:10:14,20,2,32.1,62.8,25.4,460.0,light,turn_on
2026-05-14 06:30:23,6,3,28.4,71.9,5.4,355.7,light,turn_on
2026-05-13 16:06:21,16,2,34.9,57.7,83.6,501.1,light,turn_on
2026-05-14 04:39:26,4,3,28.3,73.4,4.9,354.6,fan,turn_off
2026-05-13 13:13:12,13,2,33.4,60.7,77.7,497.1,light,turn_off
2026-05-13 09:16:46,9,2,34.2,63.5,83.3,567.3,light,turn_off
2026-05-13 10:06:20,10,2,33.0,64.4,82.9,519.5,light,turn_off
2026-05-13 17:24:22,17,2,31.7,62.3,30.0,442.4,fan,turn_on
2026-05-14 07:12:29,7,3,30.1,70.2,74.9,3181.0,light,turn_off
2026-05-13 02:05:34,2,2,28.9,78.5,3.1,286.3,fan,turn_on
2026-05-13 09:01:22,9,2,33.8,66.3,77.1,2837.9,fan,turn_on
2026-05-13 08:48:40,8,2,34.4,68.8,74.6,962.7,fan,turn_on
2026-05-13 09:24:29,9,2,33.7,63.9,89.0,569.4,light,turn_off
2026-05-14 09:06:44,9,3,33.6,65.0,83.9,583.0,fan,turn_off
2026-05-13 03:40:38,3,2,27.4,75.8,3.6,295.6,fan,turn_off
2026-05-13 13:54:16,13,2,33.3,62.9,77.7,517.5,fan,turn_on
2026-05-13 03:58:04,3,2,26.5,75.7,4.1,267.7,fan,turn_off
2026-05-13 01:20:26,1,2,28.3,80.4,2.9,268.9,fan,turn_off
2026-05-14 09:09:01,9,3,33.4,64.3,83.7,565.5,fan,turn_on
2026-05-13 16:33:18,16,2,35.0,61.0,79.6,561.4,fan,turn_on
2026-05-14 02:12:28,2,3,28.1,73.9,2.3,268.1,light,turn_on
2026-05-12 03:10:40,3,1,33.1,57.5,62.0,484.0,light,turn_on
2026-05-13 06:59:48,6,2,27.8,74.0,9.2,397.6,fan,turn_off
2026-05-13 14:03:28,14,2,33.2,62.0,80.5,497.1,fan,turn_on
2026-05-13 23:54:36,23,2,27.7,78.2,3.6,311.1,fan,turn_off
2026-05-13 22:51:10,22,2,28.2,74.5,3.4,289.5,fan,turn_on
2026-05-14 08:33:09,8,3,33.4,67.3,73.5,1194.5,light,turn_off
2026-05-14 04:32:41,4,3,28.3,73.7,3.0,380.2,light,turn_on
2026-05-13 16:00:44,16,2,35.3,57.9,83.1,465.7,light,turn_off
2026-05-14 06:06:45,6,3,28.1,71.5,1.8,353.1,light,turn_on
2026-05-14 08:34:32,8,3,33.3,67.1,74.5,947.1,fan,turn_on
2026-05-13 13:55:48,13,2,33.3,62.9,71.6,564.0,light,turn_off
2026-05-13 04:07:35,4,2,26.9,75.7,3.0,357.4,fan,turn_off
2026-05-13 13:35:01,13,2,33.4,62.8,80.0,531.2,fan,turn_off
2026-05-13 19:56:30,19,2,31.2,62.7,30.1,424.2,light,turn_on
2026-05-14 06:31:42,6,3,28.3,72.7,6.0,311.6,light,turn_on
2026-05-13 05:13:26,5,2,27.7,75.3,4.9,395.7,light,turn_on
2026-05-14 01:13:46,1,3,27.9,77.0,2.9,307.6,light,turn_on
2026-05-13 14:04:06,14,2,33.0,62.5,77.4,474.3,fan,turn_on
2026-05-13 19:02:23,19,2,30.2,65.5,24.2,452.1,fan,turn_off
2026-05-13 04:58:59,4,2,27.4,76.6,5.0,329.1,light,turn_on
2026-05-13 23:08:50,23,2,28.7,75.5,1.0,279.6,light,turn_on
2026-05-13 08:22:57,8,2,33.9,69.1,74.9,656.8,fan,turn_on
2026-05-13 15:14:53,15,2,33.1,57.7,79.6,473.8,fan,turn_on
2026-05-13 04:58:38,4,2,27.4,77.0,3.6,349.5,light,turn_on
2026-05-13 15:51:54,15,2,35.1,59.7,82.8,509.9,light,turn_off
2026-05-14 08:11:59,8,3,33.6,69.6,74.7,574.7,fan,turn_on
2026-05-13 20:05:49,20,2,32.1,62.9,30.9,469.1,light,turn_on
2026-05-13 07:49:05,7,2,33.2,68.7,74.2,523.3,light,turn_off
2026-05-14 08:05:03,8,3,33.7,68.8,73.6,757.4,fan,turn_on
2026-05-14 04:46:00,4,3,28.0,73.5,3.8,407.8,light,turn_on
2026-05-14 00:26:49,0,3,27.1,77.9,1.0,281.2,light,turn_off
2026-05-13 10:47:02,10,2,33.2,63.9,84.4,557.9,fan,turn_off
2026-05-13 20:54:21,20,2,31.7,64.3,30.9,454.6,fan,turn_on
2026-05-13 14:26:21,14,2,33.0,62.6,82.6,470.5,fan,turn_on
2026-05-14 06:56:58,6,3,27.0,73.9,4.9,364.7,light,turn_off
2026-05-13 14:46:06,14,2,33.2,61.9,80.2,537.4,light,turn_off
2026-05-13 18:39:48,18,2,29.8,65.2,27.3,467.0,light,turn_off
2026-05-13 08:47:06,8,2,34.3,69.1,79.6,1445.5,fan,turn_on
2026-05-13 21:58:59,21,2,28.1,72.3,2.7,278.0,light,turn_on
2026-05-13 01:47:49,1,2,28.7,77.9,3.7,294.7,fan,turn_off
2026-05-13 17:00:04,17,2,34.7,61.5,71.7,461.9,light,turn_off
2026-05-13 12:40:02,12,2,34.0,61.1,80.4,547.8,light,turn_off
2026-05-13 13:49:36,13,2,32.8,62.1,80.4,474.9,fan,turn_off
2026-05-13 11:09:43,11,2,33.8,61.3,88.1,579.7,fan,turn_on
2026-05-13 10:51:16,10,2,33.1,64.7,83.6,581.3,fan,turn_on
2026-05-13 21:23:52,21,2,28.9,72.8,5.0,313.0,fan,turn_on
2026-05-13 04:45:53,4,2,27.1,76.5,2.4,372.4,light,turn_on
2026-05-13 15:38:32,15,2,35.0,59.2,79.9,490.7,fan,turn_on
2026-05-13 13:00:57,13,2,33.1,60.0,77.2,513.3,fan,turn_on
2026-05-13 12:54:49,12,2,32.9,60.7,74.7,511.0,fan,turn_on
2026-05-13 05:25:55,5,2,28.3,73.6,4.9,389.5,light,turn_on
2026-05-13 03:59:37,3,2,26.8,75.2,3.7,278.2,light,turn_on
2026-05-14 05:54:59,5,3,28.1,73.4,5.2,380.9,light,turn_on
2026-05-13 06:44:32,6,2,27.5,73.8,3.6,352.9,fan,turn_off
2026-05-13 22:33:33,22,2,28.8,72.6,1.0,316.5,light,turn_on
2026-05-14 07:34:26,7,3,32.3,68.3,73.1,1021.8,fan,turn_on
2026-05-13 08:43:08,8,2,34.4,69.2,76.7,4089.0,light,turn_off
2026-05-14 08:33:48,8,3,33.5,66.9,76.0,1039.0,fan,turn_on
2026-05-13 00:52:34,0,2,27.7,83.5,2.4,295.8,light,turn_on
2026-05-13 20:20:31,20,2,31.1,62.6,26.2,417.0,light,turn_on
2026-05-13 04:03:41,4,2,26.9,75.2,5.0,329.2,fan,turn_off
2026-05-13 11:05:09,11,2,33.8,62.6,87.9,574.0,light,turn_off
2026-05-13 01:55:14,1,2,28.8,77.6,5.0,281.0,light,turn_on
2026-05-14 03:23:41,3,3,27.8,75.7,1.2,260.5,fan,turn_off
2026-05-13 21:52:58,21,2,28.2,72.8,1.4,286.9,fan,turn_off
2026-05-13 07:05:07,7,2,29.0,69.6,63.2,1653.0,fan,turn_on
2026-05-13 08:59:02,8,2,33.9,68.6,72.4,2774.5,fan,turn_on
2026-05-13 21:18:37,21,2,28.9,72.6,5.0,290.0,fan,turn_on
2026-05-13 00:30:24,0,2,27.4,81.2,3.0,294.5,light,turn_on
2026-05-13 17:22:12,17,2,31.8,62.9,30.2,414.3,light,turn_on
2026-05-14 06:03:08,6,3,27.9,72.4,2.7,358.1,light,turn_on
2026-05-13 22:42:39,22,2,28.7,72.6,3.8,302.6,light,turn_on
2026-05-13 01:29:56,1,2,28.7,78.9,1.1,284.9,fan,turn_off
2026-05-13 12:55:46,12,2,33.0,60.4,75.3,522.1,light,turn_off
2026-05-14 06:52:51,6,3,27.5,73.2,4.3,365.5,light,turn_on
2026-05-13 08:06:50,8,2,33.7,68.1,72.0,3467.9,light,turn_off
2026-05-14 05:14:14,5,3,28.4,72.4,4.7,389.2,light,turn_on
2026-05-14 04:39:26,4,3,28.3,73.4,4.9,354.6,light,turn_on
2026-05-14 02:58:54,2,3,28.7,73.6,2.8,313.5,fan,turn_on
2026-05-13 13:36:40,13,2,33.4,62.9,79.3,506.0,fan,turn_on
2026-05-13 10:34:21,10,2,33.9,61.3,85.3,505.8,fan,turn_on
2026-05-13 13:11:41,13,2,33.3,60.8,80.3,518.2,light,turn_off
2026-05-14 02:05:42,2,3,28.3,74.4,5.0,268.5,light,turn_on
2026-05-14 02:07:03,2,3,28.3,74.2,5.0,291.3,fan,turn_off
2026-05-13 03:28:07,3,2,27.1,73.6,5.0,273.6,light,turn_on
2026-05-14 05:07:05,5,3,28.4,72.2,5.1,381.6,light,turn_on
2026-05-14 05:30:56,5,3,28.0,71.7,7.7,360.1,light,turn_on
2026-05-13 20:02:38,20,2,31.8,63.6,27.8,458.4,light,turn_off
2026-05-13 16:26:24,16,2,35.1,60.1,80.5,513.4,fan,turn_on
2026-05-13 12:46:54,12,2,33.5,60.1,79.7,510.0,light,turn_off
2026-05-14 02:37:48,2,3,29.0,75.5,2.8,309.4,light,turn_on
2026-05-14 09:08:10,9,3,33.3,64.4,80.2,560.5,light,turn_off
2026-05-14 04:33:14,4,3,28.4,73.7,3.5,372.2,light,turn_on
2026-05-13 17:43:48,17,2,31.7,63.9,29.4,432.2,fan,turn_on
2026-05-13 19:18:36,19,2,30.0,64.5,27.2,421.3,light,turn_on
2026-05-13 18:08:54,18,2,30.6,62.0,28.0,433.2,light,turn_off
2026-05-13 09:23:12,9,2,33.5,64.2,90.4,585.7,fan,turn_on
2026-05-13 18:47:07,18,2,30.3,65.4,21.1,469.1,light,turn_on
2026-05-13 18:41:07,18,2,29.9,65.1,25.5,442.6,light,turn_on
2026-05-13 03:37:54,3,2,27.4,75.1,3.6,279.2,fan,turn_off
2026-05-14 09:02:27,9,3,33.7,64.7,81.6,603.3,light,turn_off
2026-05-13 09:14:42,9,2,34.3,63.8,88.1,581.5,fan,turn_on
2026-05-13 19:27:05,19,2,29.7,66.7,25.8,420.6,fan,turn_on
2026-05-13 14:54:56,14,2,33.2,60.3,76.0,481.1,light,turn_off
2026-05-13 09:36:02,9,2,33.2,63.0,88.4,570.4,fan,turn_off
2026-05-13 17:23:53,17,2,31.9,62.4,29.8,420.8,fan,turn_on
2026-05-13 17:48:49,17,2,31.7,64.5,27.3,418.9,light,turn_on
2026-05-13 06:49:24,6,2,27.6,74.8,3.2,397.4,fan,turn_off
2026-05-13 03:24:35,3,2,27.2,72.5,5.0,266.1,fan,turn_off
2026-05-13 17:06:40,17,2,33.4,64.0,30.9,431.2,light,turn_on
2026-05-14 06:35:05,6,3,27.8,73.4,8.2,327.4,fan,turn_off
2026-05-14 02:59:19,2,3,28.6,73.7,5.0,317.8,fan,turn_off
2026-05-13 18:31:07,18,2,29.7,65.6,27.3,436.1,fan,turn_on
2026-05-13 16:49:40,16,2,35.0,60.4,86.3,470.0,light,turn_off
2026-05-13 15:39:58,15,2,35.1,59.4,74.6,499.1,fan,turn_on
2026-05-14 03:19:08,3,3,27.9,76.3,3.8,274.3,light,turn_on
2026-05-13 04:39:27,4,2,27.0,75.9,3.7,385.7,fan,turn_off
2026-05-13 08:03:45,8,2,33.4,69.4,72.5,645.2,fan,turn_on
2026-05-14 07:23:55,7,3,32.3,66.5,74.0,901.2,fan,turn_on
2026-05-13 00:53:53,0,2,27.7,83.9,5.0,290.2,fan,turn_off
2026-05-13 00:03:39,0,2,27.4,78.5,4.8,301.9,fan,turn_on
2026-05-13 23:24:28,23,2,28.9,76.2,3.2,259.2,light,turn_on
2026-05-13 13:39:05,13,2,33.4,62.5,72.9,485.9,fan,turn_on
2026-05-13 07:38:40,7,2,32.5,69.2,77.0,1119.6,light,turn_off
2026-05-14 00:53:27,0,3,27.7,76.3,1.8,272.8,fan,turn_off
2026-05-14 03:15:27,3,3,27.9,76.3,1.7,282.1,light,turn_on
2026-05-13 21:10:08,21,2,30.0,70.7,1.1,316.4,light,turn_on
2026-05-13 06:19:06,6,2,27.8,70.8,4.3,356.5,fan,turn_off
2026-05-13 01:09:48,1,2,27.8,82.5,2.8,305.7,fan,turn_off
2026-05-13 12:12:46,12,2,34.0,61.3,80.3,474.2,fan,turn_on
2026-05-14 04:42:56,4,3,28.1,73.8,5.0,377.1,fan,turn_off
2026-05-14 07:37:18,7,3,32.5,67.9,77.6,3963.1,light,turn_off
2026-05-13 00:02:23,0,2,27.6,78.5,4.7,303.1,light,turn_on
2026-05-13 16:25:46,16,2,34.9,59.9,80.5,489.9,fan,turn_on
2026-05-13 15:20:33,15,2,33.9,56.8,71.8,508.7,fan,turn_on
2026-05-14 06:09:47,6,3,28.3,70.7,2.7,349.7,light,turn_on
2026-05-13 23:45:01,23,2,27.3,79.3,3.9,268.2,fan,turn_off
2026-05-14 08:01:17,8,3,33.5,68.3,75.9,1240.8,fan,turn_on
2026-05-14 07:46:26,7,3,32.9,66.2,75.0,1371.0,fan,turn_off
2026-05-13 18:36:20,18,2,30.3,65.4,26.5,472.2,fan,turn_on
2026-05-13 18:13:22,18,2,30.3,61.8,28.3,458.1,light,turn_on
2026-05-14 08:05:54,8,3,33.6,69.0,75.2,698.7,light,turn_off
2026-05-13 07:22:54,7,2,32.8,66.5,74.1,524.9,light,turn_off
2026-05-13 04:37:14,4,2,27.1,75.8,1.0,361.6,fan,turn_off
2026-05-13 15:45:10,15,2,34.9,58.9,77.5,540.4,fan,turn_on
2026-05-13 06:17:44,6,2,27.9,70.3,1.9,370.1,fan,turn_off
2026-05-13 12:20:43,12,2,33.8,62.6,78.6,437.7,fan,turn_on
2026-05-13 22:18:55,22,2,29.1,72.0,3.2,269.8,fan,turn_off
2026-05-13 15:51:24,15,2,35.3,59.2,82.7,487.6,light,turn_off
2026-05-14 04:51:00,4,3,27.7,72.5,4.8,358.6,light,turn_on
2026-05-13 05:01:57,5,2,27.6,75.4,2.6,349.2,fan,turn_off
2026-05-13 11:02:30,11,2,33.6,63.4,84.2,559.6,light,turn_off
2026-05-14 02:24:37,2,3,28.1,75.0,4.4,256.9,light,turn_on
2026-05-13 11:49:52,11,2,33.3,64.0,87.7,530.7,light,turn_off
2026-05-14 00:13:52,0,3,27.4,78.0,5.0,313.3,fan,turn_on
2026-05-13 02:06:43,2,2,28.9,77.8,3.5,282.2,fan,turn_off
2026-05-12 03:52:10,3,1,33.5,56.3,62.0,436.0,fan,turn_on
2026-05-13 20:20:10,20,2,31.3,62.6,25.1,412.7,light,turn_on
2026-05-13 14:18:06,14,2,33.3,61.5,82.9,505.9,fan,turn_on
2026-05-13 05:44:05,5,2,28.0,74.6,5.6,344.5,fan,turn_off
2026-05-13 16:47:10,16,2,35.1,60.0,81.4,488.7,light,turn_off
2026-05-13 23:34:59,23,2,28.6,76.4,2.7,302.4,fan,turn_on
2026-05-13 03:09:19,3,2,27.0,72.6,4.2,250.1,light,turn_on
2026-05-14 07:44:32,7,3,32.7,66.3,74.4,2221.5,light,turn_off
2026-05-13 10:30:30,10,2,33.6,61.6,84.1,536.4,fan,turn_on
2026-05-13 14:30:44,14,2,33.1,62.7,77.2,437.3,fan,turn_on
2026-05-13 06:32:44,6,2,27.8,71.3,2.8,345.6,fan,turn_off
2026-05-13 23:38:48,23,2,28.2,76.3,1.0,295.3,fan,turn_off
2026-05-13 03:39:46,3,2,27.3,75.5,4.8,281.5,light,turn_on
2026-05-07 07:56:05,7,3,33.7,58.2,82.0,3392.0,fan,turn_off
2026-05-13 12:11:53,12,2,33.8,61.9,81.2,482.0,fan,turn_on
2026-05-13 07:18:48,7,2,31.9,67.0,73.1,650.0,light,turn_off
2026-05-13 23:46:24,23,2,27.1,79.5,3.2,279.0,fan,turn_off
2026-05-14 02:52:01,2,3,28.8,74.2,1.8,249.5,fan,turn_on
2026-05-13 23:32:48,23,2,28.9,76.1,3.3,299.8,fan,turn_off
2026-05-14 00:43:50,0,3,27.0,78.1,4.4,300.9,light,turn_on
2026-05-13 06:36:47,6,2,27.8,72.6,5.8,390.1,fan,turn_off
2026-05-14 07:31:26,7,3,32.4,68.0,74.1,1803.5,light,turn_off
2026-05-07 08:06:50,8,3,33.7,58.7,84.0,3493.0,light,turn_off
2026-05-13 23:20:10,23,2,28.8,75.9,2.2,299.9,light,turn_on
2026-05-13 02:22:06,2,2,28.8,77.4,3.5,258.4,fan,turn_off
2026-05-14 02:18:40,2,3,28.0,75.0,1.0,240.8,light,turn_on
2026-05-13 02:10:49,2,2,28.9,78.1,1.9,281.6,fan,turn_off
2026-05-13 19:12:47,19,2,30.2,64.5,24.6,473.2,fan,turn_off
2026-05-13 02:46:20,2,2,27.6,75.1,4.2,267.1,light,turn_on
2026-05-13 07:17:00,7,2,31.6,67.4,76.7,700.3,light,turn_off
2026-05-13 16:30:07,16,2,35.0,60.1,83.6,504.1,light,turn_off
2026-05-14 01:17:21,1,3,27.8,76.5,3.9,305.0,light,turn_on
2026-05-13 16:01:55,16,2,35.1,58.3,82.8,481.7,fan,turn_on
2026-05-13 11:28:31,11,2,33.2,61.9,89.7,536.2,fan,turn_on
2026-05-14 03:22:42,3,3,27.8,76.0,2.1,252.6,fan,turn_off
2026-05-13 06:58:04,6,2,27.8,73.7,8.0,390.0,fan,turn_off
2026-05-13 17:42:57,17,2,32.0,63.8,35.9,444.3,fan,turn_on
2026-05-14 08:45:14,8,3,34.0,67.3,72.5,531.8,fan,turn_on
2026-05-13 06:52:59,6,2,27.5,74.1,1.6,357.3,fan,turn_off
2026-05-13 08:49:04,8,2,34.2,69.2,77.8,883.3,fan,turn_on
2026-05-13 08:57:37,8,2,34.1,68.5,71.1,532.2,light,turn_off
2026-05-13 13:25:05,13,2,33.8,61.1,81.5,569.2,fan,turn_on
2026-05-13 00:49:07,0,2,27.6,82.9,4.1,274.6,light,turn_on
2026-05-13 17:28:11,17,2,32.0,62.3,31.6,403.1,fan,turn_on
2026-05-13 05:48:36,5,2,28.2,72.7,6.1,361.5,fan,turn_off
2026-05-14 02:56:57,2,3,28.7,74.0,1.3,300.2,light,turn_on
2026-05-13 22:45:12,22,2,28.2,73.3,4.7,311.8,fan,turn_off
2026-05-14 02:17:15,2,3,28.2,74.3,2.4,243.4,light,turn_on
2026-05-13 12:57:18,12,2,33.0,60.5,73.6,513.9,light,turn_off
2026-05-13 04:52:26,4,2,27.5,75.6,4.7,366.0,fan,turn_off
2026-05-13 05:16:39,5,2,27.6,75.0,5.2,392.8,light,turn_on
2026-05-13 11:23:33,11,2,32.9,62.1,87.5,483.2,light,turn_off
2026-05-13 19:49:15,19,2,30.7,63.8,38.6,445.7,light,turn_on
2026-05-13 09:38:22,9,2,33.0,63.6,89.6,598.4,light,turn_off
2026-05-14 02:09:37,2,3,28.3,73.9,5.0,315.0,light,turn_on
2026-05-13 03:56:39,3,2,26.7,75.5,3.4,273.2,fan,turn_off
2026-05-13 14:45:33,14,2,33.1,61.7,79.0,545.5,light,turn_off
2026-05-14 09:18:26,9,3,33.5,62.7,83.8,502.9,light,turn_off
2026-05-13 11:55:36,11,2,33.3,64.8,81.8,500.1,fan,turn_on
2026-05-13 17:18:54,17,2,31.7,62.3,30.5,429.2,fan,turn_on
2026-05-14 06:05:07,6,3,27.8,72.1,3.7,345.0,light,turn_on
2026-05-13 01:44:46,1,2,28.2,78.3,4.4,304.4,fan,turn_on
2026-05-13 12:45:33,12,2,33.7,59.7,74.1,538.8,fan,turn_on
2026-05-13 17:08:20,17,2,32.8,65.1,27.2,438.2,fan,turn_on
2026-05-13 19:50:12,19,2,30.6,64.1,37.2,417.3,fan,turn_off
2026-05-13 16:20:41,16,2,35.1,59.2,76.6,508.1,fan,turn_on
2026-05-14 04:38:09,4,3,28.2,73.3,2.3,366.3,fan,turn_off
2026-05-13 17:49:29,17,2,31.9,64.3,28.6,403.0,light,turn_on
2026-05-14 02:46:54,2,3,29.0,74.9,1.9,287.2,light,turn_on
2026-05-13 17:18:54,17,2,31.7,62.3,30.5,429.2,light,turn_on
2026-05-13 08:43:42,8,2,34.3,69.1,76.0,3385.0,light,turn_off
2026-05-14 07:27:22,7,3,32.2,67.2,77.4,3208.3,fan,turn_on
2026-05-13 15:42:16,15,2,34.9,58.6,78.5,506.7,light,turn_off
2026-05-13 17:42:16,17,2,31.9,64.0,33.7,443.7,fan,turn_off
2026-05-13 15:57:12,15,2,35.4,59.6,84.6,568.1,light,turn_off
2026-05-13 12:41:40,12,2,34.1,60.5,80.3,498.3,fan,turn_on
2026-05-14 05:26:40,5,3,28.0,71.1,1.4,370.3,fan,turn_off
2026-05-13 00:08:27,0,2,27.4,79.0,1.0,307.8,light,turn_on
2026-05-13 08:55:23,8,2,34.2,69.1,73.4,566.1,fan,turn_on
2026-05-13 19:06:39,19,2,30.1,64.6,28.3,430.3,fan,turn_off
2026-05-14 02:50:18,2,3,29.0,74.3,2.5,272.4,light,turn_on
2026-05-14 07:59:45,7,3,33.7,68.4,71.8,1660.4,light,turn_off
2026-05-14 05:59:38,5,3,28.0,73.3,4.8,364.0,light,turn_on
2026-05-13 21:36:26,21,2,28.6,72.9,1.5,295.7,fan,turn_on
2026-05-14 03:58:33,3,3,27.2,74.6,3.3,239.8,fan,turn_off
2026-05-14 05:06:37,5,3,28.3,72.6,4.0,381.0,light,turn_on
2026-05-13 19:04:17,19,2,30.3,65.2,23.9,406.5,fan,turn_on
2026-05-13 02:58:44,2,2,27.7,75.1,1.7,305.8,light,turn_on
2026-05-13 16:32:29,16,2,35.2,60.8,76.1,540.3,light,turn_off
2026-05-13 12:30:02,12,2,33.3,62.3,78.3,500.2,fan,turn_on
2026-05-13 07:38:40,7,2,32.5,69.2,77.0,1119.6,fan,turn_on
2026-05-13 16:00:00,16,2,35.3,58.5,86.7,476.3,fan,turn_on
2026-05-13 23:16:11,23,2,28.9,76.3,5.0,299.7,light,turn_on
2026-05-13 00:53:53,0,2,27.7,83.9,5.0,290.2,light,turn_on
2026-05-14 00:40:12,0,3,26.9,78.8,1.4,329.8,fan,turn_off
2026-05-13 05:12:29,5,2,27.5,75.2,3.0,394.4,fan,turn_off
2026-05-13 23:47:39,23,2,27.3,79.3,4.9,300.4,light,turn_on
2026-05-13 11:17:52,11,2,32.9,61.8,86.7,584.1,light,turn_off
2026-05-13 04:05:53,4,2,27.2,75.4,2.5,331.6,fan,turn_off
2026-05-12 03:43:30,3,1,33.3,55.5,68.0,431.0,fan,turn_on
2026-05-13 23:14:42,23,2,28.8,76.2,5.0,303.6,fan,turn_off
2026-05-13 20:59:55,20,2,31.8,64.0,30.6,399.2,light,turn_on
2026-05-14 03:51:18,3,3,27.2,75.8,2.6,273.5,fan,turn_off
2026-05-07 08:27:10,8,3,33.8,60.1,83.0,429.0,fan,turn_off
2026-05-13 19:20:24,19,2,30.0,64.9,22.9,442.0,light,turn_on
2026-05-13 02:32:53,2,2,28.8,74.5,2.9,248.3,light,turn_on
2026-05-13 08:05:33,8,2,33.7,68.9,71.7,585.6,light,turn_off
2026-05-13 01:04:30,1,2,27.4,83.7,3.5,302.6,fan,turn_on
2026-05-14 03:14:31,3,3,28.0,76.3,3.1,295.6,fan,turn_off
2026-05-13 06:55:40,6,2,27.6,75.0,4.1,361.9,fan,turn_off
2026-05-13 09:28:57,9,2,33.7,63.9,81.4,569.2,fan,turn_on
2026-05-13 05:00:56,5,2,27.6,75.8,3.1,329.4,fan,turn_off
2026-05-12 03:06:40,3,1,33.0,58.9,65.0,503.0,light,turn_on
2026-05-14 06:02:05,6,3,28.1,72.8,3.4,361.8,light,turn_on
2026-05-13 17:14:30,17,2,31.9,63.1,25.7,421.1,fan,turn_on
2026-05-13 06:27:28,6,2,27.7,70.7,2.5,326.2,light,turn_on
2026-05-13 06:04:47,6,2,28.2,71.8,6.0,385.2,light,turn_on
2026-05-13 05:47:51,5,2,28.1,73.1,6.6,352.9,fan,turn_off
2026-05-14 05:28:16,5,3,27.8,70.6,5.3,378.6,light,turn_on
2026-05-13 15:16:47,15,2,33.4,57.1,80.1,497.7,fan,turn_on
2026-05-13 05:23:54,5,2,28.3,73.7,7.5,376.3,fan,turn_on
2026-05-13 00:14:46,0,2,27.2,80.0,1.5,310.7,light,turn_on
2026-05-13 12:45:33,12,2,33.7,59.7,74.1,538.8,light,turn_off
2026-05-13 20:28:17,20,2,31.1,63.9,19.6,448.5,fan,turn_on
2026-05-13 05:00:56,5,2,27.6,75.8,3.1,329.4,light,turn_on
2026-05-12 03:09:10,3,1,33.2,58.0,66.0,464.0,light,turn_on
2026-05-14 03:38:54,3,3,27.6,75.2,3.7,281.9,fan,turn_off
2026-05-14 00:33:25,0,3,26.5,77.6,2.7,284.5,fan,turn_off
2026-05-13 15:44:24,15,2,34.8,58.8,78.4,504.1,light,turn_off
2026-05-14 01:52:38,1,3,28.8,74.0,1.6,263.8,light,turn_off
2026-05-14 03:59:31,3,3,27.4,74.1,2.3,234.0,fan,turn_off
2026-05-14 07:48:10,7,3,33.1,65.7,73.9,946.3,light,turn_off
2026-05-13 20:07:14,20,2,31.8,63.3,33.8,488.1,light,turn_on
2026-05-14 04:00:04,4,3,27.2,74.7,1.1,264.0,fan,turn_off
2026-05-14 03:04:08,3,3,28.7,74.8,4.5,309.9,fan,turn_off
2026-05-13 14:33:48,14,2,33.2,61.7,75.8,495.2,light,turn_off
2026-05-13 00:25:30,0,2,27.8,82.0,3.3,262.2,light,turn_on
2026-05-14 03:22:12,3,3,27.8,76.2,1.8,264.1,fan,turn_off
2026-05-14 01:03:41,1,3,27.5,76.7,1.1,318.9,fan,turn_off
2026-05-14 04:01:49,4,3,27.2,75.1,3.8,320.9,fan,turn_off
2026-05-13 09:29:59,9,2,33.5,64.2,87.2,596.5,fan,turn_on
2026-05-13 08:50:03,8,2,34.3,68.8,77.9,817.1,light,turn_off
2026-05-14 09:07:04,9,3,33.6,64.3,83.6,578.2,light,turn_off
2026-05-13 21:20:04,21,2,28.9,72.9,2.4,308.2,light,turn_on
2026-05-13 23:42:08,23,2,27.7,78.5,5.0,281.0,light,turn_on
2026-05-13 14:31:46,14,2,33.2,62.3,73.1,441.9,light,turn_off
2026-05-14 03:19:08,3,3,27.9,76.3,3.8,274.3,fan,turn_off
2026-05-13 22:38:19,22,2,29.0,72.3,4.5,293.4,fan,turn_on
2026-05-13 17:47:13,17,2,31.7,64.5,24.8,437.2,light,turn_on
2026-05-14 05:14:14,5,3,28.4,72.4,4.7,389.2,fan,turn_on
2026-05-14 04:10:38,4,3,27.7,73.3,1.6,349.8,light,turn_on
2026-05-13 09:04:59,9,2,34.0,63.9,80.4,1151.5,fan,turn_on
2026-05-13 14:05:22,14,2,33.1,62.3,81.7,480.3,fan,turn_off
2026-05-13 11:36:00,11,2,33.2,61.5,87.4,549.7,fan,turn_on
2026-05-13 23:15:26,23,2,28.7,76.0,4.5,283.5,light,turn_on
2026-05-13 03:58:57,3,2,26.6,75.4,2.7,276.4,light,turn_on
2026-05-14 03:51:18,3,3,27.2,75.8,2.6,273.5,light,turn_on
2026-05-13 06:08:23,6,2,27.9,72.0,3.6,372.6,light,turn_on
2026-05-13 03:36:38,3,2,27.5,74.3,3.9,281.6,fan,turn_off
2026-05-13 22:43:52,22,2,28.4,73.0,3.5,303.6,light,turn_on
2026-05-13 19:40:25,19,2,30.3,65.4,33.5,434.7,light,turn_on
2026-05-13 17:56:40,17,2,31.8,63.6,31.2,434.0,light,turn_on
2026-05-13 06:22:50,6,2,27.5,71.9,1.9,338.6,light,turn_on
2026-05-14 07:18:23,7,3,31.4,67.9,71.8,3200.6,light,turn_off
2026-05-13 13:28:41,13,2,34.0,61.4,81.6,483.4,light,turn_off
2026-05-13 10:06:20,10,2,33.0,64.4,82.9,519.5,fan,turn_on
2026-05-13 21:39:29,21,2,28.4,72.3,3.1,306.5,light,turn_on
2026-05-13 19:03:03,19,2,30.2,65.1,20.6,433.9,fan,turn_on
2026-05-13 23:08:21,23,2,28.5,75.2,3.1,288.6,fan,turn_on
2026-05-13 09:48:35,9,2,33.3,64.3,88.7,539.0,fan,turn_on
2026-05-14 03:40:25,3,3,27.6,75.2,3.6,269.7,fan,turn_off
2026-05-13 14:47:05,14,2,33.2,61.5,78.9,512.2,fan,turn_on
2026-05-14 06:20:18,6,3,28.5,70.3,2.8,363.8,fan,turn_off
2026-05-13 16:16:58,16,2,35.1,58.6,79.6,489.8,fan,turn_on
2026-05-13 16:13:31,16,2,35.0,58.8,78.3,488.8,fan,turn_on
2026-05-14 03:52:27,3,3,27.2,76.4,1.4,267.2,light,turn_on
2026-05-13 06:20:49,6,2,27.6,70.8,5.2,353.1,fan,turn_off
2026-05-14 03:34:05,3,3,27.7,75.6,3.7,248.3,fan,turn_off
2026-05-13 21:24:42,21,2,28.6,72.5,3.1,288.0,light,turn_on
2026-05-14 07:01:25,7,3,27.5,72.7,41.1,425.0,light,turn_off
2026-05-14 01:00:13,1,3,27.3,77.2,3.5,309.9,light,turn_on
2026-05-14 00:32:59,0,3,26.4,77.5,1.2,271.2,light,turn_on
2026-05-13 12:21:39,12,2,33.8,62.6,74.3,442.1,light,turn_off
2026-05-13 14:31:46,14,2,33.2,62.3,73.1,441.9,fan,turn_on
2026-05-13 21:32:30,21,2,29.0,73.0,5.0,298.3,fan,turn_on
2026-05-14 06:34:36,6,3,27.9,73.4,7.4,327.6,fan,turn_off
2026-05-13 03:23:56,3,2,27.0,72.4,4.8,279.2,light,turn_on
2026-05-13 12:15:07,12,2,34.2,61.9,77.1,458.4,light,turn_off
2026-05-13 14:38:03,14,2,33.6,60.9,75.4,527.7,light,turn_off
2026-05-14 07:49:58,7,3,33.2,66.2,73.7,702.8,light,turn_off
2026-05-13 22:32:05,22,2,28.6,72.7,3.2,302.7,fan,turn_on
2026-05-13 17:58:37,17,2,31.7,63.3,28.1,440.8,fan,turn_off
2026-05-14 01:11:15,1,3,27.4,76.3,4.0,302.0,fan,turn_off
2026-05-13 22:25:25,22,2,28.6,72.3,1.3,288.7,light,turn_on
2026-05-13 11:29:00,11,2,33.1,62.3,87.9,535.2,fan,turn_off
2026-05-13 12:12:25,12,2,33.8,61.8,79.8,485.9,light,turn_off
2026-05-14 05:45:19,5,3,28.1,72.5,3.6,362.6,fan,turn_off
2026-05-13 17:26:33,17,2,32.1,61.6,25.0,438.6,fan,turn_on
2026-05-13 02:15:43,2,2,28.9,77.5,2.9,255.2,fan,turn_on
2026-05-13 04:42:06,4,2,27.3,75.5,3.8,382.0,light,turn_on
2026-05-13 16:26:24,16,2,35.1,60.1,80.5,513.4,light,turn_on
2026-05-14 06:23:22,6,3,28.5,70.9,2.9,341.8,light,turn_on
2026-05-12 03:40:05,3,1,33.3,55.9,60.0,433.0,light,turn_on
2026-05-14 05:55:34,5,3,27.9,74.0,6.4,355.3,light,turn_on
2026-05-13 12:37:45,12,2,34.0,61.0,85.0,530.9,light,turn_off
2026-05-13 19:50:40,19,2,30.6,63.9,37.0,449.2,fan,turn_off
2026-05-13 02:42:47,2,2,27.8,74.9,1.8,285.5,light,turn_on
2026-05-14 06:44:17,6,3,27.5,72.7,3.8,372.9,light,turn_on
2026-05-13 00:37:13,0,2,27.2,81.4,3.5,284.6,light,turn_on
2026-05-14 01:21:16,1,3,27.9,75.4,3.0,273.8,fan,turn_off
2026-05-13 10:07:20,10,2,33.2,64.5,81.6,542.3,fan,turn_on
2026-05-14 04:45:31,4,3,27.9,73.5,4.8,401.1,fan,turn_off
2026-05-14 04:16:26,4,3,28.0,72.3,2.4,377.8,fan,turn_on
2026-05-13 01:23:48,1,2,28.5,79.8,5.0,264.4,fan,turn_on
2026-05-13 06:17:44,6,2,27.9,70.3,1.9,370.1,light,turn_off
2026-05-13 10:00:28,10,2,33.3,64.1,90.4,568.4,fan,turn_on
2026-05-13 10:04:24,10,2,33.2,64.9,84.3,576.7,light,turn_off
2026-05-13 14:27:27,14,2,33.0,62.9,84.2,444.6,fan,turn_on
2026-05-13 10:37:06,10,2,33.5,61.5,84.8,524.6,light,turn_off
2026-05-13 09:39:57,9,2,33.1,62.9,91.2,578.3,fan,turn_on
2026-05-14 06:11:23,6,3,28.2,70.7,4.2,358.2,fan,turn_on
2026-05-13 19:41:14,19,2,30.4,65.0,28.4,447.2,fan,turn_on
2026-05-13 02:52:57,2,2,27.3,75.1,2.3,305.4,fan,turn_off
2026-05-13 16:31:24,16,2,35.1,60.8,79.9,490.8,light,turn_off
2026-05-13 20:32:41,20,2,31.1,64.0,25.4,470.5,fan,turn_on
2026-05-14 00:50:28,0,3,27.6,77.1,3.6,293.8,fan,turn_off
2026-05-13 23:13:23,23,2,28.7,76.1,4.1,303.1,light,turn_on
2026-05-13 15:02:23,15,2,33.2,58.7,81.3,512.0,fan,turn_on
2026-05-13 01:16:21,1,2,28.1,81.5,5.0,253.0,light,turn_on
2026-05-13 04:44:10,4,2,27.2,76.7,5.0,372.8,light,turn_on
2026-05-13 23:40:27,23,2,28.0,77.4,5.0,298.6,light,turn_on
2026-05-14 00:56:46,0,3,27.6,78.0,2.8,272.5,light,turn_on
2026-05-13 12:32:53,12,2,33.6,60.5,80.3,495.2,light,turn_off
2026-05-13 21:08:19,21,2,30.3,69.5,1.0,302.3,fan,turn_off
2026-05-12 03:42:25,3,1,33.4,55.70000000000001,68.0,432.0,fan,turn_on
2026-05-13 08:50:57,8,2,34.1,69.0,77.1,743.6,fan,turn_on
2026-05-13 01:30:50,1,2,28.7,79.2,3.0,301.3,light,turn_on
2026-05-13 02:17:44,2,2,28.8,77.2,1.4,275.7,light,turn_on
2026-05-13 02:45:05,2,2,27.6,74.6,3.3,273.3,fan,turn_off
2026-05-14 04:40:00,4,3,28.2,73.2,3.1,358.3,fan,turn_off
2026-05-13 02:27:06,2,2,28.8,76.2,4.7,262.2,light,turn_on
2026-05-13 16:06:21,16,2,34.9,57.7,83.6,501.1,fan,turn_on
2026-05-14 04:06:46,4,3,27.7,73.0,1.8,356.5,fan,turn_off
2026-05-14 06:07:15,6,3,28.1,71.1,2.3,360.9,light,turn_on
2026-05-07 08:00:10,8,3,34.4,56.9,84.0,3388.0,light,turn_off
2026-05-14 09:07:26,9,3,33.5,64.4,82.8,545.1,fan,turn_on
2026-05-13 08:17:38,8,2,33.9,69.4,72.0,1490.4,fan,turn_on
2026-05-13 11:18:19,11,2,32.9,61.8,83.8,545.3,fan,turn_on
2026-05-14 03:50:04,3,3,27.1,76.0,3.2,292.4,light,turn_on
2026-05-14 02:35:38,2,3,28.7,75.1,3.5,290.6,fan,turn_on
2026-05-13 14:59:54,14,2,33.2,58.4,82.6,527.2,fan,turn_on
2026-05-13 16:39:58,16,2,35.2,60.7,81.2,514.6,light,turn_off
2026-05-13 10:21:51,10,2,33.3,62.4,82.6,581.1,light,turn_off
2026-05-12 03:09:10,3,1,33.2,58.0,66.0,464.0,fan,turn_on
2026-05-13 19:32:19,19,2,29.5,66.9,29.1,424.6,fan,turn_off
2026-05-13 03:04:07,3,2,27.2,73.4,3.3,284.5,light,turn_on
2026-05-13 06:26:30,6,2,27.8,70.4,3.1,328.4,light,turn_on
2026-05-13 12:00:00,12,2,33.7,64.3,84.3,515.3,light,turn_off
2026-05-13 00:01:46,0,2,27.8,77.9,3.8,293.6,light,turn_on
2026-05-13 22:45:12,22,2,28.2,73.3,4.7,311.8,light,turn_on
2026-05-13 03:05:20,3,2,27.0,73.3,5.0,265.3,fan,turn_off
2026-05-13 08:06:00,8,2,33.7,68.5,69.7,556.5,fan,turn_off
2026-05-14 05:46:10,5,3,27.8,73.0,3.5,378.3,fan,turn_off
2026-05-13 13:32:30,13,2,33.5,63.0,77.5,516.1,light,turn_off
2026-05-14 03:12:31,3,3,28.1,75.6,2.3,334.9,light,turn_on
2026-05-14 07:53:43,7,3,33.5,67.5,74.5,3811.3,fan,turn_on
2026-05-14 04:34:53,4,3,28.6,73.2,5.0,369.2,light,turn_on
2026-05-13 00:58:44,0,2,27.7,82.8,3.0,321.7,fan,turn_off
2026-05-14 05:25:10,5,3,28.1,71.6,2.8,365.4,light,turn_on
2026-05-14 05:33:57,5,3,28.4,71.5,4.0,373.0,light,turn_on
2026-05-13 07:15:14,7,2,31.2,67.9,76.0,916.5,light,turn_off
2026-05-13 19:09:18,19,2,30.2,64.2,26.7,458.2,light,turn_on
2026-05-14 06:15:02,6,3,28.1,70.8,5.3,380.3,light,turn_on
2026-05-13 10:39:36,10,2,33.5,62.2,88.2,541.1,light,turn_off
2026-05-13 04:09:04,4,2,27.0,75.6,5.0,383.1,light,turn_on
2026-05-13 18:06:42,18,2,30.9,62.9,35.1,443.8,fan,turn_on
2026-05-13 06:38:51,6,2,27.7,73.3,5.5,351.5,fan,turn_off
2026-05-14 05:42:27,5,3,28.4,71.9,4.7,337.2,fan,turn_on
2026-05-13 22:51:56,22,2,28.2,74.5,2.7,301.5,fan,turn_on
2026-05-13 18:28:57,18,2,29.3,65.7,30.8,436.8,light,turn_on
2026-05-13 06:47:17,6,2,27.6,73.9,2.4,365.0,light,turn_on
2026-05-14 07:23:33,7,3,32.2,66.1,71.7,1034.2,light,turn_off
2026-05-13 12:46:01,12,2,33.6,59.8,77.4,545.5,light,turn_off
2026-05-14 08:22:52,8,3,34.1,68.6,77.1,501.7,fan,turn_on
2026-05-13 05:33:17,5,2,28.4,73.7,4.0,384.8,light,turn_on
2026-05-13 04:55:03,4,2,27.5,75.9,2.1,354.9,light,turn_on
2026-05-07 08:07:20,8,3,33.7,58.4,84.0,4095.0,fan,turn_on
2026-05-13 10:43:04,10,2,33.5,62.1,89.8,539.6,fan,turn_on
2026-05-13 19:18:05,19,2,30.0,64.6,30.5,406.6,fan,turn_off
2026-05-13 02:04:45,2,2,29.0,78.9,2.5,295.9,fan,turn_off
2026-05-13 09:40:21,9,2,33.1,62.9,91.7,587.3,light,turn_on
2026-05-13 05:47:51,5,2,28.1,73.1,6.6,352.9,light,turn_on
2026-05-13 10:20:53,10,2,33.5,61.9,84.7,606.7,light,turn_off
2026-05-14 03:12:31,3,3,28.1,75.6,2.3,334.9,fan,turn_off
2026-05-13 10:37:56,10,2,33.4,61.7,84.6,523.5,fan,turn_on
2026-05-13 16:04:16,16,2,34.9,58.1,80.1,479.3,light,turn_off
2026-05-13 09:07:05,9,2,34.1,64.0,81.7,888.6,fan,turn_on
2026-05-13 07:33:01,7,2,32.5,69.2,78.6,3188.3,fan,turn_on
2026-05-13 16:54:56,16,2,34.7,60.2,85.7,522.4,light,turn_off
2026-05-13 07:40:56,7,2,32.7,69.0,74.7,841.1,light,turn_off
2026-05-13 18:18:53,18,2,30.3,62.7,27.8,450.8,fan,turn_off
2026-05-13 03:01:11,3,2,27.6,74.2,5.0,294.7,fan,turn_on
2026-05-13 03:47:40,3,2,26.9,75.5,4.0,271.9,fan,turn_off
2026-05-14 00:00:46,0,3,27.6,77.3,2.6,271.2,fan,turn_on
2026-05-14 07:03:44,7,3,27.8,70.8,59.2,449.8,fan,turn_off
2026-05-13 03:01:32,3,2,27.6,74.2,2.9,287.7,fan,turn_off
2026-05-13 21:55:42,21,2,28.0,72.9,1.0,297.8,light,turn_on
2026-05-13 05:11:49,5,2,27.5,75.3,2.7,393.1,light,turn_on
2026-05-13 03:33:26,3,2,27.6,73.5,3.6,284.0,light,turn_on
2026-05-14 02:02:50,2,3,28.6,74.8,4.3,262.3,fan,turn_on
2026-05-13 10:33:50,10,2,33.7,61.7,82.2,507.9,light,turn_off
2026-05-13 07:48:06,7,2,33.0,68.9,79.3,545.3,fan,turn_on
2026-05-13 14:24:34,14,2,33.3,63.1,77.0,514.0,light,turn_off
2026-05-13 22:59:05,22,2,27.9,74.1,1.7,331.5,light,turn_on
2026-05-13 11:17:52,11,2,32.9,61.8,86.7,584.1,fan,turn_on
2026-05-13 09:33:04,9,2,33.5,63.4,87.9,599.5,light,turn_on
2026-05-13 19:12:09,19,2,30.4,64.7,29.3,463.3,light,turn_on
2026-05-14 06:19:22,6,3,28.3,70.0,3.5,359.5,light,turn_off
2026-05-13 07:22:14,7,2,32.7,66.6,74.4,557.9,fan,turn_on
2026-05-13 12:35:59,12,2,33.6,61.0,81.7,504.4,light,turn_off
2026-05-13 04:27:20,4,2,27.4,76.1,3.3,385.4,fan,turn_off
2026-05-14 08:54:14,8,3,33.9,66.6,77.2,1295.7,light,turn_off
2026-05-13 00:21:45,0,2,27.7,80.6,2.8,261.0,light,turn_on
2026-05-13 02:38:42,2,2,28.3,75.2,5.0,273.2,light,turn_on
2026-05-13 07:51:37,7,2,33.2,68.9,70.1,3838.7,fan,turn_on
2026-05-13 16:51:44,16,2,34.5,60.4,82.5,481.6,fan,turn_on
2026-05-13 12:27:33,12,2,33.8,63.2,75.0,491.2,fan,turn_on
2026-05-13 13:52:04,13,2,33.3,62.0,83.8,504.5,fan,turn_off
2026-05-13 15:08:49,15,2,33.1,58.0,83.2,479.4,light,turn_off
2026-05-13 10:20:13,10,2,33.3,62.4,83.2,561.4,light,turn_off
2026-05-13 11:10:13,11,2,33.7,60.9,86.3,601.6,fan,turn_on
2026-05-14 05:05:18,5,3,28.3,72.4,4.9,367.2,fan,turn_on
2026-05-13 11:00:06,11,2,33.2,63.5,85.9,574.9,fan,turn_on
2026-05-13 10:30:30,10,2,33.6,61.6,84.1,536.4,light,turn_off
2026-05-13 04:50:43,4,2,27.5,75.4,3.4,365.8,light,turn_on
2026-05-13 19:29:51,19,2,29.4,67.3,21.8,439.2,light,turn_on
2026-05-13 23:24:56,23,2,28.7,76.6,4.8,261.1,light,turn_on
2026-05-14 08:27:32,8,3,33.2,68.2,76.2,3456.0,fan,turn_off
2026-05-13 23:27:09,23,2,28.8,76.6,3.4,256.6,light,turn_on
2026-05-13 15:50:38,15,2,35.1,58.9,82.4,510.2,fan,turn_on
2026-05-12 03:33:30,3,1,33.4,57.2,63.0,449.0,fan,turn_on
2026-05-13 14:50:35,14,2,33.0,60.8,76.2,513.0,light,turn_off
2026-05-13 18:57:38,18,2,30.7,65.3,29.4,457.0,light,turn_on
2026-05-14 08:11:15,8,3,33.7,69.7,77.5,577.6,fan,turn_on
2026-05-14 09:12:39,9,3,33.3,63.0,81.9,564.2,light,turn_off
2026-05-13 09:51:51,9,2,33.5,64.2,86.4,527.8,fan,turn_off
2026-05-14 08:47:42,8,3,33.8,67.3,75.1,3920.4,fan,turn_on
2026-05-13 11:42:15,11,2,33.5,62.8,85.8,551.2,fan,turn_off
2026-05-13 21:43:37,21,2,28.0,72.5,3.0,289.0,light,turn_on
2026-05-13 12:10:56,12,2,33.8,61.3,79.5,479.5,fan,turn_off
2026-05-14 06:20:52,6,3,28.5,69.8,3.2,354.8,light,turn_on
2026-05-13 00:58:44,0,2,27.7,82.8,3.0,321.7,light,turn_off
2026-05-14 04:04:16,4,3,27.3,74.6,1.7,350.2,light,turn_on
2026-05-13 05:32:13,5,2,28.2,73.6,6.7,356.7,fan,turn_off
2026-05-13 00:02:48,0,2,27.5,78.4,3.2,317.4,fan,turn_off
2026-05-13 23:14:42,23,2,28.8,76.2,5.0,303.6,light,turn_on
2026-05-13 12:58:39,12,2,33.1,60.6,79.0,521.3,fan,turn_on
2026-05-14 02:00:08,2,3,28.8,75.3,3.5,296.0,fan,turn_off
2026-05-13 02:56:49,2,2,27.8,75.2,4.0,297.4,light,turn_on
2026-05-13 17:01:30,17,2,34.4,61.8,49.1,464.3,fan,turn_on
2026-05-14 02:20:27,2,3,28.1,74.8,2.9,242.2,fan,turn_on
2026-05-13 06:24:11,6,2,27.8,71.0,3.7,343.2,light,turn_on
2026-05-13 04:21:14,4,2,27.6,76.6,2.4,357.9,light,turn_on
2026-05-13 00:27:16,0,2,27.8,81.7,2.2,255.5,fan,turn_off
2026-05-13 08:48:40,8,2,34.4,68.8,74.6,962.7,light,turn_off
2026-05-14 08:33:48,8,3,33.5,66.9,76.0,1039.0,light,turn_off
2026-05-14 00:37:41,0,3,26.6,79.1,3.9,273.7,fan,turn_on
2026-05-07 07:58:05,7,3,33.9,57.9,84.0,3347.0,fan,turn_off
2026-05-13 22:06:49,22,2,28.0,73.2,3.5,292.4,light,turn_on
2026-05-13 11:53:25,11,2,33.4,64.6,85.4,508.7,light,turn_off
2026-05-13 00:54:16,0,2,27.7,84.0,4.1,287.4,fan,turn_off
2026-05-13 08:39:28,8,2,34.2,69.9,76.6,3526.6,light,turn_off
2026-05-13 07:52:22,7,2,33.0,68.5,70.5,3266.9,fan,turn_on
2026-05-13 12:51:14,12,2,33.1,61.1,76.9,481.8,light,turn_off
2026-05-13 11:25:52,11,2,33.3,62.0,88.4,526.9,light,turn_off
2026-05-13 23:12:36,23,2,28.7,76.0,5.0,322.0,fan,turn_off
2026-05-13 18:18:25,18,2,30.4,62.2,27.5,449.4,fan,turn_on
2026-05-13 20:03:57,20,2,31.8,64.3,28.5,469.4,fan,turn_on
2026-05-13 14:35:08,14,2,33.3,61.2,76.0,541.2,light,turn_off
2026-05-13 09:12:16,9,2,34.2,64.8,82.3,567.2,fan,turn_on
2026-05-13 11:32:57,11,2,33.2,62.5,87.2,515.2,fan,turn_on
2026-05-13 04:46:19,4,2,27.2,76.4,1.5,365.0,light,turn_on
2026-05-13 20:31:23,20,2,31.0,64.1,22.9,445.6,light,turn_on
2026-05-14 07:54:55,7,3,33.5,67.7,77.4,2585.6,fan,turn_on
2026-05-13 13:22:07,13,2,33.6,60.6,72.7,523.3,fan,turn_on
2026-05-13 17:51:57,17,2,31.9,63.7,27.6,427.9,light,turn_on
2026-05-13 16:19:44,16,2,35.2,59.1,76.2,494.3,light,turn_off
2026-05-14 02:32:50,2,3,28.8,75.6,5.0,264.2,light,turn_on
2026-05-14 06:41:15,6,3,27.6,73.0,5.8,357.3,light,turn_on
2026-05-13 15:31:04,15,2,34.9,58.0,83.1,563.7,fan,turn_on
2026-05-13 09:26:03,9,2,33.7,63.8,83.4,607.3,fan,turn_on
2026-05-12 03:36:05,3,1,33.2,55.6,61.0,445.0,fan,turn_off
2026-05-14 08:37:08,8,3,33.7,67.0,74.9,715.0,light,turn_off
2026-05-13 21:32:00,21,2,28.9,73.0,3.3,276.1,fan,turn_off
2026-05-14 00:17:02,0,3,27.0,78.5,3.1,292.9,fan,turn_off
2026-05-12 03:41:15,3,1,33.4,56.0,63.0,432.0,light,turn_off
2026-05-13 15:23:27,15,2,33.8,57.9,70.9,508.0,fan,turn_on
2026-05-13 19:44:31,19,2,30.1,64.3,32.2,454.3,light,turn_on
2026-05-13 18:35:44,18,2,30.1,65.8,27.8,451.1,light,turn_on
2026-05-13 01:19:29,1,2,28.3,80.3,5.0,278.0,light,turn_on
2026-05-13 06:30:02,6,2,27.8,71.3,6.5,347.1,light,turn_off
2026-05-14 05:56:57,5,3,28.1,73.6,4.6,350.5,fan,turn_on
2026-05-14 04:02:55,4,3,27.2,74.6,2.6,324.6,light,turn_on
2026-05-13 22:02:35,22,2,28.0,73.2,2.4,303.7,fan,turn_on
2026-05-14 07:25:25,7,3,32.3,66.4,74.7,3095.0,light,turn_off
2026-05-13 06:09:48,6,2,27.9,71.4,1.8,381.9,fan,turn_off
2026-05-13 06:30:02,6,2,27.8,71.3,6.5,347.1,fan,turn_off
2026-05-13 11:59:03,11,2,33.8,64.7,81.8,546.2,light,turn_off
2026-05-13 04:25:37,4,2,27.5,76.2,4.0,370.5,light,turn_on
2026-05-13 20:12:25,20,2,31.8,62.5,29.9,402.3,light,turn_on
2026-05-13 15:34:37,15,2,35.1,58.8,82.1,508.4,fan,turn_on
2026-05-13 05:20:14,5,2,28.0,74.4,6.9,371.8,light,turn_on
2026-05-13 10:18:29,10,2,33.3,62.9,84.6,542.6,fan,turn_on
2026-05-13 17:38:42,17,2,31.7,63.1,26.6,469.2,fan,turn_on
2026-05-14 07:51:02,7,3,33.2,66.5,75.5,640.5,light,turn_off
2026-05-13 11:02:57,11,2,33.4,63.0,84.5,547.9,fan,turn_on
2026-05-13 18:55:44,18,2,31.1,64.9,28.9,449.2,light,turn_on
2026-05-13 08:10:27,8,2,33.8,68.5,76.9,2215.8,fan,turn_on
2026-05-13 08:52:11,8,2,34.1,69.0,75.5,655.7,fan,turn_on
2026-05-13 08:24:09,8,2,33.9,69.5,72.3,591.1,fan,turn_off
2026-05-13 07:55:35,7,2,33.1,68.6,77.9,1756.7,fan,turn_on
2026-05-13 13:41:01,13,2,33.4,62.3,73.5,497.4,light,turn_off
2026-05-13 20:20:31,20,2,31.1,62.6,26.2,417.0,fan,turn_on
2026-05-13 05:12:29,5,2,27.5,75.2,3.0,394.4,light,turn_on
2026-05-14 05:54:35,5,3,28.2,73.7,5.1,401.3,fan,turn_on
2026-05-13 12:21:39,12,2,33.8,62.6,74.3,442.1,fan,turn_on
2026-05-13 23:57:29,23,2,27.5,77.6,5.0,298.5,fan,turn_off
2026-05-13 05:53:42,5,2,28.0,72.1,6.2,376.7,fan,turn_on
2026-05-14 03:11:41,3,3,28.1,75.9,4.6,326.6,light,turn_on
2026-05-13 18:49:03,18,2,30.8,65.3,19.1,461.1,light,turn_on
2026-05-14 05:48:40,5,3,27.6,74.0,3.2,354.2,fan,turn_off
2026-05-13 22:53:48,22,2,28.1,74.7,5.0,325.6,fan,turn_on
2026-05-13 12:31:16,12,2,33.4,61.7,79.8,533.9,fan,turn_on
2026-05-13 21:40:27,21,2,28.2,72.1,3.0,314.1,light,turn_on
2026-05-07 07:58:10,7,3,34.0,57.9,84.0,3347.0,fan,turn_on
2026-05-13 08:40:41,8,2,34.4,69.3,75.4,2590.0,fan,turn_on
2026-05-13 13:21:36,13,2,33.8,60.7,73.1,553.3,fan,turn_on
2026-05-14 07:42:01,7,3,33.1,66.4,71.8,2618.0,light,turn_off
2026-05-13 04:27:20,4,2,27.4,76.1,3.3,385.4,light,turn_on
2026-05-07 08:04:15,8,3,33.9,57.6,77.0,3230.0,fan,turn_off
2026-05-13 01:02:12,1,2,27.5,83.4,1.1,292.9,light,turn_on
2026-05-13 21:05:40,21,2,30.8,67.5,1.0,274.2,light,turn_on
2026-05-13 12:28:27,12,2,33.6,62.9,76.5,466.9,fan,turn_off
2026-05-14 03:38:30,3,3,27.5,75.7,2.6,298.8,fan,turn_off
2026-05-14 06:37:33,6,3,27.8,73.0,8.7,342.3,light,turn_off
2026-05-14 05:54:59,5,3,28.1,73.4,5.2,380.9,fan,turn_off
2026-05-13 21:35:32,21,2,28.8,72.9,2.9,296.6,fan,turn_on
2026-05-14 01:50:38,1,3,29.1,73.4,3.7,256.3,fan,turn_off
2026-05-13 14:58:03,14,2,32.9,59.2,80.0,563.2,light,turn_off
2026-05-13 15:24:57,15,2,34.0,58.7,78.5,504.9,fan,turn_on
2026-05-13 16:10:25,16,2,35.0,58.3,75.9,493.3,fan,turn_on
2026-05-13 03:23:09,3,2,27.1,71.7,3.6,266.2,fan,turn_off
2026-05-13 11:52:47,11,2,33.3,64.4,85.4,516.9,fan,turn_off
2026-05-13 00:49:07,0,2,27.6,82.9,4.1,274.6,fan,turn_off
2026-05-13 22:32:43,22,2,28.7,72.8,1.3,318.7,fan,turn_off
2026-05-13 18:32:22,18,2,29.7,65.8,27.7,406.9,light,turn_off
2026-05-13 21:47:50,21,2,27.9,72.8,3.1,303.3,light,turn_on
2026-05-13 16:29:07,16,2,34.8,60.3,81.8,532.6,fan,turn_on
2026-05-14 01:34:37,1,3,28.2,75.1,2.7,265.1,light,turn_on
2026-05-13 01:27:25,1,2,28.8,79.5,2.6,299.5,light,turn_on
2026-05-14 02:41:53,2,3,28.8,74.6,1.0,290.8,light,turn_on
2026-05-13 03:12:19,3,2,26.9,72.9,4.9,232.9,fan,turn_off
2026-05-13 10:22:22,10,2,33.4,62.8,86.8,558.8,fan,turn_on
2026-05-13 01:20:57,1,2,28.1,80.1,4.7,268.4,fan,turn_on
2026-05-13 14:21:00,14,2,33.3,62.3,76.5,554.6,fan,turn_on
2026-05-13 03:29:35,3,2,27.4,73.3,4.7,314.8,fan,turn_off
2026-05-13 15:43:48,15,2,34.9,58.9,79.7,507.6,light,turn_off
2026-05-13 18:04:56,18,2,31.1,63.3,37.3,410.3,fan,turn_on
2026-05-13 05:41:02,5,2,28.0,74.5,6.6,371.6,fan,turn_on
2026-05-13 18:35:44,18,2,30.1,65.8,27.8,451.1,fan,turn_on
2026-05-14 02:11:43,2,3,28.5,73.5,3.9,296.3,fan,turn_on
2026-05-13 15:10:34,15,2,33.4,57.5,79.1,493.4,fan,turn_off
2026-05-13 13:33:50,13,2,33.5,62.7,80.9,505.9,fan,turn_on
2026-05-13 18:03:24,18,2,31.4,63.4,39.9,392.9,light,turn_on
2026-05-13 18:20:32,18,2,30.2,63.4,32.6,455.0,fan,turn_on
2026-05-14 03:57:08,3,3,27.4,74.8,2.9,237.8,light,turn_on
2026-05-14 02:17:15,2,3,28.2,74.3,2.4,243.4,fan,turn_off
2026-05-14 06:11:23,6,3,28.2,70.7,4.2,358.2,light,turn_on
2026-05-13 21:55:42,21,2,28.0,72.9,1.0,297.8,fan,turn_on
2026-05-13 15:28:35,15,2,34.7,58.1,79.2,556.6,fan,turn_on
2026-05-14 06:33:53,6,3,28.1,73.3,6.4,338.8,fan,turn_on
2026-05-14 06:30:23,6,3,28.4,71.9,5.4,355.7,fan,turn_off
2026-05-13 11:25:23,11,2,33.2,61.9,86.8,522.5,light,turn_off
2026-05-13 12:50:48,12,2,33.2,61.0,73.7,504.5,fan,turn_on
2026-05-14 05:00:40,5,3,28.1,71.9,5.2,373.6,fan,turn_off
2026-05-13 05:33:40,5,2,28.2,73.9,3.2,395.1,light,turn_on
2026-05-14 01:11:15,1,3,27.4,76.3,4.0,302.0,light,turn_on
2026-05-14 04:49:20,4,3,27.8,72.6,5.0,362.2,fan,turn_off
2026-05-14 01:57:01,1,3,28.9,75.0,1.6,286.5,light,turn_on
2026-05-13 18:57:09,18,2,30.8,65.3,29.5,442.2,light,turn_on
2026-05-13 08:20:37,8,2,33.9,69.9,74.1,824.2,fan,turn_off
2026-05-13 22:59:51,22,2,28.0,74.3,3.2,329.8,fan,turn_on
2026-05-07 08:16:20,8,3,0.0,0.0,82.0,0.0,light,turn_off
2026-05-13 18:43:13,18,2,30.3,64.8,28.3,426.7,light,turn_on
2026-05-14 01:40:37,1,3,28.3,74.7,5.0,284.8,light,turn_on
2026-05-13 04:32:09,4,2,27.2,75.9,4.1,352.7,light,turn_on
2026-05-13 22:14:39,22,2,28.6,72.5,3.0,289.3,fan,turn_off
2026-05-13 08:06:50,8,2,33.7,68.1,72.0,3467.9,fan,turn_on
2026-05-13 15:01:35,15,2,33.3,58.9,78.9,493.4,light,turn_off
2026-05-14 00:00:07,0,3,27.7,76.8,1.0,274.6,fan,turn_off
2026-05-13 07:37:54,7,2,32.6,69.3,74.0,1283.3,fan,turn_off
2026-05-13 22:11:04,22,2,28.3,73.0,3.7,276.3,light,turn_on
2026-05-13 05:05:08,5,2,27.7,76.0,4.0,364.5,fan,turn_off
2026-05-14 08:03:50,8,3,33.6,69.2,70.1,868.2,light,turn_off
2026-05-12 03:34:15,3,1,33.3,57.1,62.5,448.5,light,turn_on
2026-05-13 14:01:55,14,2,33.1,61.7,77.1,503.8,light,turn_off
2026-05-14 03:00:29,3,3,28.8,73.3,4.1,298.1,light,turn_off
2026-05-14 00:35:24,0,3,26.6,78.5,3.8,290.5,light,turn_on
2026-05-13 05:38:32,5,2,28.1,74.4,2.4,347.0,light,turn_off
2026-05-13 09:55:28,9,2,33.4,64.6,87.2,562.3,fan,turn_on
2026-05-13 23:43:27,23,2,27.5,78.6,2.7,289.0,light,turn_on
2026-05-14 00:00:46,0,3,27.6,77.3,2.6,271.2,light,turn_on
2026-05-13 15:35:48,15,2,35.1,58.5,80.5,524.6,light,turn_off
2026-05-13 00:10:06,0,2,27.4,78.8,1.0,301.6,light,turn_on
2026-05-13 21:54:02,21,2,28.3,72.3,4.3,297.8,light,turn_on
2026-05-13 15:22:41,15,2,33.8,57.8,73.6,503.4,light,turn_off
2026-05-14 02:12:28,2,3,28.1,73.9,2.3,268.1,fan,turn_on
2026-05-13 16:28:45,16,2,34.8,60.8,79.7,518.5,light,turn_off
2026-05-13 01:31:52,1,2,28.6,79.1,5.0,294.4,light,turn_on
2026-05-13 03:18:02,3,2,27.4,72.2,2.6,289.2,fan,turn_off
2026-05-14 03:31:34,3,3,28.0,75.0,5.0,284.8,fan,turn_off
2026-05-13 01:20:26,1,2,28.3,80.4,2.9,268.9,light,turn_on
2026-05-14 02:33:16,2,3,28.7,75.2,4.2,274.3,fan,turn_on
2026-05-13 14:04:06,14,2,33.0,62.5,77.4,474.3,light,turn_off
2026-05-14 04:36:57,4,3,28.3,73.4,5.0,381.9,fan,turn_on
2026-05-13 20:07:38,20,2,32.0,63.6,35.6,461.2,light,turn_on
2026-05-13 21:59:40,21,2,27.9,72.8,1.0,283.1,light,turn_on
2026-05-13 10:47:02,10,2,33.2,63.9,84.4,557.9,light,turn_off
2026-05-13 22:49:27,22,2,28.4,73.6,1.0,293.9,fan,turn_off
2026-05-13 03:23:09,3,2,27.1,71.7,3.6,266.2,light,turn_on
2026-05-13 00:28:05,0,2,27.6,81.7,3.6,271.8,fan,turn_off
2026-05-13 11:01:48,11,2,33.5,63.9,86.4,513.6,fan,turn_on
2026-05-13 23:11:50,23,2,28.7,75.6,4.0,333.2,fan,turn_on
2026-05-13 23:19:34,23,2,28.9,76.3,3.4,306.1,fan,turn_off
2026-05-13 08:12:43,8,2,33.8,68.8,76.5,2738.9,fan,turn_on
2026-05-13 02:38:05,2,2,28.4,75.1,3.2,264.3,light,turn_on
2026-05-14 03:20:21,3,3,27.8,76.2,1.2,264.9,light,turn_on
2026-05-13 16:25:46,16,2,34.9,59.9,80.5,489.9,light,turn_off
2026-05-14 08:59:35,8,3,34.3,65.9,71.4,655.4,light,turn_off
2026-05-13 10:53:32,10,2,33.3,64.4,85.3,600.5,light,turn_off
2026-05-13 16:51:09,16,2,34.7,60.1,85.2,496.5,fan,turn_off
2026-05-13 17:26:01,17,2,31.9,61.7,29.7,425.2,light,turn_on
2026-05-13 02:36:44,2,2,28.6,74.7,2.0,273.9,light,turn_on
2026-05-13 11:11:10,11,2,33.7,61.2,86.7,601.0,light,turn_off
2026-05-13 21:32:30,21,2,29.0,73.0,5.0,298.3,light,turn_on
2026-05-13 21:29:16,21,2,29.0,72.6,5.0,301.7,fan,turn_on
2026-05-13 11:03:21,11,2,33.5,63.2,86.2,569.3,fan,turn_off
2026-05-14 02:38:40,2,3,28.8,75.4,2.6,324.2,light,turn_on
2026-05-13 05:01:36,5,2,27.5,75.7,3.0,336.3,light,turn_on
2026-05-14 02:14:46,2,3,28.4,73.6,4.3,259.1,fan,turn_on
2026-05-13 11:49:52,11,2,33.3,64.0,87.7,530.7,fan,turn_off
2026-05-12 03:09:40,3,1,33.2,57.6,65.0,485.0,fan,turn_on
2026-05-13 11:37:21,11,2,33.3,61.7,89.0,575.0,fan,turn_on
2026-05-13 06:40:13,6,2,27.8,73.6,5.9,373.2,fan,turn_off
2026-05-13 23:47:00,23,2,27.3,79.5,3.8,275.0,fan,turn_off
2026-05-13 15:10:54,15,2,33.2,57.7,78.4,514.9,fan,turn_off
2026-05-14 04:52:15,4,3,27.8,72.0,3.0,387.3,fan,turn_off
2026-05-13 17:32:08,17,2,31.9,62.6,24.2,436.3,fan,turn_off
2026-05-13 00:17:17,0,2,27.1,80.3,1.0,297.0,light,turn_on
2026-05-13 00:56:27,0,2,27.4,83.9,4.6,308.2,fan,turn_off
2026-05-13 02:31:49,2,2,28.9,74.7,3.2,260.7,light,turn_on
2026-05-13 03:41:23,3,2,27.3,75.9,3.9,280.1,light,turn_on
2026-05-13 23:18:15,23,2,28.9,76.8,4.5,292.1,light,turn_on
2026-05-13 23:35:59,23,2,28.5,76.1,1.1,311.3,light,turn_on
2026-05-13 20:05:19,20,2,32.0,63.3,30.9,465.1,fan,turn_on
2026-05-14 07:16:55,7,3,31.2,68.5,75.1,3636.1,fan,turn_on
2026-05-13 06:39:35,6,2,27.8,73.1,5.6,374.5,light,turn_on
2026-05-07 07:59:40,7,3,34.4,59.0,81.0,3309.0,fan,turn_on
2026-05-13 03:56:39,3,2,26.7,75.5,3.4,273.2,light,turn_on
2026-05-13 08:52:11,8,2,34.1,69.0,75.5,655.7,light,turn_on
2026-05-14 06:27:37,6,3,28.8,71.1,3.6,362.4,fan,turn_on
2026-05-14 03:47:01,3,3,27.1,76.8,4.3,281.4,fan,turn_off
2026-05-14 05:22:56,5,3,28.3,71.4,5.4,374.1,fan,turn_off
2026-05-14 07:41:35,7,3,32.9,67.0,68.4,3553.5,fan,turn_on
2026-05-13 13:16:46,13,2,33.5,60.4,79.9,470.2,fan,turn_on
2026-05-14 08:57:18,8,3,34.2,65.3,80.0,812.3,light,turn_off
2026-05-14 08:43:59,8,3,34.0,67.5,71.6,533.7,fan,turn_on
2026-05-13 03:43:17,3,2,27.4,75.3,3.0,294.9,light,turn_on
2026-05-13 21:28:21,21,2,29.0,72.4,3.8,296.4,fan,turn_off
2026-05-13 17:55:05,17,2,32.1,62.7,30.3,406.4,fan,turn_on
2026-05-14 02:58:54,2,3,28.7,73.6,2.8,313.5,light,turn_on
2026-05-13 15:34:58,15,2,35.1,58.7,81.0,504.7,light,turn_off
2026-05-13 16:49:10,16,2,35.0,60.0,83.3,484.3,fan,turn_on
2026-05-14 04:42:32,4,3,28.3,73.8,5.0,370.8,light,turn_on
2026-05-13 10:00:54,10,2,33.4,64.4,89.2,580.6,light,turn_on
2026-05-13 22:10:14,22,2,28.2,73.1,2.5,247.2,fan,turn_on
2026-05-13 22:20:30,22,2,29.0,72.5,3.7,267.1,light,turn_on
2026-05-13 16:16:18,16,2,34.9,58.9,80.8,504.1,fan,turn_on
2026-05-13 12:01:19,12,2,33.6,62.7,80.4,492.0,light,turn_off
2026-05-13 11:05:09,11,2,33.8,62.6,87.9,574.0,fan,turn_on
2026-05-12 03:35:05,3,1,33.3,57.20000000000001,64.0,437.0,fan,turn_off
2026-05-14 02:32:15,2,3,28.6,75.6,4.2,264.8,fan,turn_off
2026-05-13 16:30:45,16,2,35.1,60.5,80.1,508.1,fan,turn_on
2026-05-13 02:36:44,2,2,28.6,74.7,2.0,273.9,fan,turn_on
2026-05-14 02:43:09,2,3,29.0,74.4,1.0,281.7,fan,turn_off
2026-05-14 07:09:40,7,3,29.5,69.6,72.4,3091.8,light,turn_off
2026-05-13 14:15:03,14,2,33.6,61.5,78.0,554.1,light,turn_off
2026-05-13 22:00:41,22,2,27.8,73.4,2.1,281.3,fan,turn_off
2026-05-13 14:48:40,14,2,33.3,60.9,72.7,491.5,light,turn_off
2026-05-13 19:35:53,19,2,30.0,65.6,31.1,425.0,fan,turn_on
2026-05-14 02:47:56,2,3,29.0,74.9,2.3,282.4,light,turn_on
2026-05-14 04:49:20,4,3,27.8,72.6,5.0,362.2,light,turn_on
2026-05-14 02:01:55,2,3,28.7,75.0,5.0,280.5,light,turn_on
2026-05-13 18:20:58,18,2,30.1,63.5,34.1,465.8,light,turn_on
2026-05-14 06:50:38,6,3,27.4,72.7,2.8,336.9,fan,turn_off
2026-05-13 07:52:57,7,2,33.0,68.3,71.4,3042.5,fan,turn_on
2026-05-14 05:21:39,5,3,28.4,70.9,2.6,359.5,fan,turn_on
2026-05-13 01:56:07,1,2,28.8,78.1,4.9,290.2,light,turn_on
2026-05-14 07:04:57,7,3,28.2,69.8,71.2,481.4,fan,turn_off
2026-05-13 14:10:39,14,2,33.5,61.7,83.8,513.6,light,turn_on
2026-05-13 01:24:37,1,2,28.6,79.7,3.8,287.5,fan,turn_off
2026-05-13 09:48:35,9,2,33.3,64.3,88.7,539.0,light,turn_off
2026-05-13 07:41:50,7,2,32.7,69.1,71.6,793.4,fan,turn_on
2026-05-13 03:08:17,3,2,27.0,73.2,4.9,265.5,light,turn_on
2026-05-13 03:48:34,3,2,27.1,74.9,1.9,293.2,light,turn_on
2026-05-13 01:05:51,1,2,27.4,83.0,3.6,268.0,light,turn_on
2026-05-14 03:40:25,3,3,27.6,75.2,3.6,269.7,light,turn_on
2026-05-14 02:44:24,2,3,29.0,74.5,3.9,297.7,fan,turn_off
2026-05-13 20:05:49,20,2,32.1,62.9,30.9,469.1,fan,turn_on
2026-05-13 18:49:33,18,2,30.7,65.8,23.8,447.1,fan,turn_off
2026-05-13 22:27:09,22,2,28.8,72.2,1.5,297.0,fan,turn_on
2026-05-13 05:05:53,5,2,27.6,75.9,4.4,354.1,light,turn_on
2026-05-13 23:01:37,23,2,28.4,75.2,3.2,308.6,light,turn_on
2026-05-13 22:47:23,22,2,28.1,73.2,1.9,324.7,fan,turn_off
2026-05-13 11:39:42,11,2,33.5,61.8,85.3,563.3,fan,turn_on
2026-05-13 19:06:16,19,2,30.3,64.4,26.7,448.5,fan,turn_off
2026-05-13 10:10:33,10,2,33.2,64.7,83.9,528.5,fan,turn_on
2026-05-14 02:52:35,2,3,28.8,74.2,3.7,260.0,fan,turn_on
2026-05-13 05:18:48,5,2,27.8,75.1,6.1,370.3,fan,turn_off
2026-05-14 01:52:09,1,3,28.9,73.8,3.2,260.5,light,turn_on
2026-05-14 01:42:41,1,3,28.6,74.0,4.1,254.3,fan,turn_off
2026-05-13 04:43:18,4,2,27.1,76.4,5.0,379.8,light,turn_off
2026-05-13 16:51:44,16,2,34.5,60.4,82.5,481.6,light,turn_off
2026-05-13 01:38:34,1,2,28.2,78.6,2.3,289.0,fan,turn_off
2026-05-13 14:06:37,14,2,33.2,61.8,80.9,514.9,fan,turn_on
2026-05-14 07:44:58,7,3,32.8,65.9,75.2,1875.1,fan,turn_on
2026-05-13 17:26:33,17,2,32.1,61.6,25.0,438.6,light,turn_off
2026-05-13 20:03:57,20,2,31.8,64.3,28.5,469.4,light,turn_on
2026-05-13 05:06:38,5,2,27.4,75.8,5.4,371.2,fan,turn_off
2026-05-14 00:00:07,0,3,27.7,76.8,1.0,274.6,light,turn_on
2026-05-13 23:31:56,23,2,28.8,76.4,3.0,289.5,light,turn_on
2026-05-14 05:39:20,5,3,28.2,72.2,4.5,370.0,light,turn_on
2026-05-13 22:12:08,22,2,28.6,72.6,5.0,271.8,fan,turn_off
2026-05-12 03:36:35,3,1,33.2,55.9,64.0,445.0,light,turn_on
2026-05-13 18:14:12,18,2,30.5,61.9,24.8,463.8,light,turn_on
2026-05-14 05:50:52,5,3,27.8,74.2,3.7,380.2,light,turn_on
2026-05-14 04:23:27,4,3,27.9,73.3,5.0,368.7,fan,turn_off
2026-05-14 02:34:41,2,3,28.8,74.8,4.1,284.6,fan,turn_on
2026-05-14 07:10:38,7,3,29.7,69.7,75.2,3535.8,light,turn_off
2026-05-13 06:32:44,6,2,27.8,71.3,2.8,345.6,light,turn_on
2026-05-13 07:40:07,7,2,32.6,69.2,74.8,936.4,fan,turn_on
2026-05-12 03:31:45,3,1,33.3,57.7,60.0,462.0,fan,turn_on
2026-05-13 05:36:52,5,2,28.3,74.6,1.0,368.9,fan,turn_on
2026-05-13 21:26:06,21,2,28.7,72.3,3.0,287.3,fan,turn_on
2026-05-12 03:05:05,3,1,33.1,58.4,65.0,495.0,fan,turn_off
2026-05-14 02:33:16,2,3,28.7,75.2,4.2,274.3,light,turn_off
2026-05-13 12:29:16,12,2,33.6,63.2,75.3,493.0,light,turn_off
2026-05-13 12:03:44,12,2,33.7,62.2,84.5,475.0,fan,turn_on
2026-05-14 08:50:17,8,3,33.6,66.9,74.9,2944.7,fan,turn_on
2026-05-13 20:45:15,20,2,31.2,64.7,22.3,440.5,fan,turn_on
2026-05-13 12:08:12,12,2,33.7,61.5,82.5,479.5,light,turn_off
2026-05-13 14:09:09,14,2,33.3,61.1,86.2,486.1,fan,turn_off
2026-05-07 07:57:05,7,3,33.9,58.2,76.0,3063.0,light,turn_off
2026-05-14 04:58:37,4,3,28.3,71.6,2.0,360.1,fan,turn_off
2026-05-13 10:07:20,10,2,33.2,64.5,81.6,542.3,light,turn_off
2026-05-14 08:28:51,8,3,33.3,68.0,75.2,3754.4,light,turn_off
2026-05-13 13:42:45,13,2,33.5,62.1,76.9,548.6,light,turn_off
2026-05-13 20:55:51,20,2,31.6,64.0,29.0,439.6,light,turn_on
2026-05-13 05:39:18,5,2,28.2,74.6,3.4,348.8,fan,turn_off
2026-05-13 01:59:05,1,2,28.9,78.7,3.5,271.4,fan,turn_on
2026-05-13 09:56:49,9,2,33.5,64.3,88.4,563.8,light,turn_off
2026-05-13 23:37:23,23,2,28.4,75.7,1.4,314.8,light,turn_on
2026-05-12 03:11:10,3,1,33.1,57.5,62.0,487.0,fan,turn_on
2026-05-13 06:20:27,6,2,27.5,70.8,6.2,378.5,fan,turn_off
2026-05-14 03:18:16,3,3,27.9,76.1,5.0,293.4,fan,turn_off
2026-05-13 16:58:14,16,2,34.7,61.0,84.0,471.3,light,turn_off
2026-05-14 07:43:09,7,3,33.0,66.1,70.9,3198.2,light,turn_off
2026-05-14 09:02:03,9,3,33.8,65.0,79.5,614.2,fan,turn_off
2026-05-13 12:29:16,12,2,33.6,63.2,75.3,493.0,fan,turn_on
2026-05-13 21:00:46,21,2,31.6,64.3,5.0,382.7,light,turn_on
2026-05-13 17:34:48,17,2,31.8,63.3,23.9,413.2,fan,turn_on
2026-05-13 05:34:48,5,2,28.3,74.0,2.9,372.6,light,turn_on
2026-05-13 17:11:06,17,2,32.3,63.7,25.6,452.5,light,turn_on
2026-05-13 14:27:05,14,2,33.0,62.4,82.9,455.7,light,turn_off
2026-05-13 19:32:19,19,2,29.5,66.9,29.1,424.6,light,turn_on
2026-05-07 08:00:40,8,3,34.2,57.0,81.0,3362.0,light,turn_off
2026-05-13 07:55:14,7,2,33.2,68.7,73.4,2085.9,light,turn_off
2026-05-13 10:40:31,10,2,33.4,62.3,84.2,547.0,light,turn_off
2026-05-13 02:51:14,2,2,27.3,75.2,2.8,319.8,light,turn_on
2026-05-14 06:49:14,6,3,27.4,72.6,2.9,350.2,fan,turn_off
2026-05-13 15:06:33,15,2,33.1,58.6,82.9,489.8,light,turn_off
2026-05-13 14:21:00,14,2,33.3,62.3,76.5,554.6,light,turn_off
2026-05-13 20:23:01,20,2,31.2,62.3,22.1,426.9,fan,turn_off
2026-05-13 21:29:16,21,2,29.0,72.6,5.0,301.7,light,turn_on
2026-05-14 08:48:12,8,3,33.6,66.9,77.5,2792.8,fan,turn_on
2026-05-13 01:08:44,1,2,27.8,82.8,1.0,288.4,light,turn_on
2026-05-13 06:32:23,6,2,28.0,71.4,3.4,348.7,light,turn_on
2026-05-14 05:58:17,5,3,28.0,73.6,6.0,375.7,fan,turn_off
2026-05-13 13:20:12,13,2,33.5,61.3,80.1,536.0,light,turn_off
2026-05-13 08:59:47,8,2,34.1,68.2,68.2,3376.7,light,turn_off
2026-05-14 05:30:05,5,3,28.1,71.3,6.5,346.0,light,turn_on
2026-05-13 02:18:12,2,2,28.8,76.9,2.1,291.0,light,turn_on
2026-05-13 13:48:42,13,2,33.0,62.2,81.0,493.0,fan,turn_off
2026-05-13 15:51:54,15,2,35.1,59.7,82.8,509.9,fan,turn_on
2026-05-14 07:37:18,7,3,32.5,67.9,77.6,3963.1,fan,turn_on
2026-05-13 19:51:29,19,2,30.8,63.4,32.1,428.6,fan,turn_off
2026-05-14 08:01:17,8,3,33.5,68.3,75.9,1240.8,light,turn_off
2026-05-13 02:11:18,2,2,28.7,78.1,1.9,275.6,light,turn_on
2026-05-14 05:25:44,5,3,28.2,71.4,2.4,373.0,light,turn_on
2026-05-14 02:13:48,2,3,28.2,73.6,3.9,267.3,light,turn_on
2026-05-13 13:47:50,13,2,33.2,62.5,80.9,460.8,fan,turn_on
2026-05-13 16:24:26,16,2,35.2,58.8,78.1,488.0,fan,turn_on
2026-05-13 17:27:00,17,2,32.0,61.9,29.0,414.5,light,turn_on
2026-05-13 04:54:32,4,2,27.3,75.9,4.3,377.0,light,turn_on
2026-05-14 01:48:33,1,3,28.7,74.1,4.4,266.8,light,turn_on
2026-05-13 16:42:19,16,2,35.2,60.4,82.1,504.5,fan,turn_off
2026-05-14 08:08:34,8,3,33.7,70.2,77.7,602.7,fan,turn_on
2026-05-14 04:23:27,4,3,27.9,73.3,5.0,368.7,light,turn_on
2026-05-14 02:12:58,2,3,28.3,73.6,1.7,264.3,light,turn_on
2026-05-13 03:07:51,3,2,26.9,72.9,2.6,259.7,light,turn_on
2026-05-13 07:35:53,7,2,32.6,69.5,74.8,2009.6,fan,turn_on
2026-05-13 12:30:02,12,2,33.3,62.3,78.3,500.2,light,turn_off
2026-05-13 07:20:03,7,2,32.2,66.5,74.7,590.6,light,turn_off
2026-05-13 14:08:33,14,2,33.5,61.3,82.8,478.7,fan,turn_off
2026-05-13 01:00:49,1,2,27.8,83.5,1.0,280.4,fan,turn_off
2026-05-13 10:48:25,10,2,33.2,64.5,82.6,545.5,light,turn_off
2026-05-14 01:21:44,1,3,27.8,75.7,1.1,278.3,light,turn_on
2026-05-13 14:51:01,14,2,32.9,61.2,78.2,529.7,fan,turn_on
2026-05-14 02:51:18,2,3,28.9,74.2,1.1,258.6,fan,turn_on
2026-05-14 04:02:32,4,3,27.1,74.8,1.7,311.4,light,turn_on
2026-05-14 04:08:52,4,3,27.7,72.9,1.0,376.4,light,turn_on
2026-05-14 06:54:33,6,3,27.1,72.9,6.1,327.5,light,turn_on
2026-05-14 02:31:36,2,3,28.5,75.8,4.0,232.4,light,turn_on
2026-05-14 05:57:17,5,3,28.1,73.3,5.4,367.8,fan,turn_on
2026-05-13 12:59:20,12,2,33.0,60.4,75.1,537.2,fan,turn_on
2026-05-13 15:30:19,15,2,34.8,57.8,83.0,543.0,light,turn_off
2026-05-13 17:58:37,17,2,31.7,63.3,28.1,440.8,light,turn_on
2026-05-13 02:54:37,2,2,27.7,75.0,1.0,294.6,fan,turn_off
2026-05-13 15:20:55,15,2,33.8,57.1,69.8,489.9,light,turn_off
2026-05-14 00:44:50,0,3,27.2,78.1,2.8,316.8,fan,turn_off
2026-05-13 11:48:48,11,2,33.3,64.4,83.5,521.2,fan,turn_on
2026-05-13 22:37:08,22,2,28.8,72.3,1.0,305.7,fan,turn_off
2026-05-13 12:34:37,12,2,33.3,60.9,77.2,563.3,light,turn_off
2026-05-13 20:41:17,20,2,31.0,63.5,26.5,421.3,light,turn_on
2026-05-13 20:48:44,20,2,31.3,64.6,29.2,477.4,fan,turn_off
2026-05-14 02:01:04,2,3,28.7,75.3,4.8,284.9,fan,turn_on
2026-05-13 01:23:48,1,2,28.5,79.8,5.0,264.4,light,turn_on
2026-05-13 08:40:17,8,2,34.3,69.5,75.3,4042.5,fan,turn_on
2026-05-13 20:13:11,20,2,31.7,62.6,30.9,421.1,fan,turn_on
2026-05-13 00:38:52,0,2,27.3,80.5,2.9,275.1,light,turn_on
2026-05-13 01:04:58,1,2,27.4,83.4,2.8,276.1,light,turn_on
2026-05-13 11:24:24,11,2,32.9,62.3,88.3,492.5,light,turn_off
2026-05-14 01:53:33,1,3,28.7,74.4,1.5,274.1,light,turn_on
2026-05-13 09:34:29,9,2,33.3,63.7,86.3,604.5,fan,turn_on
2026-05-13 13:27:22,13,2,33.7,61.8,84.0,510.7,fan,turn_off
2026-05-14 04:57:45,4,3,28.3,71.5,2.0,363.8,light,turn_on
2026-05-13 05:31:20,5,2,28.1,74.0,8.3,359.3,light,turn_on
2026-05-13 08:05:07,8,2,33.8,69.2,72.9,582.3,fan,turn_on
2026-05-13 20:43:46,20,2,31.2,64.7,23.3,420.3,fan,turn_off
2026-05-13 08:13:09,8,2,33.9,69.0,74.4,4033.7,fan,turn_off
2026-05-13 08:34:19,8,2,34.2,69.1,73.3,2668.9,fan,turn_on
2026-05-13 22:01:39,22,2,27.9,73.5,2.8,295.6,fan,turn_off
2026-05-13 19:46:12,19,2,30.3,64.2,27.8,422.8,light,turn_on
2026-05-13 02:04:45,2,2,29.0,78.9,2.5,295.9,light,turn_on
2026-05-13 15:28:14,15,2,34.5,58.0,77.9,551.0,fan,turn_on
2026-05-14 00:14:49,0,3,27.1,78.7,2.4,299.2,fan,turn_off
2026-05-07 08:06:50,8,3,33.7,58.7,84.0,3493.0,fan,turn_on
2026-05-14 04:34:53,4,3,28.6,73.2,5.0,369.2,fan,turn_on
2026-05-13 06:43:28,6,2,27.7,73.7,4.5,381.9,light,turn_on
2026-05-14 01:34:06,1,3,28.2,75.2,3.4,266.5,fan,turn_on
2026-05-13 08:59:47,8,2,34.1,68.2,68.2,3376.7,fan,turn_on
2026-05-13 10:21:51,10,2,33.3,62.4,82.6,581.1,fan,turn_on
2026-05-14 04:10:38,4,3,27.7,73.3,1.6,349.8,fan,turn_off
2026-05-13 04:23:03,4,2,27.6,76.6,4.7,379.0,light,turn_on
2026-05-14 07:44:03,7,3,32.8,66.5,69.8,2665.2,light,turn_off
2026-05-14 09:18:48,9,3,33.3,63.1,84.5,526.8,fan,turn_on
2026-05-13 17:36:56,17,2,31.7,62.8,24.7,416.1,light,turn_on
2026-05-13 07:57:17,7,2,33.4,68.7,83.1,1300.4,light,turn_off
2026-05-12 03:52:45,3,1,33.5,55.70000000000001,65.0,417.0,light,turn_on
2026-05-12 03:49:50,3,1,33.5,56.7,64.0,426.0,fan,turn_off
2026-05-13 14:13:16,14,2,33.7,61.2,75.5,526.2,fan,turn_on
2026-05-13 13:28:41,13,2,34.0,61.4,81.6,483.4,fan,turn_on
2026-05-13 13:22:34,13,2,33.7,61.0,70.6,500.6,light,turn_off
2026-05-13 09:21:52,9,2,33.3,64.2,90.1,577.3,fan,turn_on
2026-05-14 04:18:38,4,3,27.9,73.1,1.0,392.6,light,turn_on
2026-05-13 05:57:29,5,2,28.1,72.5,3.3,355.9,light,turn_on
2026-05-14 05:04:14,5,3,28.2,72.4,6.0,384.7,light,turn_on
2026-05-13 20:09:20,20,2,31.9,62.9,26.3,467.9,fan,turn_on
2026-05-14 08:44:20,8,3,34.1,67.0,74.2,521.6,light,turn_off
2026-05-14 04:26:22,4,3,28.0,73.7,3.6,365.8,light,turn_on
2026-05-13 07:17:59,7,2,31.7,67.1,73.7,659.4,light,turn_on
2026-05-14 03:42:20,3,3,27.6,75.5,1.7,289.7,fan,turn_off
2026-05-14 00:35:44,0,3,26.7,78.6,2.5,299.9,fan,turn_off
2026-05-13 02:55:16,2,2,27.7,75.2,2.8,295.2,fan,turn_off
2026-05-13 18:43:13,18,2,30.3,64.8,28.3,426.7,fan,turn_off
2026-05-14 05:39:20,5,3,28.2,72.2,4.5,370.0,fan,turn_off
2026-05-13 11:56:28,11,2,33.5,64.6,82.7,522.6,fan,turn_on
2026-05-14 01:25:38,1,3,27.4,75.5,2.9,260.2,fan,turn_off
2026-05-13 13:03:05,13,2,33.1,60.6,72.4,496.9,fan,turn_on
2026-05-13 09:36:59,9,2,33.1,62.7,87.7,568.4,light,turn_off
2026-05-13 07:08:02,7,2,29.6,69.3,69.2,3933.4,light,turn_off
2026-05-13 14:05:22,14,2,33.1,62.3,81.7,480.3,light,turn_off
2026-05-13 08:52:32,8,2,34.1,68.9,72.7,609.3,light,turn_off
2026-05-13 08:36:55,8,2,34.2,69.3,76.4,1933.2,fan,turn_on
2026-05-12 03:07:40,3,1,33.4,70.5,62.0,482.0,light,turn_on
2026-05-13 19:10:47,19,2,30.3,64.9,25.3,445.4,fan,turn_off
2026-05-13 01:10:37,1,2,27.9,82.2,2.7,293.2,fan,turn_off
2026-05-13 00:10:37,0,2,27.5,79.1,2.7,306.6,light,turn_on
2026-05-13 01:29:19,1,2,28.9,78.7,2.1,290.8,fan,turn_on
2026-05-14 07:13:21,7,3,30.3,69.4,75.5,2646.9,light,turn_off
2026-05-13 04:10:44,4,2,27.4,75.4,5.0,367.6,fan,turn_off
2026-05-13 08:22:57,8,2,33.9,69.1,74.9,656.8,light,turn_off
2026-05-12 03:05:35,3,1,33.0,58.4,64.0,501.0,light,turn_on
2026-05-13 20:18:46,20,2,31.6,62.3,30.5,421.9,light,turn_on
2026-05-13 00:11:30,0,2,27.3,79.2,1.0,312.6,fan,turn_off
2026-05-13 22:17:16,22,2,28.9,72.1,5.0,311.3,fan,turn_on
2026-05-13 10:48:45,10,2,33.3,64.8,84.6,544.6,light,turn_off
2026-05-14 02:36:49,2,3,28.9,75.4,4.0,278.1,fan,turn_on
2026-05-14 05:37:51,5,3,28.4,71.7,4.2,358.5,fan,turn_on
2026-05-12 03:51:40,3,1,33.5,56.3,64.0,541.0,light,turn_on
2026-05-14 05:06:00,5,3,28.3,72.5,6.1,375.9,fan,turn_off
2026-05-14 08:32:38,8,3,33.4,67.6,78.5,1353.8,fan,turn_on
2026-05-13 16:14:55,16,2,35.0,58.7,78.2,506.1,light,turn_off
2026-05-13 09:33:04,9,2,33.5,63.4,87.9,599.5,fan,turn_on
2026-05-13 07:23:31,7,2,32.7,66.8,70.9,531.3,fan,turn_on
2026-05-12 03:48:05,3,1,33.5,56.29999999999999,71.0,417.0,fan,turn_on
2026-05-07 08:06:20,8,3,33.7,58.3,79.0,3187.0,fan,turn_on
2026-05-13 20:07:38,20,2,32.0,63.6,35.6,461.2,fan,turn_on
2026-05-13 14:28:10,14,2,33.0,62.8,83.3,457.7,fan,turn_on
2026-05-13 02:49:15,2,2,27.5,74.7,3.7,290.4,fan,turn_off
2026-05-13 09:39:57,9,2,33.1,62.9,91.2,578.3,light,turn_off
2026-05-14 04:46:59,4,3,28.1,73.1,2.9,386.4,light,turn_on
2026-05-13 23:23:30,23,2,29.0,76.3,3.7,268.8,fan,turn_on
2026-05-13 05:13:06,5,2,27.6,75.4,4.9,386.2,fan,turn_off
2026-05-13 18:28:57,18,2,29.3,65.7,30.8,436.8,fan,turn_on
2026-05-14 00:05:07,0,3,27.5,77.7,3.1,305.0,light,turn_on
2026-05-13 11:22:40,11,2,33.0,61.9,88.3,498.0,fan,turn_on
2026-05-13 02:03:51,2,2,28.9,79.1,1.0,273.6,light,turn_on
2026-05-13 09:02:53,9,2,33.6,65.2,76.8,1968.7,fan,turn_on
2026-05-12 03:39:00,3,1,33.3,55.79999999999999,0.0,443.0,fan,turn_off
2026-05-14 00:59:40,0,3,27.4,77.5,3.3,298.2,light,turn_on
2026-05-14 04:28:26,4,3,28.1,73.7,4.1,378.0,light,turn_on
2026-05-13 12:00:31,12,2,33.7,63.6,81.9,512.4,fan,turn_on
2026-05-13 04:04:26,4,2,27.2,75.1,4.2,354.2,fan,turn_off
2026-05-13 03:51:43,3,2,27.1,75.4,1.3,271.2,light,turn_on
2026-05-12 03:50:40,3,1,33.5,57.2,65.0,445.0,fan,turn_on
2026-05-14 01:22:48,1,3,27.8,75.6,2.6,273.8,fan,turn_off
2026-05-14 03:28:59,3,3,27.5,75.1,3.2,280.6,fan,turn_off
2026-05-13 17:38:14,17,2,31.9,63.1,27.4,444.5,fan,turn_on
2026-05-13 10:47:45,10,2,33.3,64.3,85.3,566.3,light,turn_off
2026-05-13 15:56:40,15,2,35.6,59.5,83.6,552.0,fan,turn_on
2026-05-13 23:12:56,23,2,28.9,75.8,5.0,298.2,fan,turn_off
2026-05-14 07:31:26,7,3,32.4,68.0,74.1,1803.5,fan,turn_on
2026-05-14 07:48:45,7,3,33.2,65.9,73.8,854.7,light,turn_off
2026-05-13 01:39:24,1,2,28.2,78.7,3.4,271.3,fan,turn_on
2026-05-14 06:43:29,6,3,27.5,72.4,1.6,379.8,light,turn_on
2026-05-13 15:13:57,15,2,32.9,57.4,76.7,478.4,fan,turn_on
2026-05-14 07:48:45,7,3,33.2,65.9,73.8,854.7,fan,turn_on
2026-05-14 05:43:57,5,3,28.4,72.5,6.2,358.8,light,turn_on
2026-05-13 12:15:27,12,2,34.1,62.5,77.9,444.4,light,turn_off
2026-05-14 05:42:27,5,3,28.4,71.9,4.7,337.2,light,turn_on
2026-05-13 18:20:58,18,2,30.1,63.5,34.1,465.8,fan,turn_on
2026-05-14 01:32:48,1,3,28.2,75.9,4.7,264.5,fan,turn_off
2026-05-13 13:10:16,13,2,33.3,60.7,82.8,491.9,light,turn_off
2026-05-07 08:27:10,8,3,33.8,60.1,83.0,429.0,light,turn_off
2026-05-14 03:48:22,3,3,27.1,76.3,4.1,300.2,fan,turn_on
2026-05-14 05:35:52,5,3,28.5,72.0,4.1,359.0,light,turn_on
2026-05-13 13:15:59,13,2,33.5,60.7,77.5,491.9,fan,turn_on
2026-05-13 17:56:40,17,2,31.8,63.6,31.2,434.0,fan,turn_on
2026-05-13 13:52:50,13,2,33.2,62.5,83.1,517.4,light,turn_off
2026-05-13 12:56:51,12,2,33.1,60.7,74.5,520.8,fan,turn_on
2026-05-13 03:53:33,3,2,27.2,74.9,1.2,254.6,fan,turn_off
2026-05-13 20:33:09,20,2,31.1,64.3,27.2,439.3,light,turn_on
2026-05-14 01:26:12,1,3,27.5,75.1,4.2,267.2,fan,turn_off
2026-05-13 01:00:15,1,2,27.9,83.1,1.0,292.5,light,turn_on
2026-05-13 14:55:34,14,2,33.0,60.6,74.6,518.6,light,turn_off
2026-05-13 02:49:50,2,2,27.4,74.3,4.6,306.5,fan,turn_off
2026-05-13 16:38:22,16,2,35.2,61.2,87.9,493.9,light,turn_off
2026-05-13 13:42:45,13,2,33.5,62.1,76.9,548.6,fan,turn_off
2026-05-13 00:32:21,0,2,27.3,80.6,2.9,306.2,fan,turn_off
2026-05-14 01:22:28,1,3,27.9,75.5,1.0,299.9,fan,turn_off
2026-05-13 16:07:20,16,2,35.1,57.5,83.1,502.8,fan,turn_on
2026-05-13 22:54:45,22,2,28.0,74.7,2.9,302.1,light,turn_on
2026-05-14 02:03:25,2,3,28.5,75.0,4.7,254.2,light,turn_on
2026-05-13 20:16:46,20,2,31.7,62.0,32.8,413.0,fan,turn_off
2026-05-13 11:46:23,11,2,33.2,64.1,86.3,538.7,fan,turn_on
2026-05-13 11:38:21,11,2,33.3,61.9,86.0,583.0,fan,turn_on
2026-05-13 22:29:04,22,2,28.7,71.6,1.8,288.6,fan,turn_off
2026-05-14 00:35:24,0,3,26.6,78.5,3.8,290.5,fan,turn_off
2026-05-13 19:03:54,19,2,30.2,65.5,22.4,421.9,fan,turn_off
2026-05-14 06:48:11,6,3,27.4,72.4,2.2,355.1,light,turn_on
2026-05-13 13:48:42,13,2,33.0,62.2,81.0,493.0,light,turn_off
2026-05-13 13:54:16,13,2,33.3,62.9,77.7,517.5,light,turn_off
2026-05-13 22:23:26,22,2,29.0,72.3,1.0,277.3,fan,turn_off
2026-05-14 05:36:51,5,3,28.4,72.0,2.9,360.3,light,turn_on
2026-05-13 12:31:42,12,2,33.4,61.1,81.1,535.8,light,turn_off
2026-05-13 20:15:56,20,2,31.7,61.4,32.3,388.5,fan,turn_on
2026-05-14 01:06:47,1,3,27.5,75.8,1.0,317.2,fan,turn_off
2026-05-13 22:39:21,22,2,28.7,72.4,5.0,314.7,fan,turn_on
2026-05-13 10:48:25,10,2,33.2,64.5,82.6,545.5,fan,turn_on
2026-05-13 13:20:12,13,2,33.5,61.3,80.1,536.0,fan,turn_off
2026-05-13 10:34:21,10,2,33.9,61.3,85.3,505.8,light,turn_off
2026-05-13 23:31:11,23,2,28.9,76.2,5.0,292.1,light,turn_on
2026-05-13 21:21:20,21,2,28.9,73.0,2.1,292.7,fan,turn_off
2026-05-13 18:51:33,18,2,31.1,65.6,24.3,411.9,fan,turn_on
2026-05-14 06:55:28,6,3,26.9,73.5,5.0,323.8,light,turn_on
2026-05-13 05:08:41,5,2,27.4,75.1,7.3,373.2,light,turn_on
2026-05-13 02:41:24,2,2,28.1,75.4,2.9,296.3,fan,turn_off
2026-05-13 02:31:49,2,2,28.9,74.7,3.2,260.7,fan,turn_on
2026-05-13 21:01:17,21,2,31.5,64.7,2.5,382.5,light,turn_on
2026-05-13 00:18:14,0,2,27.2,80.5,1.0,277.3,light,turn_on
2026-05-13 18:26:34,18,2,29.7,64.5,25.8,430.3,fan,turn_on
2026-05-13 06:21:41,6,2,27.6,71.2,4.1,339.0,fan,turn_off
2026-05-14 01:32:48,1,3,28.2,75.9,4.7,264.5,light,turn_on
2026-05-14 02:42:47,2,3,29.0,74.1,1.8,276.2,light,turn_on
2026-05-13 17:42:16,17,2,31.9,64.0,33.7,443.7,light,turn_on
2026-05-14 06:23:22,6,3,28.5,70.9,2.9,341.8,fan,turn_on
2026-05-13 19:14:36,19,2,30.2,65.2,28.4,437.5,fan,turn_on
2026-05-13 18:43:45,18,2,30.5,64.8,23.9,416.6,fan,turn_off
2026-05-13 07:37:54,7,2,32.6,69.3,74.0,1283.3,light,turn_off
2026-05-13 17:07:17,17,2,33.2,64.2,31.4,406.5,light,turn_on
2026-05-13 14:17:01,14,2,33.5,61.4,79.0,507.6,fan,turn_off
2026-05-14 05:32:27,5,3,28.3,71.4,3.7,389.6,light,turn_on
2026-05-13 05:42:20,5,2,28.1,73.9,4.6,361.8,light,turn_on
2026-05-14 07:42:01,7,3,33.1,66.4,71.8,2618.0,fan,turn_on
2026-05-14 03:01:24,3,3,28.9,73.6,2.6,282.6,fan,turn_on
2026-05-13 12:54:49,12,2,32.9,60.7,74.7,511.0,light,turn_off
2026-05-13 06:37:25,6,2,27.6,72.7,4.2,369.2,fan,turn_on
2026-05-14 08:12:48,8,3,33.8,70.0,78.2,542.6,light,turn_off
2026-05-13 20:56:33,20,2,31.6,64.3,24.9,452.9,fan,turn_on
2026-05-13 05:48:36,5,2,28.2,72.7,6.1,361.5,light,turn_on
2026-05-13 09:07:05,9,2,34.1,64.0,81.7,888.6,light,turn_off
2026-05-13 17:43:48,17,2,31.7,63.9,29.4,432.2,light,turn_off
2026-05-14 00:12:27,0,3,27.6,77.9,3.2,289.7,fan,turn_off
2026-05-14 04:04:16,4,3,27.3,74.6,1.7,350.2,fan,turn_off
2026-05-14 01:55:37,1,3,28.8,75.1,1.0,284.5,fan,turn_off
2026-05-14 01:29:08,1,3,27.7,75.1,3.3,333.9,fan,turn_off
2026-05-13 22:22:09,22,2,29.1,72.1,2.5,273.9,light,turn_on
2026-05-13 19:35:18,19,2,29.8,66.2,28.5,427.4,light,turn_on
2026-05-14 07:25:51,7,3,32.3,67.0,74.1,3407.0,light,turn_off
2026-05-13 11:06:26,11,2,33.6,62.6,83.4,516.9,light,turn_on
2026-05-13 00:40:26,0,2,27.3,81.1,3.9,274.0,fan,turn_off
2026-05-13 01:40:18,1,2,28.2,78.9,1.9,271.1,fan,turn_off
2026-05-14 01:15:58,1,3,27.7,77.1,1.3,285.6,light,turn_on
2026-05-14 00:37:41,0,3,26.6,79.1,3.9,273.7,light,turn_on
2026-05-13 14:00:09,14,2,33.2,62.5,75.7,525.8,light,turn_off
2026-05-13 09:38:22,9,2,33.0,63.6,89.6,598.4,fan,turn_on
2026-05-13 04:40:12,4,2,27.1,76.2,5.0,405.0,fan,turn_off
2026-05-14 01:53:33,1,3,28.7,74.4,1.5,274.1,fan,turn_off
2026-05-13 15:40:19,15,2,35.1,59.0,74.0,481.2,light,turn_off
2026-05-13 15:55:26,15,2,35.5,59.4,86.1,502.6,fan,turn_on
2026-05-14 05:43:57,5,3,28.4,72.5,6.2,358.8,fan,turn_on
2026-05-13 01:28:49,1,2,28.9,78.6,1.0,276.8,light,turn_on
2026-05-13 12:03:44,12,2,33.7,62.2,84.5,475.0,light,turn_off
2026-05-14 02:56:57,2,3,28.7,74.0,1.3,300.2,fan,turn_on
2026-05-14 00:54:53,0,3,27.8,76.4,2.2,280.8,light,turn_on
2026-05-14 09:00:02,9,3,34.3,65.3,75.0,647.6,light,turn_off
2026-05-13 06:28:28,6,2,27.9,70.9,4.3,337.2,light,turn_on
2026-05-14 05:03:43,5,3,28.1,72.2,3.9,372.2,light,turn_off
2026-05-13 21:49:26,21,2,28.2,72.4,2.3,293.2,light,turn_on
2026-05-12 03:12:10,3,1,0.0,0.0,61.0,0.0,light,turn_on
2026-05-13 19:34:33,19,2,29.7,66.1,27.8,438.6,light,turn_on
2026-05-13 17:57:36,17,2,31.7,63.6,31.5,445.9,light,turn_on
2026-05-13 01:29:19,1,2,28.9,78.7,2.1,290.8,light,turn_on
2026-05-13 17:50:16,17,2,31.7,64.1,29.4,408.2,fan,turn_on
2026-05-13 08:04:20,8,2,33.6,69.5,70.6,611.0,fan,turn_off
2026-05-13 15:37:17,15,2,35.0,58.5,80.7,489.5,fan,turn_on
2026-05-13 06:46:14,6,2,27.7,73.7,3.1,375.3,fan,turn_off
2026-05-13 08:07:19,8,2,33.8,68.0,73.6,4011.8,light,turn_off
2026-05-13 22:03:11,22,2,28.0,73.0,1.7,291.1,fan,turn_off
2026-05-13 23:07:42,23,2,28.6,74.6,1.5,265.9,light,turn_on
2026-05-14 02:47:56,2,3,29.0,74.9,2.3,282.4,fan,turn_off
2026-05-13 01:34:17,1,2,28.3,78.6,1.5,289.1,fan,turn_off
2026-05-13 11:19:05,11,2,33.1,62.1,87.7,525.2,light,turn_off
2026-05-13 04:56:48,4,2,27.6,76.4,3.3,346.4,fan,turn_on
2026-05-13 04:10:44,4,2,27.4,75.4,5.0,367.6,light,turn_on
2026-05-14 05:06:37,5,3,28.3,72.6,4.0,381.0,fan,turn_on
2026-05-13 19:29:20,19,2,29.3,67.3,25.9,414.6,light,turn_on
2026-05-13 14:52:09,14,2,33.1,60.7,75.5,540.2,fan,turn_on
2026-05-13 21:21:58,21,2,29.0,72.5,2.8,282.6,fan,turn_off
2026-05-13 19:25:28,19,2,29.8,65.8,24.2,427.8,fan,turn_on
2026-05-14 08:40:12,8,3,33.8,66.9,77.7,562.5,light,turn_off
2026-05-13 18:29:25,18,2,29.5,65.7,28.6,435.7,fan,turn_on
2026-05-13 19:29:51,19,2,29.4,67.3,21.8,439.2,fan,turn_on
2026-05-13 18:44:08,18,2,30.4,65.0,22.5,405.3,light,turn_on
2026-05-14 06:53:11,6,3,27.3,73.5,5.6,347.6,fan,turn_off
2026-05-13 19:22:18,19,2,29.9,65.0,20.9,467.1,light,turn_on
2026-05-13 18:50:54,18,2,30.9,65.5,25.1,441.1,fan,turn_off
2026-05-14 06:05:45,6,3,27.9,71.6,2.5,350.5,light,turn_on
2026-05-13 16:19:44,16,2,35.2,59.1,76.2,494.3,fan,turn_on
2026-05-13 03:35:26,3,2,27.8,73.4,1.0,277.1,fan,turn_off
2026-05-14 00:39:25,0,3,27.1,78.7,3.4,312.1,fan,turn_on
2026-05-13 15:19:35,15,2,33.7,57.2,70.3,501.3,fan,turn_on
2026-05-13 03:29:02,3,2,27.3,73.5,4.9,294.9,light,turn_on
2026-05-13 14:12:27,14,2,33.5,61.3,78.3,524.8,light,turn_off
2026-05-14 01:39:14,1,3,28.4,75.4,4.2,283.6,light,turn_on
2026-05-13 22:13:06,22,2,28.5,72.8,5.0,295.3,fan,turn_off
2026-05-13 11:36:56,11,2,33.1,61.5,88.3,533.1,light,turn_off
2026-05-13 01:44:46,1,2,28.2,78.3,4.4,304.4,light,turn_on
2026-05-13 19:54:12,19,2,30.9,63.7,35.3,429.2,fan,turn_on
2026-05-14 07:08:06,7,3,29.2,69.7,72.9,3636.9,light,turn_off
2026-05-13 11:24:45,11,2,33.1,62.4,87.9,508.8,fan,turn_on
2026-05-13 02:30:09,2,2,28.9,75.1,1.1,252.2,fan,turn_off
2026-05-13 19:27:05,19,2,29.7,66.7,25.8,420.6,light,turn_on
2026-05-13 02:43:43,2,2,27.7,74.6,1.0,288.7,fan,turn_off
2026-05-13 04:37:56,4,2,27.0,75.7,1.1,378.1,light,turn_on
2026-05-13 01:05:51,1,2,27.4,83.0,3.6,268.0,fan,turn_off
2026-05-13 03:45:47,3,2,27.0,76.0,2.4,289.1,light,turn_on
2026-05-13 22:34:09,22,2,28.9,72.0,2.2,301.1,light,turn_on
2026-05-13 09:06:32,9,2,34.2,63.8,80.8,936.6,light,turn_off
2026-05-13 02:32:19,2,2,28.7,75.1,1.3,257.9,light,turn_on
2026-05-14 08:29:28,8,3,33.2,67.8,77.3,2557.9,light,turn_off
2026-05-13 00:52:34,0,2,27.7,83.5,2.4,295.8,fan,turn_off
2026-05-14 01:03:41,1,3,27.5,76.7,1.1,318.9,light,turn_on
2026-05-13 01:29:56,1,2,28.7,78.9,1.1,284.9,light,turn_on
2026-05-13 23:27:09,23,2,28.8,76.6,3.4,256.6,fan,turn_off
2026-05-13 07:01:50,7,2,28.4,72.4,38.4,2601.7,fan,turn_off
2026-05-14 06:47:29,6,3,27.2,72.2,2.6,363.6,light,turn_off
2026-05-13 16:03:26,16,2,34.9,58.3,80.1,501.0,light,turn_off
2026-05-14 08:17:28,8,3,33.8,69.4,75.3,505.9,light,turn_off
2026-05-13 07:27:20,7,2,32.5,67.2,75.0,513.2,light,turn_off
2026-05-14 05:29:05,5,3,27.7,71.1,6.1,357.4,light,turn_on
2026-05-13 13:09:30,13,2,33.3,61.3,82.5,491.3,light,turn_off
2026-05-13 18:27:17,18,2,29.7,64.7,26.7,441.3,fan,turn_on
2026-05-14 04:25:54,4,3,28.0,73.3,5.0,352.2,light,turn_on
2026-05-13 06:56:27,6,2,27.7,74.6,3.3,350.1,fan,turn_on
2026-05-14 04:14:43,4,3,27.7,73.3,4.5,396.2,light,turn_on
2026-05-13 19:36:43,19,2,29.8,65.8,31.3,428.6,light,turn_on
2026-05-13 08:44:15,8,2,34.1,69.1,79.8,2816.3,fan,turn_on
2026-05-14 06:41:50,6,3,27.6,72.8,4.2,358.0,light,turn_on
2026-05-13 21:52:35,21,2,28.4,72.0,3.7,266.3,fan,turn_off
2026-05-13 06:15:13,6,2,27.9,70.9,1.0,381.3,light,turn_on
2026-05-13 11:50:15,11,2,33.2,64.5,86.6,543.7,light,turn_off
2026-05-13 13:18:25,13,2,33.6,60.6,84.4,519.7,light,turn_off
2026-05-13 08:27:29,8,2,34.1,69.4,70.8,572.4,light,turn_off
2026-05-14 02:56:07,2,3,28.7,74.0,2.0,289.1,light,turn_on
2026-05-14 09:13:48,9,3,33.5,62.7,83.7,557.4,fan,turn_on
2026-05-13 01:17:58,1,2,28.2,80.4,4.7,236.6,fan,turn_off
2026-05-14 07:02:46,7,3,27.7,71.4,55.7,447.4,fan,turn_off
2026-05-13 11:01:48,11,2,33.5,63.9,86.4,513.6,light,turn_on
2026-05-13 00:16:24,0,2,27.1,80.0,1.4,286.4,fan,turn_off
2026-05-14 03:18:41,3,3,27.7,76.3,5.0,280.8,light,turn_on
2026-05-13 08:31:34,8,2,34.3,69.4,76.2,514.1,fan,turn_on
2026-05-13 00:55:58,0,2,27.5,83.9,3.9,293.8,fan,turn_off
2026-05-14 05:20:28,5,3,28.3,71.0,2.5,370.2,light,turn_on
2026-05-13 01:53:53,1,2,28.9,78.2,3.6,302.2,fan,turn_on
2026-05-13 07:36:53,7,2,32.7,69.1,75.9,1688.4,light,turn_off
2026-05-14 07:22:54,7,3,32.1,66.0,72.0,1163.2,light,turn_off
2026-05-13 21:17:25,21,2,28.8,72.7,4.1,305.3,fan,turn_off
2026-05-13 22:24:48,22,2,28.6,72.4,1.1,278.2,light,turn_on
2026-05-13 11:27:31,11,2,33.3,62.0,89.3,564.3,fan,turn_on
2026-05-13 07:05:47,7,2,29.2,69.7,64.5,1444.7,fan,turn_on
2026-05-14 02:13:48,2,3,28.2,73.6,3.9,267.3,fan,turn_off
2026-05-13 01:53:22,1,2,29.0,77.8,2.4,323.5,fan,turn_on
2026-05-13 07:10:48,7,2,30.1,69.1,69.8,3200.3,fan,turn_on
2026-05-14 08:55:08,8,3,34.1,66.1,76.7,1124.5,fan,turn_on
2026-05-13 05:00:28,5,2,27.6,76.0,4.6,337.4,fan,turn_off
2026-05-14 07:49:58,7,3,33.2,66.2,73.7,702.8,fan,turn_off
2026-05-14 06:38:35,6,3,27.8,72.7,5.1,333.4,fan,turn_off
2026-05-14 01:23:28,1,3,27.7,75.4,2.3,297.9,fan,turn_off
2026-05-14 06:33:08,6,3,28.1,73.5,5.4,320.6,fan,turn_off
2026-05-13 03:19:46,3,2,27.0,72.1,1.0,267.5,light,turn_on
2026-05-07 08:17:00,8,3,33.7,59.3,80.0,441.0,fan,turn_on
2026-05-14 04:57:18,4,3,28.2,71.4,2.3,358.9,fan,turn_off
2026-05-14 06:42:46,6,3,27.6,72.5,3.9,368.5,fan,turn_off
2026-05-13 00:58:09,0,2,27.8,82.7,4.2,317.2,fan,turn_off
2026-05-13 14:44:01,14,2,33.1,61.6,83.9,534.6,fan,turn_on
2026-05-14 03:09:24,3,3,28.3,75.6,2.3,310.5,light,turn_on
2026-05-13 06:05:09,6,2,28.1,72.1,7.8,373.1,light,turn_off
2026-05-13 08:05:33,8,2,33.7,68.9,71.7,585.6,fan,turn_on
2026-05-13 23:11:16,23,2,28.8,75.4,3.4,319.1,fan,turn_off
2026-05-13 00:31:05,0,2,27.3,81.1,2.9,311.0,fan,turn_off
2026-05-13 03:54:01,3,2,27.1,74.8,2.4,252.4,light,turn_on
2026-05-13 15:57:46,15,2,35.4,59.1,83.7,531.6,light,turn_off
2026-05-14 07:50:42,7,3,33.1,66.2,73.5,680.1,fan,turn_on
2026-05-13 12:23:02,12,2,33.9,62.6,72.3,465.9,light,turn_off
2026-05-13 21:20:43,21,2,28.9,73.5,2.0,299.4,light,turn_on
2026-05-14 04:43:27,4,3,27.9,74.2,3.7,363.2,light,turn_on
2026-05-13 13:00:57,13,2,33.1,60.0,77.2,513.3,light,turn_off
2026-05-13 19:42:37,19,2,30.3,64.6,33.8,436.6,light,turn_on
2026-05-13 04:23:03,4,2,27.6,76.6,4.7,379.0,fan,turn_off
2026-05-13 10:28:56,10,2,33.5,61.8,86.4,549.2,light,turn_off
2026-05-07 07:57:05,7,3,33.9,58.2,76.0,3063.0,fan,turn_on
2026-05-14 00:34:05,0,3,26.6,77.8,1.5,291.9,fan,turn_off
2026-05-13 03:12:19,3,2,26.9,72.9,4.9,232.9,light,turn_on
2026-05-14 01:10:27,1,3,27.5,76.1,4.7,301.7,fan,turn_off
2026-05-14 00:27:39,0,3,27.2,77.4,2.7,285.4,fan,turn_off
2026-05-13 08:06:23,8,2,33.6,68.3,72.6,2890.6,fan,turn_on
2026-05-14 01:11:56,1,3,27.6,76.7,5.0,312.0,light,turn_on
2026-05-13 14:40:24,14,2,33.8,61.1,80.4,537.4,light,turn_off
2026-05-14 05:14:50,5,3,28.6,72.3,4.0,392.2,light,turn_off
2026-05-12 03:06:05,3,1,33.0,58.1,65.0,494.0,light,turn_on
2026-05-14 02:19:36,2,3,27.8,75.2,1.0,241.2,light,turn_on
2026-05-13 07:10:21,7,2,30.0,69.4,69.7,3889.4,light,turn_off
2026-05-13 16:52:48,16,2,34.7,59.9,83.9,517.4,fan,turn_on
2026-05-13 13:15:59,13,2,33.5,60.7,77.5,491.9,light,turn_off
2026-05-13 18:40:11,18,2,30.0,65.4,29.2,458.1,light,turn_on
2026-05-14 04:38:29,4,3,28.2,73.2,2.8,359.3,light,turn_on
2026-05-13 10:36:31,10,2,33.7,61.1,83.2,542.6,fan,turn_on
2026-05-13 17:09:11,17,2,32.7,64.8,28.6,442.2,fan,turn_on
2026-05-14 06:21:20,6,3,28.6,70.2,4.6,341.5,fan,turn_on
2026-05-13 04:42:47,4,2,27.2,76.0,4.9,394.2,light,turn_on
2026-05-13 13:28:16,13,2,33.8,61.3,83.2,508.9,light,turn_off
2026-05-14 03:49:26,3,3,27.1,76.2,3.2,278.4,light,turn_on
2026-05-13 16:12:11,16,2,35.1,58.3,78.6,513.9,fan,turn_on
2026-05-13 20:07:14,20,2,31.8,63.3,33.8,488.1,fan,turn_on
2026-05-14 03:11:07,3,3,28.3,75.4,2.5,334.9,fan,turn_on
2026-05-14 08:43:59,8,3,34.0,67.5,71.6,533.7,light,turn_off
2026-05-13 18:02:02,18,2,31.4,63.6,35.5,436.1,fan,turn_on
2026-05-13 21:46:09,21,2,28.2,72.5,4.1,280.1,light,turn_on
2026-05-13 15:29:08,15,2,34.6,58.1,83.0,529.6,light,turn_off
2026-05-13 22:09:29,22,2,28.2,72.9,1.0,268.6,light,turn_on
2026-05-14 02:35:59,2,3,28.8,75.2,3.3,282.3,fan,turn_off
2026-05-13 04:27:58,4,2,27.2,75.9,3.6,396.2,fan,turn_on
2026-05-13 07:36:53,7,2,32.7,69.1,75.9,1688.4,fan,turn_on
2026-05-13 03:38:30,3,2,27.3,75.3,3.9,272.9,light,turn_on
2026-05-14 05:29:05,5,3,27.7,71.1,6.1,357.4,fan,turn_off
2026-05-13 11:57:11,11,2,33.6,64.5,81.5,547.1,fan,turn_on
2026-05-13 22:58:16,22,2,28.0,74.4,3.2,335.7,fan,turn_off
2026-05-13 21:28:53,21,2,29.1,72.4,5.0,287.2,light,turn_on
2026-05-13 04:01:16,4,2,27.1,75.4,4.0,309.1,fan,turn_off
2026-05-13 01:15:23,1,2,28.1,81.4,5.0,264.1,fan,turn_off
2026-05-14 02:47:36,2,3,28.9,74.9,1.3,299.9,light,turn_on
2026-05-14 06:26:20,6,3,28.5,71.0,4.8,369.4,light,turn_on
2026-05-14 08:34:32,8,3,33.3,67.1,74.5,947.1,light,turn_off
2026-05-13 16:58:42,16,2,34.9,61.2,83.0,471.7,fan,turn_on
2026-05-13 01:40:18,1,2,28.2,78.9,1.9,271.1,light,turn_on
2026-05-13 22:16:02,22,2,28.7,72.2,1.5,298.3,fan,turn_off
2026-05-14 07:57:03,7,3,33.6,68.5,73.2,3333.6,light,turn_off
2026-05-13 15:33:19,15,2,35.1,58.6,81.5,569.4,light,turn_off
2026-05-13 07:19:40,7,2,32.0,67.1,72.9,623.1,light,turn_off
2026-05-13 19:26:05,19,2,29.7,66.3,24.9,408.5,fan,turn_off
2026-05-13 05:45:38,5,2,28.1,73.5,5.1,341.4,light,turn_on
2026-05-13 21:09:13,21,2,30.1,70.0,1.2,315.0,light,turn_on
2026-05-13 19:55:51,19,2,31.0,63.2,30.6,410.5,fan,turn_off
2026-05-14 01:36:23,1,3,28.3,75.3,4.7,283.2,fan,turn_on
2026-05-13 12:19:34,12,2,33.9,62.9,79.4,458.1,fan,turn_on
2026-05-13 11:20:25,11,2,33.0,61.9,85.3,503.9,light,turn_off
2026-05-13 07:08:55,7,2,29.7,69.1,69.7,3100.5,fan,turn_on
2026-05-14 03:41:01,3,3,27.5,75.3,2.6,288.5,fan,turn_off
2026-05-13 06:24:11,6,2,27.8,71.0,3.7,343.2,fan,turn_off
2026-05-13 12:36:51,12,2,33.8,60.6,84.4,507.8,light,turn_off
2026-05-13 08:54:36,8,2,34.3,69.2,76.8,562.3,light,turn_off
2026-05-13 13:29:05,13,2,33.9,61.7,78.6,483.8,light,turn_off
2026-05-13 17:24:22,17,2,31.7,62.3,30.0,442.4,light,turn_on
2026-05-13 09:03:47,9,2,33.8,64.7,80.5,1447.0,light,turn_off
2026-05-14 08:41:33,8,3,33.9,67.0,75.3,541.7,fan,turn_on
2026-05-14 06:33:32,6,3,27.9,73.5,7.2,309.3,light,turn_on
2026-05-13 01:36:08,1,2,28.3,78.3,1.8,274.0,fan,turn_on
2026-05-14 02:56:07,2,3,28.7,74.0,2.0,289.1,fan,turn_off
2026-05-14 08:25:46,8,3,33.7,68.5,73.0,538.9,light,turn_off
2026-05-14 04:36:00,4,3,28.5,73.1,5.0,371.6,light,turn_on
2026-05-14 05:19:22,5,3,28.3,70.5,2.7,374.3,light,turn_on
2026-05-13 17:44:40,17,2,31.7,63.9,24.0,427.3,fan,turn_on
2026-05-13 19:43:13,19,2,30.1,64.4,31.7,450.2,fan,turn_off
2026-05-13 06:56:27,6,2,27.7,74.6,3.3,350.1,light,turn_on
2026-05-13 22:30:28,22,2,28.9,72.4,1.0,288.5,fan,turn_off
2026-05-13 17:07:56,17,2,33.0,64.7,27.6,433.3,fan,turn_on
2026-05-13 22:29:31,22,2,28.9,72.3,1.0,287.2,light,turn_on
2026-05-13 12:04:44,12,2,33.6,62.1,84.9,504.4,fan,turn_on
2026-05-13 03:05:45,3,2,27.1,72.9,5.0,280.9,fan,turn_off
2026-05-14 04:26:22,4,3,28.0,73.7,3.6,365.8,fan,turn_off
2026-05-13 12:08:34,12,2,33.8,61.1,81.3,477.6,fan,turn_on
2026-05-13 14:10:01,14,2,33.4,61.3,87.3,477.2,fan,turn_off
2026-05-13 06:53:52,6,2,27.5,74.4,1.5,377.4,light,turn_on
2026-05-13 22:45:59,22,2,28.2,73.0,5.0,315.3,light,turn_on
2026-05-13 10:02:50,10,2,33.3,64.8,86.2,563.0,fan,turn_on
2026-05-12 03:36:35,3,1,33.2,55.9,64.0,445.0,fan,turn_on
2026-05-14 09:13:13,9,3,33.4,62.7,85.5,579.2,fan,turn_on
2026-05-13 23:27:35,23,2,28.8,76.5,3.6,262.2,fan,turn_off
2026-05-13 19:45:01,19,2,30.3,64.4,35.3,451.4,light,turn_on
2026-05-13 12:36:51,12,2,33.8,60.6,84.4,507.8,fan,turn_on
2026-05-13 17:52:44,17,2,31.8,63.9,30.8,411.8,light,turn_on
2026-05-13 12:17:11,12,2,34.1,62.2,77.0,477.9,fan,turn_on
2026-05-14 08:13:20,8,3,34.0,69.7,75.4,553.4,fan,turn_on
2026-05-12 03:05:35,3,1,33.0,58.4,64.0,501.0,fan,turn_on
2026-05-14 03:33:07,3,3,27.8,75.2,4.9,263.2,fan,turn_off
2026-05-13 14:41:37,14,2,33.5,61.2,77.7,565.0,fan,turn_on
2026-05-13 01:08:44,1,2,27.8,82.8,1.0,288.4,fan,turn_off
2026-05-13 11:41:46,11,2,33.4,62.7,86.3,529.2,light,turn_off
2026-05-13 07:39:37,7,2,32.6,69.1,77.4,1013.1,light,turn_off
2026-05-14 07:47:03,7,3,32.9,66.1,74.8,1204.8,fan,turn_on
2026-05-13 22:29:31,22,2,28.9,72.3,1.0,287.2,fan,turn_on
2026-05-13 04:13:21,4,2,27.7,75.3,2.9,348.5,light,turn_on
2026-05-13 11:42:15,11,2,33.5,62.8,85.8,551.2,light,turn_off
2026-05-13 17:23:53,17,2,31.9,62.4,29.8,420.8,light,turn_on
2026-05-14 07:51:41,7,3,33.3,66.4,78.3,631.0,light,turn_off
2026-05-13 22:19:52,22,2,28.9,72.8,1.6,269.5,fan,turn_on
2026-05-13 23:56:48,23,2,27.6,77.3,3.9,295.1,light,turn_on
2026-05-14 00:17:56,0,3,27.0,78.3,1.7,278.7,light,turn_on
2026-05-13 09:21:02,9,2,33.6,63.8,89.5,581.7,fan,turn_on
2026-05-13 08:23:21,8,2,33.9,69.2,71.3,613.2,fan,turn_on
2026-05-13 17:55:56,17,2,32.0,63.1,28.7,415.0,light,turn_on
2026-05-13 17:02:58,17,2,34.1,62.2,42.0,478.2,fan,turn_on
2026-05-14 03:04:41,3,3,28.7,74.4,4.8,294.2,fan,turn_off
2026-05-14 00:22:22,0,3,26.8,77.9,5.0,292.8,fan,turn_off
2026-05-13 18:30:19,18,2,29.7,65.5,26.9,414.0,fan,turn_off
2026-05-13 00:05:45,0,2,27.4,79.3,1.4,292.9,fan,turn_off
2026-05-13 02:53:19,2,2,27.3,75.3,1.7,304.5,light,turn_on
2026-05-14 07:49:05,7,3,33.2,65.7,73.3,769.4,light,turn_off
2026-05-14 03:59:31,3,3,27.4,74.1,2.3,234.0,light,turn_on
2026-05-13 05:23:12,5,2,28.2,73.8,6.4,375.2,light,turn_on
2026-05-13 05:06:38,5,2,27.4,75.8,5.4,371.2,light,turn_on
2026-05-14 03:41:48,3,3,27.4,75.5,1.1,295.1,fan,turn_off
2026-05-13 14:27:27,14,2,33.0,62.9,84.2,444.6,light,turn_off
2026-05-14 06:18:38,6,3,28.3,70.3,3.5,352.6,fan,turn_off
2026-05-13 11:14:19,11,2,33.6,61.6,88.8,560.8,fan,turn_on
2026-05-14 02:54:07,2,3,29.1,74.4,1.4,279.4,fan,turn_on
2026-05-14 03:37:38,3,3,27.6,76.0,2.3,298.1,fan,turn_off
2026-05-14 01:57:47,1,3,28.8,75.4,1.0,277.6,fan,turn_on
2026-05-13 10:51:16,10,2,33.1,64.7,83.6,581.3,light,turn_off
2026-05-14 04:43:27,4,3,27.9,74.2,3.7,363.2,fan,turn_off
2026-05-13 08:26:47,8,2,34.2,69.4,72.2,587.0,light,turn_off
2026-05-13 06:59:48,6,2,27.8,74.0,9.2,397.6,light,turn_on
2026-05-14 08:38:32,8,3,33.7,67.1,76.9,598.3,fan,turn_on
2026-05-14 02:02:50,2,3,28.6,74.8,4.3,262.3,light,turn_on
2026-05-13 23:15:26,23,2,28.7,76.0,4.5,283.5,fan,turn_off
2026-05-13 04:36:40,4,2,27.3,76.0,2.6,366.7,light,turn_on
2026-05-14 02:45:04,2,3,28.9,74.8,3.2,288.8,light,turn_on
2026-05-13 10:47:45,10,2,33.3,64.3,85.3,566.3,fan,turn_off
2026-05-13 03:14:42,3,2,27.1,71.5,4.9,287.5,fan,turn_on
2026-05-13 12:29:39,12,2,33.4,62.6,73.3,475.5,light,turn_off
2026-05-13 19:33:33,19,2,29.7,66.6,27.4,459.6,light,turn_on
2026-05-13 16:50:40,16,2,34.9,60.0,86.1,464.1,fan,turn_on
2026-05-14 07:33:07,7,3,32.2,68.4,71.7,1333.6,fan,turn_on
2026-05-13 14:57:14,14,2,33.1,59.6,75.9,555.7,light,turn_off
2026-05-13 10:28:56,10,2,33.5,61.8,86.4,549.2,fan,turn_on
2026-05-13 00:20:49,0,2,27.6,81.0,4.1,263.3,light,turn_on
2026-05-14 07:30:18,7,3,32.3,67.9,72.8,2529.8,fan,turn_on
2026-05-13 15:26:54,15,2,34.2,57.7,75.4,533.0,light,turn_off
2026-05-14 01:04:55,1,3,27.6,75.7,1.0,302.7,fan,turn_off
2026-05-13 12:31:42,12,2,33.4,61.1,81.1,535.8,fan,turn_off
2026-05-13 07:50:07,7,2,33.2,68.8,74.0,486.0,fan,turn_on
2026-05-13 17:17:22,17,2,31.7,62.7,30.6,416.2,light,turn_off
2026-05-13 19:15:31,19,2,30.1,64.9,27.9,463.8,light,turn_on
2026-05-14 04:41:57,4,3,28.3,73.5,5.0,365.7,fan,turn_on
2026-05-13 04:24:45,4,2,27.3,76.4,4.7,366.1,light,turn_on
2026-05-14 01:54:13,1,3,28.8,74.2,1.3,291.8,fan,turn_off
2026-05-13 00:16:24,0,2,27.1,80.0,1.4,286.4,light,turn_on
2026-05-13 18:56:12,18,2,31.0,64.9,26.6,445.1,light,turn_on
2026-05-13 17:23:09,17,2,32.0,62.3,33.1,437.4,fan,turn_off
2026-05-13 06:01:37,6,2,28.1,72.4,1.4,373.2,light,turn_on
2026-05-13 01:42:48,1,2,28.4,78.4,1.4,277.0,light,turn_off
2026-05-13 06:38:22,6,2,27.6,73.1,6.2,353.1,light,turn_on
2026-05-13 04:33:07,4,2,27.3,75.6,5.0,365.2,fan,turn_off
2026-05-12 03:44:30,3,1,33.4,56.1,72.0,434.0,fan,turn_off
2026-05-12 03:12:10,3,1,0.0,0.0,61.0,0.0,fan,turn_off
2026-05-13 02:39:25,2,2,28.5,75.2,3.9,286.7,fan,turn_off
2026-05-14 04:40:32,4,3,28.2,72.9,4.5,354.4,fan,turn_off
2026-05-13 15:08:12,15,2,32.9,58.4,83.2,477.7,light,turn_off
2026-05-13 22:24:26,22,2,28.8,72.4,1.8,269.5,light,turn_on
2026-05-14 04:19:18,4,3,27.9,73.5,2.9,395.9,light,turn_on
2026-05-14 02:20:02,2,3,27.9,75.0,1.4,247.8,fan,turn_off
2026-05-12 03:49:05,3,1,33.5,56.6,70.0,432.0,fan,turn_on
2026-05-13 12:06:52,12,2,33.6,61.6,85.8,448.8,light,turn_off
2026-05-13 06:31:41,6,2,27.9,71.3,6.1,362.9,light,turn_on
2026-05-13 03:42:14,3,2,27.2,76.0,2.7,292.2,fan,turn_off
2026-05-13 19:45:45,19,2,30.1,64.4,32.6,434.5,fan,turn_off
2026-05-13 04:22:12,4,2,27.7,76.7,4.0,357.1,light,turn_on
2026-05-13 15:32:39,15,2,34.9,58.5,82.3,561.8,light,turn_off
2026-05-13 19:23:12,19,2,29.9,65.6,24.7,440.9,light,turn_on
2026-05-13 12:01:19,12,2,33.6,62.7,80.4,492.0,fan,turn_on
2026-05-13 02:09:39,2,2,28.9,78.1,1.4,304.1,light,turn_on
2026-05-13 03:22:48,3,2,27.0,72.0,2.1,284.6,light,turn_on
2026-05-14 07:38:08,7,3,32.7,67.5,78.1,3028.3,fan,turn_on
2026-05-12 03:38:10,3,1,33.3,56.0,60.0,435.0,light,turn_on
2026-05-14 00:05:31,0,3,27.4,77.9,2.0,318.4,fan,turn_off
2026-05-12 03:36:40,3,1,33.2,55.9,64.0,432.0,fan,turn_off
2026-05-14 00:13:07,0,3,27.5,78.3,4.1,298.0,fan,turn_off
2026-05-13 20:15:33,20,2,31.9,61.7,32.4,399.0,fan,turn_off
2026-05-14 04:05:15,4,3,27.4,74.2,1.0,353.7,fan,turn_off
2026-05-13 03:39:19,3,2,27.1,75.3,4.6,261.8,fan,turn_off
2026-05-13 17:51:07,17,2,31.6,63.9,27.9,396.7,fan,turn_on
2026-05-13 00:03:39,0,2,27.4,78.5,4.8,301.9,light,turn_on
2026-05-14 04:04:50,4,3,27.4,74.2,1.5,366.2,fan,turn_off
2026-05-13 17:44:40,17,2,31.7,63.9,24.0,427.3,light,turn_on
2026-05-13 17:12:03,17,2,32.1,63.3,25.1,443.8,fan,turn_on
2026-05-14 01:37:37,1,3,28.5,74.9,4.1,292.2,light,turn_on
2026-05-13 01:46:58,1,2,28.7,78.3,3.7,300.8,fan,turn_off
2026-05-13 15:27:41,15,2,34.4,57.8,75.5,557.6,fan,turn_on
2026-05-13 05:38:32,5,2,28.1,74.4,2.4,347.0,fan,turn_off
2026-05-14 09:10:37,9,3,33.4,64.2,85.1,572.0,light,turn_off
2026-05-12 03:41:15,3,1,33.4,56.0,63.0,432.0,fan,turn_on
2026-05-13 21:25:08,21,2,28.7,72.1,3.0,296.3,light,turn_on
2026-05-14 00:16:13,0,3,27.0,78.7,1.5,282.1,light,turn_on
2026-05-14 09:13:48,9,3,33.5,62.7,83.7,557.4,light,turn_off
2026-05-13 21:07:22,21,2,30.4,69.0,1.0,297.2,fan,turn_off
2026-05-14 04:22:37,4,3,28.0,73.5,3.2,372.6,light,turn_on
2026-05-12 03:10:10,3,1,33.1,57.1,58.0,480.0,light,turn_on
2026-05-12 03:08:10,3,1,33.2,57.6,60.0,471.0,fan,turn_on
2026-05-13 15:17:21,15,2,33.5,57.0,80.2,513.0,light,turn_off
2026-05-13 12:35:34,12,2,33.4,61.1,81.5,524.6,light,turn_off
2026-05-14 01:30:00,1,3,27.9,75.5,5.0,323.1,fan,turn_off
2026-05-13 17:54:00,17,2,31.9,63.0,30.1,438.0,light,turn_on
2026-05-13 10:39:36,10,2,33.5,62.2,88.2,541.1,fan,turn_on
2026-05-13 09:35:09,9,2,33.3,63.2,89.1,571.9,fan,turn_on
2026-05-13 14:03:28,14,2,33.2,62.0,80.5,497.1,light,turn_off
2026-05-13 08:07:51,8,2,33.8,68.3,71.8,2766.3,light,turn_off
2026-05-13 17:50:38,17,2,31.5,64.1,28.2,400.6,light,turn_on
2026-05-13 19:24:55,19,2,29.6,66.3,27.1,458.4,fan,turn_off
2026-05-14 06:09:04,6,3,28.4,70.8,1.0,343.7,fan,turn_on
2026-05-13 15:32:02,15,2,34.7,58.3,81.1,568.1,fan,turn_on
2026-05-14 03:56:48,3,3,27.5,74.8,1.5,253.4,light,turn_on
2026-05-13 07:14:54,7,2,31.2,67.9,78.5,1042.2,light,turn_off
2026-05-13 19:30:37,19,2,29.3,67.2,26.1,436.5,light,turn_on
2026-05-13 16:28:45,16,2,34.8,60.8,79.7,518.5,fan,turn_on
2026-05-13 03:18:54,3,2,27.1,72.0,1.0,263.6,light,turn_on
2026-05-13 10:46:31,10,2,33.3,63.4,85.5,543.3,light,turn_off
2026-05-14 04:46:59,4,3,28.1,73.1,2.9,386.4,fan,turn_off
2026-05-13 11:32:18,11,2,32.9,62.5,91.3,550.9,light,turn_off
2026-05-13 17:36:30,17,2,31.8,63.2,24.5,413.6,fan,turn_on
2026-05-13 01:19:29,1,2,28.3,80.3,5.0,278.0,fan,turn_on
2026-05-13 03:32:19,3,2,27.5,73.5,1.7,305.9,fan,turn_off
2026-05-14 00:46:41,0,3,27.2,77.8,5.0,303.8,fan,turn_off
2026-05-13 18:34:07,18,2,29.7,65.9,25.7,445.1,light,turn_off
2026-05-13 19:17:06,19,2,30.0,64.1,26.8,428.4,fan,turn_on
2026-05-14 01:37:37,1,3,28.5,74.9,4.1,292.2,fan,turn_on
2026-05-13 22:40:21,22,2,28.7,72.3,5.0,316.6,fan,turn_on
2026-05-13 01:35:37,1,2,28.3,78.3,2.1,266.3,fan,turn_on
2026-05-14 04:40:32,4,3,28.2,72.9,4.5,354.4,light,turn_on
2026-05-14 02:59:50,2,3,28.7,73.1,5.0,310.4,fan,turn_off
2026-05-13 21:11:59,21,2,29.4,72.5,4.0,302.9,fan,turn_on
2026-05-13 06:12:09,6,2,27.6,72.2,2.6,378.8,light,turn_on
2026-05-13 15:58:58,15,2,35.2,58.6,85.3,477.7,fan,turn_on
2026-05-13 01:28:49,1,2,28.9,78.6,1.0,276.8,fan,turn_on
2026-05-14 06:53:11,6,3,27.3,73.5,5.6,347.6,light,turn_on
2026-05-13 02:20:34,2,2,28.9,76.9,1.7,250.8,fan,turn_off
2026-05-13 06:04:12,6,2,28.2,72.1,4.0,397.7,fan,turn_off
2026-05-13 00:50:00,0,2,27.6,82.4,4.9,270.1,light,turn_on
2026-05-13 19:47:58,19,2,30.7,63.3,35.3,466.9,light,turn_on
2026-05-14 08:54:14,8,3,33.9,66.6,77.2,1295.7,fan,turn_on
2026-05-13 19:53:24,19,2,30.7,63.5,33.1,428.6,light,turn_on
2026-05-13 11:54:53,11,2,33.2,64.5,83.6,511.4,light,turn_off
2026-05-13 02:12:33,2,2,28.5,79.1,3.2,261.9,light,turn_on
2026-05-13 04:43:18,4,2,27.1,76.4,5.0,379.8,fan,turn_off
2026-05-13 23:22:07,23,2,28.8,76.2,3.0,284.2,light,turn_on
2026-05-13 03:57:05,3,2,26.7,75.7,3.6,267.7,light,turn_on
2026-05-13 14:32:23,14,2,33.0,62.0,73.3,449.0,fan,turn_on
2026-05-13 20:26:52,20,2,31.4,63.5,26.3,434.2,light,turn_on
2026-05-14 07:54:10,7,3,33.4,67.6,77.9,3933.2,fan,turn_on
2026-05-13 06:13:04,6,2,27.9,71.2,2.2,357.5,light,turn_on
2026-05-14 02:08:49,2,3,28.4,74.1,5.0,295.5,fan,turn_off
2026-05-13 19:57:47,19,2,31.2,63.4,37.0,433.5,light,turn_on
2026-05-13 12:42:18,12,2,34.0,60.4,79.9,490.8,fan,turn_on
2026-05-13 17:59:14,17,2,31.8,62.9,25.7,449.3,fan,turn_on
2026-05-13 05:23:54,5,2,28.3,73.7,7.5,376.3,light,turn_on
2026-05-13 13:12:31,13,2,33.2,61.0,78.5,510.8,fan,turn_on
2026-05-14 02:08:49,2,3,28.4,74.1,5.0,295.5,light,turn_on
2026-05-13 16:41:23,16,2,35.3,60.7,80.1,488.2,fan,turn_on
2026-05-13 02:34:22,2,2,28.6,74.7,2.7,280.3,fan,turn_off
2026-05-13 11:40:49,11,2,33.3,62.4,87.0,555.3,fan,turn_on
2026-05-13 08:46:26,8,2,34.2,69.0,80.1,1699.3,light,turn_off
2026-05-13 13:08:04,13,2,33.3,61.2,79.6,505.3,light,turn_off
2026-05-13 13:03:05,13,2,33.1,60.6,72.4,496.9,light,turn_off
2026-05-13 16:34:48,16,2,35.2,60.6,79.1,508.4,fan,turn_on
2026-05-13 03:23:56,3,2,27.0,72.4,4.8,279.2,fan,turn_off
2026-05-14 07:59:45,7,3,33.7,68.4,71.8,1660.4,fan,turn_on
2026-05-13 13:19:22,13,2,33.6,60.8,83.3,532.9,fan,turn_on
2026-05-14 04:08:52,4,3,27.7,72.9,1.0,376.4,fan,turn_off
2026-05-13 03:51:03,3,2,27.1,75.2,3.2,272.0,light,turn_on
2026-05-13 20:23:01,20,2,31.2,62.3,22.1,426.9,light,turn_on
2026-05-13 18:02:52,18,2,31.5,63.6,38.1,421.5,light,turn_on
2026-05-14 01:36:03,1,3,28.3,74.9,5.0,258.8,light,turn_on
2026-05-13 17:06:40,17,2,33.4,64.0,30.9,431.2,fan,turn_on
2026-05-13 11:20:25,11,2,33.0,61.9,85.3,503.9,fan,turn_on
2026-05-14 00:03:31,0,3,27.5,76.9,1.0,303.9,light,turn_on
2026-05-13 02:45:28,2,2,27.4,75.1,4.0,250.5,light,turn_on
2026-05-13 20:36:51,20,2,31.0,64.1,27.0,448.2,fan,turn_off
2026-05-12 03:39:35,3,1,33.3,55.6,59.0,432.0,light,turn_on
2026-05-14 00:09:42,0,3,27.5,77.9,5.0,282.2,light,turn_on
2026-05-13 18:07:31,18,2,30.7,62.6,33.4,437.7,fan,turn_on
2026-05-13 02:26:15,2,2,28.7,76.5,5.0,279.4,light,turn_on
2026-05-13 14:49:39,14,2,33.2,60.6,72.6,534.2,fan,turn_on
2026-05-13 16:25:25,16,2,35.0,59.7,77.4,493.0,light,turn_off
2026-05-13 23:34:59,23,2,28.6,76.4,2.7,302.4,light,turn_on
2026-05-12 03:43:30,3,1,33.3,55.5,68.0,431.0,light,turn_on
2026-05-12 03:36:05,3,1,33.2,55.6,61.0,445.0,light,turn_on
2026-05-13 17:59:55,17,2,31.8,63.0,31.6,444.0,fan,turn_on
2026-05-13 11:19:05,11,2,33.1,62.1,87.7,525.2,fan,turn_on
2026-05-13 14:19:05,14,2,33.4,61.9,81.0,502.0,fan,turn_on
2026-05-14 05:17:54,5,3,28.7,70.7,3.9,399.6,fan,turn_off
2026-05-13 15:59:26,15,2,35.3,58.9,86.5,474.0,light,turn_off
2026-05-13 17:10:15,17,2,32.3,64.0,25.6,459.3,fan,turn_on
2026-05-13 22:01:39,22,2,27.9,73.5,2.8,295.6,light,turn_on
2026-05-13 05:34:48,5,2,28.3,74.0,2.9,372.6,fan,turn_off
2026-05-13 06:15:59,6,2,27.8,70.6,2.8,381.9,fan,turn_on
2026-05-12 03:47:05,3,1,33.4,56.4,69.0,435.0,fan,turn_on
2026-05-13 23:53:00,23,2,27.4,78.5,3.5,323.5,fan,turn_off
2026-05-13 13:56:30,13,2,33.1,63.0,73.6,554.8,fan,turn_on
2026-05-14 05:23:47,5,3,28.2,71.8,3.7,359.4,light,turn_on
2026-05-13 18:50:33,18,2,30.8,65.2,26.5,425.9,light,turn_on
2026-05-13 06:55:15,6,2,27.7,75.1,3.4,367.9,light,turn_on
2026-05-13 13:45:06,13,2,33.2,62.7,82.1,496.9,fan,turn_on
2026-05-13 14:32:23,14,2,33.0,62.0,73.3,449.0,light,turn_off
2026-05-14 05:56:57,5,3,28.1,73.6,4.6,350.5,light,turn_on
2026-05-13 09:44:29,9,2,33.2,63.6,87.8,534.4,fan,turn_on
2026-05-14 01:54:55,1,3,28.6,74.7,1.0,269.4,fan,turn_off
2026-05-14 03:47:01,3,3,27.1,76.8,4.3,281.4,light,turn_on
2026-05-13 12:42:56,12,2,34.1,60.1,77.2,506.6,fan,turn_on
2026-05-13 07:42:33,7,2,32.8,69.0,74.3,734.6,fan,turn_on
2026-05-14 06:44:39,6,3,27.4,72.3,3.5,358.9,fan,turn_off
2026-05-14 03:04:41,3,3,28.7,74.4,4.8,294.2,light,turn_on
2026-05-14 07:24:29,7,3,32.3,66.7,71.0,819.8,fan,turn_on
2026-05-13 02:19:04,2,2,29.0,76.6,2.4,274.6,light,turn_on
2026-05-13 01:57:12,1,2,28.8,78.2,4.7,299.9,fan,turn_on
2026-05-14 00:43:02,0,3,27.1,78.4,5.0,311.6,light,turn_on
2026-05-14 00:15:15,0,3,27.0,78.4,2.3,285.0,fan,turn_on
2026-05-14 00:22:22,0,3,26.8,77.9,5.0,292.8,light,turn_on
2026-05-13 05:56:23,5,2,28.1,72.7,1.3,346.7,light,turn_on
2026-05-13 18:31:07,18,2,29.7,65.6,27.3,436.1,light,turn_on
2026-05-14 08:53:23,8,3,33.8,66.3,75.5,1494.9,fan,turn_on
2026-05-13 22:50:21,22,2,28.3,74.1,1.6,280.6,light,turn_on
2026-05-13 01:32:13,1,2,28.5,79.4,2.6,308.9,fan,turn_on
2026-05-13 04:02:01,4,2,26.9,75.0,4.8,317.2,light,turn_on
2026-05-13 15:09:38,15,2,33.3,57.6,78.7,488.2,fan,turn_on
2026-05-14 01:09:29,1,3,27.5,76.0,3.2,296.8,light,turn_on
2026-05-13 10:42:26,10,2,33.5,62.2,93.4,555.7,light,turn_off
2026-05-14 05:40:10,5,3,28.1,72.3,8.0,350.9,fan,turn_on
2026-05-13 07:24:26,7,2,32.8,66.9,69.7,541.2,light,turn_off
2026-05-14 00:25:59,0,3,27.0,78.1,1.6,307.8,light,turn_on
2026-05-13 21:54:02,21,2,28.3,72.3,4.3,297.8,fan,turn_off
2026-05-13 17:46:19,17,2,31.6,64.2,22.2,426.7,light,turn_on
2026-05-13 06:46:49,6,2,27.7,73.8,3.6,368.4,fan,turn_off
2026-05-13 23:55:04,23,2,27.6,77.8,4.3,302.4,light,turn_on
2026-05-13 12:34:08,12,2,33.4,61.3,76.7,536.9,light,turn_off
2026-05-14 06:59:05,6,3,27.0,74.5,4.6,373.2,fan,turn_off
2026-05-13 04:57:58,4,2,27.5,76.8,1.8,351.0,light,turn_on
2026-05-13 11:42:41,11,2,33.4,62.5,84.8,534.8,light,turn_off
2026-05-14 07:22:28,7,3,32.2,66.3,74.6,1339.4,light,turn_off
2026-05-14 06:25:17,6,3,28.5,70.8,4.8,361.1,light,turn_on
2026-05-13 16:52:09,16,2,34.7,60.0,83.9,485.8,fan,turn_on
2026-05-13 09:28:10,9,2,33.8,63.7,81.9,565.2,fan,turn_on
2026-05-13 18:34:07,18,2,29.7,65.9,25.7,445.1,fan,turn_on
2026-05-13 03:54:01,3,2,27.1,74.8,2.4,252.4,fan,turn_off
2026-05-13 09:10:22,9,2,34.3,64.9,85.7,616.7,light,turn_off
2026-05-14 02:09:37,2,3,28.3,73.9,5.0,315.0,fan,turn_off
2026-05-14 06:20:52,6,3,28.5,69.8,3.2,354.8,fan,turn_off
2026-05-13 12:32:16,12,2,33.6,60.7,82.2,522.1,light,turn_off
2026-05-13 23:23:57,23,2,29.0,76.0,4.4,269.1,fan,turn_on
2026-05-14 08:11:59,8,3,33.6,69.6,74.7,574.7,light,turn_off
2026-05-13 20:35:37,20,2,31.3,63.3,26.9,450.8,fan,turn_on
2026-05-13 17:09:11,17,2,32.7,64.8,28.6,442.2,light,turn_on
2026-05-13 15:27:41,15,2,34.4,57.8,75.5,557.6,light,turn_off
2026-05-13 21:43:37,21,2,28.0,72.5,3.0,289.0,fan,turn_on
2026-05-13 07:25:50,7,2,32.9,67.0,72.3,540.7,fan,turn_on
2026-05-14 09:09:34,9,3,33.5,64.3,84.6,546.5,fan,turn_off
2026-05-13 20:13:11,20,2,31.7,62.6,30.9,421.1,light,turn_on
2026-05-13 16:53:37,16,2,34.7,59.7,85.3,525.8,light,turn_off
2026-05-14 02:39:05,2,3,28.9,75.5,4.1,318.7,fan,turn_on
2026-05-13 14:52:09,14,2,33.1,60.7,75.5,540.2,light,turn_off
2026-05-14 03:13:31,3,3,28.1,76.4,2.1,316.9,fan,turn_on
2026-05-13 21:48:26,21,2,28.0,72.6,4.5,290.0,fan,turn_off
2026-05-14 00:57:57,0,3,27.5,77.7,1.0,284.3,light,turn_on
2026-05-13 03:53:07,3,2,27.0,75.1,1.0,267.5,fan,turn_off
2026-05-14 03:07:28,3,3,28.5,75.6,5.0,269.1,fan,turn_on
2026-05-13 20:35:37,20,2,31.3,63.3,26.9,450.8,light,turn_on
2026-05-14 01:46:24,1,3,28.7,73.5,5.0,266.4,light,turn_on
2026-05-13 09:42:09,9,2,33.0,64.0,88.7,549.3,light,turn_off
2026-05-13 01:25:35,1,2,28.7,79.8,2.0,294.8,fan,turn_off
2026-05-13 07:22:14,7,2,32.7,66.6,74.4,557.9,light,turn_off
2026-05-14 06:22:05,6,3,28.7,70.6,2.3,331.4,fan,turn_on
2026-05-13 19:52:22,19,2,30.8,63.1,32.4,419.5,fan,turn_on
2026-05-13 04:16:38,4,2,27.7,76.5,3.0,349.2,light,turn_on
2026-05-13 23:24:28,23,2,28.9,76.2,3.2,259.2,fan,turn_off
2026-05-14 08:21:44,8,3,34.0,68.8,75.5,516.7,light,turn_off
2026-05-13 22:35:24,22,2,29.1,72.4,3.6,306.2,light,turn_on
2026-05-13 01:43:35,1,2,28.6,78.2,3.4,277.1,light,turn_on
2026-05-13 20:32:04,20,2,30.9,63.9,23.0,461.0,light,turn_on
2026-05-13 11:50:49,11,2,33.3,64.0,86.1,509.9,light,turn_off
2026-05-13 10:09:13,10,2,33.0,64.3,86.0,518.0,light,turn_off
2026-05-13 12:02:09,12,2,33.5,63.0,80.5,502.7,light,turn_off
2026-05-13 00:45:04,0,2,27.5,81.3,3.3,279.9,light,turn_on
2026-05-13 14:58:28,14,2,33.0,58.6,81.6,567.7,light,turn_off
2026-05-13 08:41:29,8,2,34.4,69.8,76.2,3536.2,light,turn_off
2026-05-14 04:26:44,4,3,27.8,73.5,3.7,349.3,light,turn_on
2026-05-07 08:27:40,8,3,33.8,59.70000000000001,82.0,414.0,light,turn_off
2026-05-13 00:19:33,0,2,27.4,80.8,2.5,270.6,light,turn_on
2026-05-13 07:04:30,7,2,28.9,70.4,60.8,1929.1,light,turn_off
2026-05-13 07:49:36,7,2,33.4,68.5,74.9,512.6,light,turn_off
2026-05-13 13:17:35,13,2,33.7,60.6,81.0,502.6,fan,turn_on
2026-05-13 17:21:33,17,2,31.9,62.6,32.4,425.8,light,turn_on
2026-05-14 00:28:51,0,3,27.0,77.3,2.9,268.8,light,turn_on
2026-05-13 10:06:56,10,2,33.1,64.2,82.7,525.3,fan,turn_on
2026-05-14 02:22:33,2,3,28.0,75.1,5.0,255.3,fan,turn_on
2026-05-14 07:28:11,7,3,32.2,67.6,78.9,3784.3,fan,turn_on
2026-05-12 03:35:35,3,1,33.3,56.1,66.0,439.0,fan,turn_on
2026-05-13 01:09:16,1,2,27.7,82.4,2.9,289.3,fan,turn_off
2026-05-13 15:46:38,15,2,35.2,58.4,81.0,520.5,light,turn_off
2026-05-12 03:50:10,3,1,33.5,56.9,69.0,432.0,fan,turn_on
2026-05-13 06:10:20,6,2,27.8,71.4,3.8,382.8,light,turn_on
2026-05-14 00:29:25,0,3,27.1,77.3,4.4,273.5,fan,turn_off
2026-05-14 04:24:54,4,3,28.0,72.9,3.8,369.3,light,turn_on
2026-05-14 08:45:14,8,3,34.0,67.3,72.5,531.8,light,turn_off
2026-05-13 14:51:26,14,2,33.1,60.9,77.6,544.9,fan,turn_on
2026-05-13 03:32:56,3,2,27.7,73.6,3.6,290.7,fan,turn_off
2026-05-13 06:08:23,6,2,27.9,72.0,3.6,372.6,fan,turn_off
2026-05-13 06:37:25,6,2,27.6,72.7,4.2,369.2,light,turn_on
2026-05-14 07:38:56,7,3,32.8,67.0,74.2,2524.6,light,turn_off
2026-05-14 04:09:15,4,3,27.5,72.8,2.6,361.2,fan,turn_off
2026-05-13 04:53:09,4,2,27.3,76.0,4.9,368.1,fan,turn_off
2026-05-13 19:20:24,19,2,30.0,64.9,22.9,442.0,fan,turn_on
2026-05-14 08:00:17,8,3,33.7,68.0,72.7,1434.6,light,turn_off
2026-05-13 16:50:40,16,2,34.9,60.0,86.1,464.1,light,turn_off
2026-05-13 19:21:14,19,2,30.2,65.0,20.0,464.7,light,turn_on
2026-05-13 03:52:31,3,2,27.1,75.0,1.0,283.0,fan,turn_off
2026-05-13 17:55:05,17,2,32.1,62.7,30.3,406.4,light,turn_on
2026-05-13 14:21:59,14,2,33.2,62.1,80.3,522.5,fan,turn_on
2026-05-14 00:08:36,0,3,27.4,77.6,4.8,296.5,fan,turn_off
2026-05-13 07:19:40,7,2,32.0,67.1,72.9,623.1,fan,turn_on
2026-05-14 03:25:14,3,3,27.5,75.7,2.2,248.9,light,turn_on
2026-05-13 16:07:20,16,2,35.1,57.5,83.1,502.8,light,turn_off
2026-05-13 12:30:24,12,2,33.2,62.1,78.8,504.4,fan,turn_on
2026-05-13 02:39:51,2,2,28.3,75.3,1.8,280.5,light,turn_off
2026-05-13 06:41:56,6,2,27.8,73.7,3.8,389.5,light,turn_on
2026-05-14 02:07:03,2,3,28.3,74.2,5.0,291.3,light,turn_on
2026-05-13 23:13:49,23,2,28.6,76.0,5.0,301.0,fan,turn_on
2026-05-13 01:56:27,1,2,28.9,77.6,3.0,309.7,fan,turn_off
2026-05-13 04:45:03,4,2,27.1,76.9,3.4,380.9,light,turn_on
2026-05-13 06:09:18,6,2,28.0,71.7,3.6,373.3,fan,turn_off
2026-05-14 05:13:50,5,3,28.5,72.7,3.9,401.7,light,turn_on
2026-05-13 21:11:59,21,2,29.4,72.5,4.0,302.9,light,turn_on
2026-05-13 08:30:35,8,2,34.2,69.9,77.8,524.9,fan,turn_on
2026-05-13 20:06:22,20,2,31.9,63.0,31.9,481.6,light,turn_on
2026-05-14 00:52:56,0,3,27.5,76.8,2.2,277.0,fan,turn_off
2026-05-13 23:28:29,23,2,28.6,76.3,2.6,285.0,light,turn_on
2026-05-14 01:47:45,1,3,28.7,74.4,2.8,260.1,fan,turn_off
2026-05-13 21:15:45,21,2,29.0,73.2,3.9,323.6,fan,turn_on
2026-05-13 02:52:57,2,2,27.3,75.1,2.3,305.4,light,turn_on
2026-05-13 04:38:45,4,2,26.9,75.8,4.1,385.3,fan,turn_on
2026-05-13 09:50:31,9,2,33.3,64.9,83.7,543.7,fan,turn_off
2026-05-13 14:29:29,14,2,32.9,62.8,79.6,451.0,fan,turn_off
2026-05-13 20:44:26,20,2,31.2,64.4,22.5,428.6,fan,turn_on
2026-05-13 01:03:30,1,2,27.5,83.5,1.8,303.0,light,turn_on
2026-05-13 19:29:20,19,2,29.3,67.3,25.9,414.6,fan,turn_on
2026-05-13 23:33:13,23,2,28.9,76.7,4.7,300.4,light,turn_on
2026-05-13 07:43:19,7,2,32.9,68.5,75.0,676.2,fan,turn_on
2026-05-13 01:36:30,1,2,28.3,78.1,3.3,278.5,light,turn_on
2026-05-13 08:57:37,8,2,34.1,68.5,71.1,532.2,fan,turn_on
2026-05-13 15:40:44,15,2,35.0,58.7,74.8,454.6,light,turn_off
2026-05-13 20:16:46,20,2,31.7,62.0,32.8,413.0,light,turn_on
2026-05-13 21:43:15,21,2,28.1,72.2,4.3,286.5,fan,turn_off
2026-05-07 07:56:35,7,3,33.8,58.0,84.0,3405.0,fan,turn_on
2026-05-13 08:16:44,8,2,33.8,69.8,70.8,1748.6,fan,turn_on
2026-05-13 01:37:53,1,2,28.1,78.2,4.2,284.1,fan,turn_on
2026-05-14 00:17:56,0,3,27.0,78.3,1.7,278.7,fan,turn_off
2026-05-14 05:15:46,5,3,28.5,71.5,4.9,406.4,light,turn_off
2026-05-14 08:26:57,8,3,33.4,68.1,75.2,3583.8,light,turn_off
2026-05-13 05:46:56,5,2,28.2,73.2,4.5,355.6,light,turn_on
2026-05-13 01:37:53,1,2,28.1,78.2,4.2,284.1,light,turn_on
2026-05-13 05:49:53,5,2,28.0,72.7,6.2,379.4,fan,turn_on
2026-05-13 13:26:00,13,2,33.8,61.2,80.8,527.6,light,turn_off
2026-05-13 17:33:53,17,2,32.0,62.8,26.7,412.5,light,turn_on
2026-05-13 16:10:25,16,2,35.0,58.3,75.9,493.3,light,turn_off
2026-05-13 09:52:51,9,2,33.4,64.6,86.8,546.2,fan,turn_on
2026-05-14 00:30:45,0,3,26.7,77.5,4.5,271.4,fan,turn_off
2026-05-13 06:25:41,6,2,27.9,70.3,1.5,317.8,fan,turn_off
2026-05-13 18:15:50,18,2,30.5,62.4,27.5,444.2,fan,turn_off
2026-05-14 02:48:37,2,3,28.8,74.6,3.5,268.2,fan,turn_on
2026-05-13 15:05:51,15,2,33.1,58.7,83.6,501.9,light,turn_off
2026-05-07 08:01:10,8,3,34.2,58.3,83.0,3458.0,fan,turn_on
2026-05-14 01:25:14,1,3,27.5,75.7,4.6,271.7,fan,turn_off
2026-05-13 16:57:15,16,2,34.8,60.4,84.4,500.2,light,turn_on
2026-05-13 06:18:35,6,2,27.9,70.7,2.7,343.7,light,turn_on
2026-05-13 07:11:59,7,2,30.4,68.2,71.5,1890.2,light,turn_off
2026-05-13 06:10:20,6,2,27.8,71.4,3.8,382.8,fan,turn_off
2026-05-13 02:24:51,2,2,29.0,76.8,3.9,280.6,light,turn_on
2026-05-13 08:47:32,8,2,34.5,68.9,77.6,1245.5,light,turn_off
2026-05-13 05:56:46,5,2,28.1,72.6,1.2,348.1,light,turn_on
2026-05-13 07:35:53,7,2,32.6,69.5,74.8,2009.6,light,turn_off
2026-05-14 08:49:03,8,3,33.7,67.3,75.5,2529.4,fan,turn_on
2026-05-13 14:33:48,14,2,33.2,61.7,75.8,495.2,fan,turn_on
2026-05-13 03:58:57,3,2,26.6,75.4,2.7,276.4,fan,turn_off
2026-05-14 07:00:02,7,3,27.3,73.8,16.6,413.7,fan,turn_off
2026-05-13 04:17:47,4,2,27.6,76.6,5.0,339.6,fan,turn_off
2026-05-13 07:34:01,7,2,32.5,68.9,78.2,3471.7,fan,turn_on
2026-05-13 10:18:29,10,2,33.3,62.9,84.6,542.6,light,turn_on
2026-05-12 03:33:00,3,1,33.4,57.1,55.0,447.0,fan,turn_on
2026-05-13 17:31:09,17,2,31.9,62.1,26.0,425.6,light,turn_on
2026-05-13 04:27:58,4,2,27.2,75.9,3.6,396.2,light,turn_on
2026-05-13 15:43:01,15,2,35.0,58.3,78.7,488.5,fan,turn_on
2026-05-13 03:28:07,3,2,27.1,73.6,5.0,273.6,fan,turn_off
2026-05-13 00:04:39,0,2,27.3,78.4,4.1,309.3,fan,turn_off
2026-05-13 22:43:52,22,2,28.4,73.0,3.5,303.6,fan,turn_on
2026-05-13 07:59:43,7,2,33.5,68.9,80.9,923.4,light,turn_off
2026-05-13 19:21:39,19,2,30.0,65.2,16.9,459.9,light,turn_on
2026-05-14 04:59:59,4,3,28.1,72.3,5.0,349.8,fan,turn_off
2026-05-13 06:29:14,6,2,27.9,71.3,5.5,344.0,fan,turn_off
2026-05-14 05:10:19,5,3,28.7,72.0,5.7,394.3,light,turn_off
2026-05-13 08:47:32,8,2,34.5,68.9,77.6,1245.5,fan,turn_on
2026-05-14 04:24:54,4,3,28.0,72.9,3.8,369.3,fan,turn_on
2026-05-13 02:37:41,2,2,28.5,74.5,2.4,269.9,fan,turn_on
2026-05-13 09:36:59,9,2,33.1,62.7,87.7,568.4,fan,turn_off
2026-05-14 03:32:08,3,3,27.9,75.1,5.0,261.3,fan,turn_off
2026-05-14 04:03:49,4,3,27.1,74.6,3.1,339.6,light,turn_on
2026-05-13 22:21:02,22,2,29.2,72.0,2.4,254.2,light,turn_on
2026-05-13 12:17:11,12,2,34.1,62.2,77.0,477.9,light,turn_off
2026-05-13 09:27:23,9,2,33.9,63.9,82.7,590.3,light,turn_off
2026-05-13 09:41:08,9,2,33.1,63.3,89.4,576.7,light,turn_off
2026-05-13 18:23:38,18,2,29.6,63.3,33.1,439.0,fan,turn_on
2026-05-13 06:06:26,6,2,28.2,72.0,7.0,388.7,fan,turn_on
2026-05-13 09:09:06,9,2,34.0,65.1,86.1,675.8,fan,turn_on
2026-05-14 01:58:29,1,3,28.8,75.0,1.0,267.1,light,turn_on
2026-05-13 14:37:31,14,2,33.4,61.1,77.8,534.1,fan,turn_on
2026-05-13 14:25:27,14,2,33.1,62.7,80.2,481.7,fan,turn_on
2026-05-14 05:32:27,5,3,28.3,71.4,3.7,389.6,fan,turn_off
2026-05-07 08:28:10,8,3,33.8,60.5,82.0,428.0,fan,turn_on
2026-05-13 17:47:13,17,2,31.7,64.5,24.8,437.2,fan,turn_off
2026-05-13 09:25:13,9,2,33.7,64.4,84.8,597.8,light,turn_off
2026-05-13 13:57:21,13,2,33.2,62.2,73.9,544.7,fan,turn_on
2026-05-13 04:59:29,4,2,27.5,76.4,5.0,334.8,light,turn_on
2026-05-13 03:29:35,3,2,27.4,73.3,4.7,314.8,light,turn_on
2026-05-13 07:34:01,7,2,32.5,68.9,78.2,3471.7,light,turn_off
2026-05-13 16:17:38,16,2,35.1,58.4,75.4,483.0,light,turn_off
2026-05-13 04:04:53,4,2,27.1,75.5,3.1,344.3,fan,turn_off
2026-05-14 06:00:46,6,3,28.1,73.2,1.9,358.5,light,turn_off
2026-05-13 21:37:47,21,2,28.3,72.5,1.1,298.9,light,turn_on
2026-05-13 17:29:42,17,2,31.9,62.0,27.0,418.8,light,turn_on
2026-05-14 05:16:57,5,3,28.5,70.8,3.1,392.3,fan,turn_on
2026-05-14 03:53:02,3,3,27.1,76.9,1.5,286.3,fan,turn_off
2026-05-14 07:23:33,7,3,32.2,66.1,71.7,1034.2,fan,turn_on
2026-05-13 13:11:41,13,2,33.3,60.8,80.3,518.2,fan,turn_on
2026-05-13 19:44:31,19,2,30.1,64.3,32.2,454.3,fan,turn_off
2026-05-13 10:51:58,10,2,33.2,65.0,83.6,543.6,fan,turn_on
2026-05-13 10:58:43,10,2,33.0,64.2,86.6,612.2,fan,turn_on
2026-05-13 22:41:43,22,2,28.8,72.8,4.7,311.8,fan,turn_off
2026-05-14 07:10:38,7,3,29.7,69.7,75.2,3535.8,fan,turn_off
2026-05-13 18:16:36,18,2,30.4,62.6,26.2,427.6,fan,turn_on
2026-05-14 03:35:27,3,3,27.9,75.7,3.1,287.2,light,turn_on
2026-05-13 13:47:50,13,2,33.2,62.5,80.9,460.8,light,turn_off
2026-05-13 06:50:59,6,2,27.5,74.3,1.5,393.2,light,turn_on
2026-05-14 00:16:13,0,3,27.0,78.7,1.5,282.1,fan,turn_on
2026-05-13 07:08:02,7,2,29.6,69.3,69.2,3933.4,fan,turn_on
2026-05-13 10:44:23,10,2,33.6,62.9,89.0,529.2,fan,turn_on
2026-05-13 23:05:25,23,2,28.5,75.1,2.5,263.3,fan,turn_off
2026-05-13 06:09:18,6,2,28.0,71.7,3.6,373.3,light,turn_on
2026-05-14 02:10:17,2,3,28.3,73.4,5.0,307.5,light,turn_on
2026-05-13 20:22:10,20,2,31.1,62.3,21.8,420.9,light,turn_on
2026-05-13 13:32:30,13,2,33.5,63.0,77.5,516.1,fan,turn_on
2026-05-13 15:45:39,15,2,35.1,58.5,81.1,545.5,light,turn_off
2026-05-07 08:01:40,8,3,34.1,57.6,79.0,3303.0,light,turn_off
2026-05-13 13:55:28,13,2,33.4,62.7,74.2,541.3,fan,turn_off
2026-05-13 18:28:35,18,2,29.5,65.2,31.9,461.9,light,turn_on
2026-05-14 05:15:13,5,3,28.4,72.0,4.1,389.9,light,turn_on
2026-05-13 08:39:28,8,2,34.2,69.9,76.6,3526.6,fan,turn_on
2026-05-13 20:19:23,20,2,31.4,62.6,28.4,435.1,fan,turn_on
2026-05-13 04:17:47,4,2,27.6,76.6,5.0,339.6,light,turn_on
2026-05-13 17:58:00,17,2,31.8,63.2,28.4,445.1,light,turn_on
2026-05-13 16:08:18,16,2,35.1,58.0,82.5,515.4,light,turn_off
2026-05-14 04:17:00,4,3,28.1,72.5,3.6,386.2,light,turn_on
2026-05-14 02:31:36,2,3,28.5,75.8,4.0,232.4,fan,turn_on
2026-05-13 10:24:51,10,2,33.8,62.8,90.1,563.2,light,turn_off
2026-05-14 04:11:06,4,3,27.7,73.6,3.9,361.2,fan,turn_off
2026-05-14 04:44:16,4,3,28.1,73.6,4.4,368.4,fan,turn_off
2026-05-14 01:46:24,1,3,28.7,73.5,5.0,266.4,fan,turn_on
2026-05-13 20:08:34,20,2,31.8,63.7,31.1,468.7,light,turn_on
2026-05-14 07:58:34,7,3,33.7,68.1,70.7,2324.0,light,turn_off
2026-05-13 05:33:40,5,2,28.2,73.9,3.2,395.1,fan,turn_on
2026-05-13 12:07:22,12,2,33.7,61.1,86.8,480.8,fan,turn_on
2026-05-13 14:01:33,14,2,33.1,62.1,72.1,508.9,light,turn_off
2026-05-13 11:24:45,11,2,33.1,62.4,87.9,508.8,light,turn_off
2026-05-13 21:12:53,21,2,29.2,72.6,2.7,316.7,light,turn_on
2026-05-13 08:27:29,8,2,34.1,69.4,70.8,572.4,fan,turn_on
2026-05-14 08:52:25,8,3,33.7,66.8,76.9,1751.1,fan,turn_on
2026-05-14 08:08:34,8,3,33.7,70.2,77.7,602.7,light,turn_off
2026-05-13 12:10:56,12,2,33.8,61.3,79.5,479.5,light,turn_off
2026-05-13 13:32:04,13,2,33.7,62.6,78.2,515.9,light,turn_off
2026-05-13 02:02:59,2,2,29.1,79.1,1.0,274.7,fan,turn_off
2026-05-13 07:08:55,7,2,29.7,69.1,69.7,3100.5,light,turn_off
2026-05-14 09:05:09,9,3,33.5,64.8,83.3,562.6,fan,turn_on
2026-05-13 13:27:22,13,2,33.7,61.8,84.0,510.7,light,turn_off
2026-05-13 00:57:13,0,2,27.7,83.1,2.5,322.5,light,turn_on
2026-05-14 06:11:53,6,3,28.0,70.5,4.8,379.5,light,turn_on
2026-05-14 00:11:58,0,3,27.7,78.0,3.0,305.6,fan,turn_off
2026-05-14 03:37:38,3,3,27.6,76.0,2.3,298.1,light,turn_on
2026-05-13 00:56:53,0,2,27.6,83.5,3.3,309.5,fan,turn_off
2026-05-13 18:22:46,18,2,29.8,62.9,32.9,433.6,fan,turn_on
2026-05-13 18:51:33,18,2,31.1,65.6,24.3,411.9,light,turn_on
2026-05-13 21:44:50,21,2,28.1,72.4,2.5,268.8,fan,turn_off
2026-05-14 00:28:25,0,3,27.1,77.4,4.0,286.4,fan,turn_off
2026-05-14 08:28:51,8,3,33.3,68.0,75.2,3754.4,fan,turn_on
2026-05-13 13:20:43,13,2,33.6,60.8,75.7,556.3,fan,turn_off
2026-05-13 20:51:35,20,2,31.5,64.5,23.8,435.9,light,turn_on
2026-05-14 05:41:49,5,3,28.3,71.9,5.7,347.4,fan,turn_off
2026-05-13 09:55:28,9,2,33.4,64.6,87.2,562.3,light,turn_off
2026-05-13 08:50:57,8,2,34.1,69.0,77.1,743.6,light,turn_off
2026-05-14 04:22:37,4,3,28.0,73.5,3.2,372.6,fan,turn_off
2026-05-14 01:15:58,1,3,27.7,77.1,1.3,285.6,fan,turn_off
2026-05-14 04:37:20,4,3,28.1,73.8,3.4,386.1,light,turn_on
2026-05-13 08:49:04,8,2,34.2,69.2,77.8,883.3,light,turn_off
2026-05-13 15:04:02,15,2,33.2,58.9,80.7,491.7,fan,turn_off
2026-05-13 02:46:55,2,2,27.5,75.0,4.4,278.0,fan,turn_off
2026-05-13 08:45:00,8,2,34.0,69.1,77.8,2376.8,light,turn_off
2026-05-13 12:49:06,12,2,33.3,60.2,74.8,495.0,fan,turn_on
2026-05-13 06:03:52,6,2,28.0,72.1,6.5,384.5,light,turn_on
2026-05-13 10:15:56,10,2,33.2,64.2,86.1,515.5,light,turn_off
2026-05-13 00:05:45,0,2,27.4,79.3,1.4,292.9,light,turn_on
2026-05-13 19:24:01,19,2,29.8,65.7,23.3,451.5,fan,turn_off
2026-05-13 23:53:21,23,2,27.4,78.4,2.4,322.5,fan,turn_off
2026-05-13 15:31:04,15,2,34.9,58.0,83.1,563.7,light,turn_off
2026-05-13 21:56:23,21,2,27.9,72.7,1.0,287.2,fan,turn_off
2026-05-07 08:07:20,8,3,33.7,58.4,84.0,4095.0,light,turn_off
2026-05-14 01:00:41,1,3,27.5,76.7,5.0,316.9,light,turn_on
2026-05-14 01:32:18,1,3,28.1,75.6,5.0,264.8,fan,turn_off
2026-05-13 18:13:22,18,2,30.3,61.8,28.3,458.1,fan,turn_off
2026-05-13 05:54:39,5,2,27.8,72.6,3.5,357.3,fan,turn_off
2026-05-13 20:56:33,20,2,31.6,64.3,24.9,452.9,light,turn_on
2026-05-13 04:32:09,4,2,27.2,75.9,4.1,352.7,fan,turn_off
2026-05-13 01:46:08,1,2,28.5,77.9,5.0,291.2,light,turn_on
2026-05-13 14:40:24,14,2,33.8,61.1,80.4,537.4,fan,turn_on
2026-05-13 22:51:36,22,2,28.1,74.3,1.9,290.9,fan,turn_off
2026-05-14 08:50:17,8,3,33.6,66.9,74.9,2944.7,light,turn_off
2026-05-13 21:28:53,21,2,29.1,72.4,5.0,287.2,fan,turn_off
2026-05-14 08:47:18,8,3,33.9,67.1,73.0,551.7,fan,turn_on
2026-05-13 20:00:19,20,2,31.7,64.1,31.2,452.1,light,turn_on
2026-05-13 09:43:29,9,2,33.1,63.9,91.4,536.1,fan,turn_on
2026-05-13 00:46:58,0,2,27.5,82.2,5.0,304.1,light,turn_on
2026-05-14 03:39:51,3,3,27.6,75.3,2.0,280.1,fan,turn_on
2026-05-14 03:29:38,3,3,27.7,74.9,3.6,268.3,fan,turn_off
2026-05-13 07:01:50,7,2,28.4,72.4,38.4,2601.7,light,turn_off
2026-05-14 02:55:02,2,3,29.0,74.4,1.1,280.4,light,turn_on
2026-05-13 13:08:04,13,2,33.3,61.2,79.6,505.3,fan,turn_on
2026-05-13 07:45:15,7,2,33.2,68.6,79.9,580.8,light,turn_off
2026-05-13 08:58:00,8,2,33.9,68.2,73.8,524.7,fan,turn_off
2026-05-14 00:34:59,0,3,26.7,77.9,1.9,285.3,light,turn_on
2026-05-13 20:22:10,20,2,31.1,62.3,21.8,420.9,fan,turn_on
2026-05-13 21:21:20,21,2,28.9,73.0,2.1,292.7,light,turn_on
2026-05-13 23:13:49,23,2,28.6,76.0,5.0,301.0,light,turn_on
2026-05-07 07:59:40,7,3,34.4,59.0,81.0,3309.0,light,turn_off
2026-05-13 09:23:12,9,2,33.5,64.2,90.4,585.7,light,turn_off
2026-05-13 15:14:53,15,2,33.1,57.7,79.6,473.8,light,turn_off
2026-05-13 08:07:51,8,2,33.8,68.3,71.8,2766.3,fan,turn_on
2026-05-13 08:00:20,8,2,33.5,69.0,75.1,825.9,fan,turn_on
2026-05-14 05:13:50,5,3,28.5,72.7,3.9,401.7,fan,turn_on
2026-05-14 03:42:56,3,3,27.4,75.8,3.3,301.2,fan,turn_off
2026-05-13 08:42:29,8,2,34.3,69.4,78.2,3819.3,light,turn_off
2026-05-14 07:55:51,7,3,33.4,68.0,75.6,2964.8,fan,turn_off
2026-05-13 21:51:36,21,2,28.4,72.2,2.3,274.6,fan,turn_off
2026-05-14 07:16:55,7,3,31.2,68.5,75.1,3636.1,light,turn_off
2026-05-13 16:14:00,16,2,35.0,58.8,80.0,526.6,light,turn_on
2026-05-13 00:17:48,0,2,27.1,80.1,1.2,294.7,fan,turn_off
2026-05-13 23:56:48,23,2,27.6,77.3,3.9,295.1,fan,turn_off
2026-05-13 09:41:30,9,2,33.1,63.4,88.8,558.2,fan,turn_on
2026-05-13 09:45:15,9,2,33.4,63.8,88.4,529.5,fan,turn_on
2026-05-13 23:45:01,23,2,27.3,79.3,3.9,268.2,light,turn_on
2026-05-14 06:00:46,6,3,28.1,73.2,1.9,358.5,fan,turn_off
2026-05-14 00:24:09,0,3,27.0,78.2,5.0,314.2,light,turn_on
2026-05-13 11:12:32,11,2,33.5,61.7,88.7,579.3,light,turn_off
2026-05-13 08:41:29,8,2,34.4,69.8,76.2,3536.2,fan,turn_off
2026-05-13 10:45:13,10,2,33.6,63.2,88.4,507.8,light,turn_off
2026-05-13 13:07:16,13,2,33.1,60.8,78.3,463.9,light,turn_off
2026-05-13 02:20:04,2,2,28.8,76.7,2.4,269.8,fan,turn_off
2026-05-13 18:57:09,18,2,30.8,65.3,29.5,442.2,fan,turn_on
2026-05-14 06:48:34,6,3,27.2,73.0,1.0,348.0,light,turn_on
2026-05-14 09:08:10,9,3,33.3,64.4,80.2,560.5,fan,turn_off
2026-05-14 05:08:49,5,3,28.5,72.1,2.8,375.1,fan,turn_off
2026-05-07 08:00:40,8,3,34.2,57.0,81.0,3362.0,fan,turn_on
2026-05-13 14:33:09,14,2,33.1,61.7,76.1,458.5,fan,turn_on
2026-05-13 23:20:10,23,2,28.8,75.9,2.2,299.9,fan,turn_off
2026-05-13 08:22:12,8,2,33.9,69.5,76.4,719.5,fan,turn_off
2026-05-13 08:45:47,8,2,34.1,69.3,77.1,1978.6,fan,turn_on
2026-05-13 09:03:14,9,2,33.7,64.8,79.3,1663.5,light,turn_off
2026-05-13 09:20:41,9,2,33.7,64.1,87.9,565.7,fan,turn_on
2026-05-13 16:54:56,16,2,34.7,60.2,85.7,522.4,fan,turn_on
2026-05-14 02:13:26,2,3,28.3,73.4,3.5,269.8,light,turn_on
2026-05-12 03:38:30,3,1,0.0,0.0,57.0,0.0,light,turn_on
2026-05-07 08:02:15,8,3,34.0,57.6,80.0,3233.0,light,turn_on
2026-05-12 03:08:40,3,1,33.2,57.7,64.0,495.0,fan,turn_on
2026-05-14 08:12:48,8,3,33.8,70.0,78.2,542.6,fan,turn_on
2026-05-13 15:48:05,15,2,35.0,58.4,77.2,491.8,fan,turn_on
2026-05-13 09:32:22,9,2,33.6,63.4,88.9,598.1,fan,turn_on
2026-05-13 22:18:09,22,2,29.0,72.2,4.7,287.0,fan,turn_off
2026-05-13 10:50:26,10,2,33.3,64.7,83.8,569.9,light,turn_off
2026-05-14 01:05:26,1,3,27.5,76.0,1.1,321.4,fan,turn_off
2026-05-14 03:10:11,3,3,28.1,75.9,4.4,327.8,fan,turn_on
2026-05-13 11:08:44,11,2,33.7,61.8,88.0,570.3,light,turn_off
2026-05-14 00:25:00,0,3,27.1,77.7,3.1,300.9,fan,turn_off
2026-05-13 21:16:29,21,2,28.8,72.9,5.0,325.8,light,turn_on
2026-05-13 21:30:15,21,2,29.1,73.0,5.0,291.8,light,turn_on
2026-05-14 08:47:42,8,3,33.8,67.3,75.1,3920.4,light,turn_off
2026-05-13 20:53:14,20,2,31.7,64.5,28.1,451.8,fan,turn_on
2026-05-14 05:50:04,5,3,27.7,74.0,3.1,361.3,fan,turn_off
2026-05-13 10:09:47,10,2,33.1,64.6,85.8,539.7,fan,turn_on
2026-05-13 23:52:24,23,2,27.3,79.1,5.0,320.1,light,turn_on
2026-05-13 06:06:26,6,2,28.2,72.0,7.0,388.7,light,turn_on
2026-05-13 21:32:56,21,2,29.0,73.0,4.7,314.0,fan,turn_off
2026-05-13 22:32:43,22,2,28.7,72.8,1.3,318.7,light,turn_on
2026-05-13 21:36:26,21,2,28.6,72.9,1.5,295.7,light,turn_on
2026-05-13 20:38:25,20,2,30.8,64.1,25.2,433.0,fan,turn_off
2026-05-13 10:08:27,10,2,32.9,64.8,85.5,547.3,fan,turn_on
2026-05-13 17:28:42,17,2,32.2,62.4,31.4,421.8,light,turn_on
2026-05-13 18:23:38,18,2,29.6,63.3,33.1,439.0,light,turn_on
2026-05-13 14:42:29,14,2,33.5,61.0,77.0,545.7,fan,turn_on
2026-05-13 01:22:22,1,2,28.5,79.9,5.0,260.1,fan,turn_off
2026-05-13 17:19:26,17,2,31.7,62.3,31.0,459.4,fan,turn_on
2026-05-12 03:12:45,3,1,0.0,0.0,65.0,0.0,light,turn_on
2026-05-14 08:49:03,8,3,33.7,67.3,75.5,2529.4,light,turn_off
2026-05-13 10:49:40,10,2,33.1,65.3,84.8,544.4,light,turn_off
2026-05-14 03:27:46,3,3,27.6,75.1,1.0,283.8,fan,turn_off
2026-05-14 07:30:59,7,3,32.4,67.8,71.9,2129.4,fan,turn_on
2026-05-13 12:07:48,12,2,33.9,61.4,84.6,478.2,fan,turn_off
2026-05-13 07:29:49,7,2,32.6,67.2,74.0,491.4,fan,turn_on
2026-05-14 00:24:09,0,3,27.0,78.2,5.0,314.2,fan,turn_off
2026-05-13 16:04:50,16,2,34.7,57.9,78.8,465.6,fan,turn_on
2026-05-13 18:54:07,18,2,31.2,65.4,29.2,465.7,light,turn_on
2026-05-13 19:24:01,19,2,29.8,65.7,23.3,451.5,light,turn_on
2026-05-13 13:30:49,13,2,33.7,62.3,74.1,507.6,light,turn_off
2026-05-14 07:02:46,7,3,27.7,71.4,55.7,447.4,light,turn_on
2026-05-14 04:46:00,4,3,28.0,73.5,3.8,407.8,fan,turn_off
2026-05-13 06:57:06,6,2,27.6,74.6,4.7,360.4,fan,turn_off
2026-05-13 08:08:22,8,2,33.8,68.8,73.1,3875.0,fan,turn_off
2026-05-14 06:53:40,6,3,27.1,73.2,5.5,338.2,fan,turn_off
2026-05-13 20:59:10,20,2,31.7,64.4,29.2,411.0,fan,turn_off
2026-05-13 22:19:52,22,2,28.9,72.8,1.6,269.5,light,turn_on
2026-05-14 02:04:08,2,3,28.5,75.0,5.0,278.1,fan,turn_on
2026-05-13 10:05:22,10,2,33.3,64.3,83.4,540.3,light,turn_off
2026-05-13 00:15:39,0,2,27.2,80.3,1.2,287.2,light,turn_on
2026-05-13 16:16:18,16,2,34.9,58.9,80.8,504.1,light,turn_off
2026-05-13 23:35:59,23,2,28.5,76.1,1.1,311.3,fan,turn_off
2026-05-13 12:06:10,12,2,33.4,62.1,85.4,454.6,fan,turn_on
2026-05-13 08:11:26,8,2,33.8,68.7,79.0,1856.9,light,turn_off
2026-05-13 09:47:40,9,2,33.2,64.5,85.3,510.8,fan,turn_on
2026-05-07 08:05:15,8,3,33.9,57.8,78.0,3216.0,fan,turn_on
2026-05-13 14:41:09,14,2,33.7,61.4,79.2,556.0,fan,turn_on
2026-05-13 16:27:52,16,2,35.0,60.2,82.2,504.0,fan,turn_on
2026-05-13 02:16:59,2,2,29.0,76.8,2.7,279.8,light,turn_on
2026-05-13 03:21:26,3,2,26.9,71.7,3.1,274.3,light,turn_on
2026-05-13 13:05:24,13,2,33.2,60.5,77.8,452.0,light,turn_off
2026-05-14 04:00:27,4,3,27.4,74.5,2.4,276.2,fan,turn_off
2026-05-13 15:39:07,15,2,35.0,59.3,75.8,525.7,fan,turn_on
2026-05-13 21:36:49,21,2,28.5,72.6,2.8,319.6,light,turn_on
2026-05-12 03:45:30,3,1,33.4,55.9,71.5,439.5,light,turn_on
2026-05-13 16:39:58,16,2,35.2,60.7,81.2,514.6,fan,turn_off
2026-05-13 18:09:23,18,2,30.8,62.3,26.0,407.8,light,turn_on
2026-05-14 01:26:12,1,3,27.5,75.1,4.2,267.2,light,turn_on
2026-05-14 02:19:36,2,3,27.8,75.2,1.0,241.2,fan,turn_on
2026-05-14 03:16:33,3,3,27.8,76.1,4.1,297.6,light,turn_on
2026-05-14 06:39:25,6,3,27.6,72.6,7.2,337.2,light,turn_on
2026-05-14 07:21:43,7,3,32.2,66.1,75.7,1515.6,light,turn_off
2026-05-14 07:34:55,7,3,32.5,67.8,70.6,898.3,fan,turn_on
2026-05-14 05:33:05,5,3,28.3,71.7,4.1,390.8,fan,turn_on
2026-05-14 05:49:19,5,3,27.7,73.8,1.2,375.1,light,turn_on
2026-05-13 11:44:42,11,2,33.5,64.1,89.4,528.9,fan,turn_on
2026-05-13 09:02:14,9,2,33.7,65.9,78.5,2358.0,fan,turn_on
2026-05-14 08:06:53,8,3,33.4,69.4,77.0,663.2,fan,turn_off
2026-05-13 17:16:15,17,2,31.8,63.1,28.5,420.1,fan,turn_on
2026-05-14 02:25:52,2,3,28.3,75.4,5.0,261.3,fan,turn_on
2026-05-13 07:11:59,7,2,30.4,68.2,71.5,1890.2,fan,turn_on
2026-05-13 05:42:20,5,2,28.1,73.9,4.6,361.8,fan,turn_off
2026-05-13 05:50:35,5,2,27.9,72.6,6.4,376.2,fan,turn_off
2026-05-13 02:24:26,2,2,28.8,77.1,4.5,269.0,light,turn_on
2026-05-14 05:31:42,5,3,28.2,71.2,6.0,373.4,light,turn_on
2026-05-13 06:38:22,6,2,27.6,73.1,6.2,353.1,fan,turn_off
2026-05-13 00:13:59,0,2,27.0,80.0,3.1,306.1,light,turn_on
2026-05-14 04:12:35,4,3,27.8,73.7,4.5,397.7,fan,turn_off
2026-05-13 20:10:14,20,2,32.1,62.8,25.4,460.0,fan,turn_on
2026-05-14 04:00:04,4,3,27.2,74.7,1.1,264.0,light,turn_on
2026-05-14 00:47:36,0,3,27.3,77.4,3.1,300.8,fan,turn_off
2026-05-14 06:26:20,6,3,28.5,71.0,4.8,369.4,fan,turn_off
2026-05-13 23:23:06,23,2,28.9,76.3,2.7,284.0,fan,turn_on
2026-05-14 00:19:29,0,3,26.9,78.5,1.0,273.1,light,turn_on
2026-05-14 08:12:19,8,3,33.8,69.9,77.9,550.4,fan,turn_on
2026-05-13 17:27:24,17,2,32.2,62.2,27.7,399.1,fan,turn_on
2026-05-13 00:35:54,0,2,27.3,80.7,1.5,284.2,fan,turn_off
2026-05-13 16:21:14,16,2,35.1,58.8,77.5,521.3,light,turn_off
2026-05-14 02:57:17,2,3,28.6,73.6,1.0,295.6,light,turn_on
2026-05-13 14:47:05,14,2,33.2,61.5,78.9,512.2,light,turn_off
2026-05-14 08:18:22,8,3,33.9,69.3,77.8,503.5,fan,turn_on
2026-05-13 13:26:58,13,2,33.6,61.7,82.8,496.9,light,turn_off
2026-05-13 02:47:20,2,2,27.4,74.8,5.0,285.7,light,turn_on
2026-05-13 12:50:48,12,2,33.2,61.0,73.7,504.5,light,turn_off
2026-05-13 07:53:25,7,2,33.1,68.2,69.0,2996.0,light,turn_off
2026-05-13 11:33:34,11,2,33.2,62.0,87.3,490.1,fan,turn_off
2026-05-12 03:37:40,3,1,33.25,56.28,65.0,439.5,light,turn_on
2026-05-14 06:31:42,6,3,28.3,72.7,6.0,311.6,fan,turn_off
2026-05-13 15:39:07,15,2,35.0,59.3,75.8,525.7,light,turn_off
2026-05-13 00:01:46,0,2,27.8,77.9,3.8,293.6,fan,turn_off
2026-05-13 03:25:38,3,2,27.3,72.7,5.0,293.1,light,turn_on
2026-05-14 06:22:41,6,3,28.5,70.8,4.0,341.9,fan,turn_on
2026-05-13 08:52:32,8,2,34.1,68.9,72.7,609.3,fan,turn_on
2026-05-13 13:41:53,13,2,33.5,61.7,75.3,530.0,fan,turn_on
2026-05-13 06:34:01,6,2,27.9,71.8,5.4,360.6,light,turn_on
2026-05-13 13:18:45,13,2,33.6,60.7,82.4,524.0,fan,turn_on
2026-05-13 04:21:14,4,2,27.6,76.6,2.4,357.9,fan,turn_off
2026-05-13 17:57:36,17,2,31.7,63.6,31.5,445.9,fan,turn_on
2026-05-13 10:27:30,10,2,33.6,61.5,87.1,574.4,fan,turn_on
2026-05-14 01:33:31,1,3,28.1,75.8,5.0,275.2,light,turn_on
2026-05-13 19:45:45,19,2,30.1,64.4,32.6,434.5,light,turn_on
2026-05-13 18:56:12,18,2,31.0,64.9,26.6,445.1,fan,turn_on
2026-05-13 06:20:49,6,2,27.6,70.8,5.2,353.1,light,turn_on
2026-05-13 10:05:47,10,2,33.2,64.8,82.3,516.3,light,turn_off
2026-05-13 01:32:13,1,2,28.5,79.4,2.6,308.9,light,turn_on
2026-05-13 12:56:51,12,2,33.1,60.7,74.5,520.8,light,turn_off
2026-05-14 06:45:41,6,3,27.2,72.3,5.3,346.2,light,turn_on
2026-05-13 04:35:57,4,2,27.4,76.3,3.7,367.0,fan,turn_off
2026-05-13 08:32:55,8,2,34.3,69.2,73.2,3300.0,fan,turn_on
2026-05-14 08:20:06,8,3,33.9,69.0,72.1,529.0,fan,turn_on
2026-05-14 03:41:48,3,3,27.4,75.5,1.1,295.1,light,turn_on
2026-05-13 21:21:58,21,2,29.0,72.5,2.8,282.6,light,turn_on
2026-05-07 08:16:20,8,3,0.0,0.0,82.0,0.0,fan,turn_off
2026-05-13 00:26:43,0,2,27.6,82.0,1.1,247.8,fan,turn_off
2026-05-13 07:26:26,7,2,32.7,67.1,74.9,509.0,light,turn_off
2026-05-13 02:12:33,2,2,28.5,79.1,3.2,261.9,fan,turn_off
2026-05-13 04:39:27,4,2,27.0,75.9,3.7,385.7,light,turn_on
2026-05-13 14:02:37,14,2,33.3,61.4,78.8,496.5,light,turn_off
2026-05-14 00:30:09,0,3,26.9,77.5,4.5,272.7,light,turn_on
2026-05-13 01:02:12,1,2,27.5,83.4,1.1,292.9,fan,turn_on
2026-05-14 03:05:08,3,3,28.5,75.0,3.0,307.2,fan,turn_off
2026-05-13 21:50:06,21,2,28.4,72.3,1.6,284.9,light,turn_on
2026-05-13 06:18:35,6,2,27.9,70.7,2.7,343.7,fan,turn_off
2026-05-13 00:00:52,0,2,27.6,77.8,3.4,296.6,light,turn_on
2026-05-13 12:54:08,12,2,33.0,60.9,75.0,529.3,light,turn_off
2026-05-13 01:35:09,1,2,28.4,78.4,2.2,279.3,light,turn_on
2026-05-13 00:47:57,0,2,27.4,82.6,4.2,287.1,fan,turn_off
2026-05-13 10:33:50,10,2,33.7,61.7,82.2,507.9,fan,turn_off
2026-05-14 05:45:19,5,3,28.1,72.5,3.6,362.6,light,turn_on
2026-05-13 01:17:58,1,2,28.2,80.4,4.7,236.6,light,turn_on
2026-05-13 00:59:35,0,2,27.9,83.1,1.7,307.1,light,turn_on
2026-05-13 20:19:23,20,2,31.4,62.6,28.4,435.1,light,turn_on
2026-05-13 01:07:54,1,2,27.5,83.6,1.0,290.1,fan,turn_off
2026-05-13 11:58:03,11,2,33.6,64.3,80.9,583.6,light,turn_off
2026-05-13 08:38:29,8,2,34.5,70.0,77.0,1424.1,fan,turn_on
2026-05-13 10:03:44,10,2,33.4,64.3,82.9,558.2,light,turn_off
2026-05-13 17:01:03,17,2,34.5,61.3,54.9,474.9,fan,turn_on
2026-05-13 07:11:13,7,2,30.2,68.9,71.8,2664.5,light,turn_off
2026-05-13 05:27:40,5,2,28.4,74.1,6.4,374.8,fan,turn_off
2026-05-14 06:53:40,6,3,27.1,73.2,5.5,338.2,light,turn_on
2026-05-14 06:33:32,6,3,27.9,73.5,7.2,309.3,fan,turn_off
2026-05-13 04:17:04,4,2,27.6,76.4,5.0,346.7,light,turn_on
2026-05-13 19:08:47,19,2,30.0,64.7,26.0,468.1,fan,turn_on
2026-05-13 20:51:09,20,2,31.4,64.8,27.1,427.0,light,turn_on
2026-05-14 06:03:42,6,3,27.9,72.3,4.1,346.0,light,turn_on
2026-05-13 18:19:51,18,2,30.3,63.0,30.0,461.6,light,turn_on
2026-05-13 22:49:27,22,2,28.4,73.6,1.0,293.9,light,turn_on
2026-05-14 03:23:41,3,3,27.8,75.7,1.2,260.5,light,turn_on
2026-05-13 02:16:11,2,2,28.8,77.3,3.5,282.1,fan,turn_off
2026-05-14 03:52:27,3,3,27.2,76.4,1.4,267.2,fan,turn_off
2026-05-14 08:13:20,8,3,34.0,69.7,75.4,553.4,light,turn_off
2026-05-13 20:47:28,20,2,31.0,64.9,28.4,477.0,fan,turn_on
2026-05-14 09:11:12,9,3,33.3,63.9,83.8,556.6,light,turn_off
2026-05-13 12:49:56,12,2,33.2,60.5,76.7,509.3,light,turn_on
2026-05-14 07:42:43,7,3,33.0,66.1,75.1,3514.6,light,turn_off
2026-05-13 03:24:35,3,2,27.2,72.5,5.0,266.1,light,turn_on
2026-05-13 09:59:14,9,2,33.6,63.8,87.0,593.7,light,turn_on
2026-05-13 02:45:05,2,2,27.6,74.6,3.3,273.3,light,turn_on
2026-05-14 01:59:43,1,3,28.9,75.4,3.0,274.9,fan,turn_off
2026-05-13 15:40:44,15,2,35.0,58.7,74.8,454.6,fan,turn_on
2026-05-14 01:29:08,1,3,27.7,75.1,3.3,333.9,light,turn_on
2026-05-13 08:15:20,8,2,34.0,68.8,69.8,2920.3,fan,turn_on
2026-05-14 07:40:32,7,3,32.9,67.1,74.6,1810.0,fan,turn_on
2026-05-13 03:15:23,3,2,27.3,72.1,5.0,306.2,fan,turn_off
2026-05-13 22:52:53,22,2,28.2,74.1,4.6,308.7,light,turn_on
2026-05-13 05:44:47,5,2,28.0,74.1,4.0,337.6,fan,turn_on
2026-05-13 14:43:36,14,2,33.3,61.8,81.6,549.1,fan,turn_on
2026-05-13 07:44:25,7,2,33.1,69.1,80.5,615.4,fan,turn_on
2026-05-14 03:19:59,3,3,27.9,76.3,1.5,284.9,fan,turn_on
2026-05-13 18:04:56,18,2,31.1,63.3,37.3,410.3,light,turn_on
2026-05-13 18:57:38,18,2,30.7,65.3,29.4,457.0,fan,turn_off
2026-05-14 05:03:43,5,3,28.1,72.2,3.9,372.2,fan,turn_off
2026-05-13 01:41:17,1,2,28.4,78.8,3.9,267.8,light,turn_on
2026-05-13 12:42:56,12,2,34.1,60.1,77.2,506.6,light,turn_off
2026-05-13 06:34:54,6,2,28.0,71.9,5.1,385.5,fan,turn_off
2026-05-13 13:04:38,13,2,33.3,60.7,80.1,457.9,light,turn_off
2026-05-13 03:25:38,3,2,27.3,72.7,5.0,293.1,fan,turn_off
2026-05-13 15:00:51,15,2,33.3,58.6,82.3,493.5,light,turn_off
2026-05-13 04:58:59,4,2,27.4,76.6,5.0,329.1,fan,turn_off
2026-05-13 05:32:51,5,2,28.4,73.6,5.4,369.5,light,turn_on
2026-05-13 02:50:19,2,2,27.3,74.9,4.5,298.2,fan,turn_off
2026-05-14 03:36:45,3,3,27.7,75.8,2.7,276.7,light,turn_on
2026-05-07 08:03:15,8,3,34.0,57.5,80.0,3280.0,light,turn_off
2026-05-13 20:33:09,20,2,31.1,64.3,27.2,439.3,fan,turn_on
2026-05-07 08:03:45,8,3,34.0,57.4,81.0,3280.0,fan,turn_on
2026-05-13 08:51:36,8,2,34.3,68.4,75.0,676.8,light,turn_off
2026-05-07 08:05:15,8,3,33.9,57.8,78.0,3216.0,light,turn_off
2026-05-13 15:17:21,15,2,33.5,57.0,80.2,513.0,fan,turn_on
2026-05-13 11:40:12,11,2,33.4,62.4,85.3,576.1,light,turn_off
2026-05-14 05:48:40,5,3,27.6,74.0,3.2,354.2,light,turn_on
2026-05-13 23:18:15,23,2,28.9,76.8,4.5,292.1,fan,turn_off
2026-05-14 03:57:28,3,3,27.4,74.7,2.9,260.5,fan,turn_off
2026-05-14 02:07:54,2,3,28.3,74.4,4.0,293.9,light,turn_on
2026-05-13 09:21:02,9,2,33.6,63.8,89.5,581.7,light,turn_off
2026-05-14 05:34:37,5,3,28.6,71.9,3.3,382.0,light,turn_on
2026-05-13 03:54:57,3,2,27.1,75.2,3.5,274.1,light,turn_on
2026-05-13 21:10:29,21,2,29.7,71.2,3.0,313.1,fan,turn_on
2026-05-14 05:53:02,5,3,27.9,73.9,3.3,401.9,light,turn_on
2026-05-13 22:27:56,22,2,28.8,72.4,1.2,309.2,fan,turn_off
2026-05-13 05:03:29,5,2,27.4,76.3,3.0,339.2,light,turn_on
2026-05-14 01:56:15,1,3,28.9,75.2,1.0,300.1,light,turn_on
2026-05-14 01:30:59,1,3,27.8,75.8,5.0,318.1,light,turn_on
2026-05-13 04:29:56,4,2,26.9,76.0,5.0,388.7,light,turn_on
2026-05-13 19:47:28,19,2,30.5,63.6,30.7,457.2,fan,turn_off
2026-05-13 01:50:28,1,2,28.9,78.1,4.8,272.1,light,turn_on
2026-05-13 10:20:13,10,2,33.3,62.4,83.2,561.4,fan,turn_on
2026-05-13 00:34:07,0,2,27.3,80.5,1.9,296.6,fan,turn_off
2026-05-14 08:10:38,8,3,33.7,69.5,79.1,576.0,light,turn_off
2026-05-13 13:50:17,13,2,33.0,62.0,84.0,465.5,light,turn_off
2026-05-13 01:41:50,1,2,28.4,78.4,1.9,251.8,light,turn_on
2026-05-14 06:09:04,6,3,28.4,70.8,1.0,343.7,light,turn_on
2026-05-13 13:53:47,13,2,33.3,62.6,81.1,538.1,fan,turn_on
2026-05-13 13:09:30,13,2,33.3,61.3,82.5,491.3,fan,turn_off
2026-05-13 06:00:55,6,2,28.0,72.6,3.6,355.6,fan,turn_off
2026-05-13 22:16:02,22,2,28.7,72.2,1.5,298.3,light,turn_on
2026-05-14 02:55:37,2,3,28.9,74.3,2.8,290.0,light,turn_on
2026-05-07 08:01:10,8,3,34.2,58.3,83.0,3458.0,light,turn_off
2026-05-13 22:41:43,22,2,28.8,72.8,4.7,311.8,light,turn_on
2026-05-13 22:10:14,22,2,28.2,73.1,2.5,247.2,light,turn_on
2026-05-14 03:21:34,3,3,27.9,76.4,1.0,273.9,light,turn_on
2026-05-13 08:28:05,8,2,34.2,69.3,74.4,557.4,light,turn_off
2026-05-14 08:39:08,8,3,33.9,67.4,77.5,574.4,fan,turn_on
2026-05-13 15:03:18,15,2,33.3,58.8,82.0,481.9,fan,turn_on
2026-05-14 01:12:28,1,3,27.7,76.9,3.9,297.9,fan,turn_off
2026-05-13 19:01:29,19,2,30.4,65.3,21.8,440.8,fan,turn_off
2026-05-13 13:15:08,13,2,33.4,60.5,78.3,530.2,fan,turn_on
2026-05-14 04:32:41,4,3,28.3,73.7,3.0,380.2,fan,turn_off
2026-05-13 18:10:11,18,2,30.7,62.2,29.5,434.9,light,turn_on
2026-05-13 06:11:31,6,2,27.8,71.9,4.3,369.2,fan,turn_off
2026-05-13 15:52:31,15,2,35.2,60.0,80.9,521.4,light,turn_off
2026-05-13 11:43:27,11,2,33.4,63.2,85.3,513.9,light,turn_off
2026-05-14 05:12:54,5,3,28.5,72.7,2.7,393.4,fan,turn_off
2026-05-14 00:06:04,0,3,27.5,77.7,3.5,325.2,light,turn_on
2026-05-13 00:39:21,0,2,27.5,80.1,1.3,276.0,light,turn_on
2026-05-13 23:49:25,23,2,27.4,79.7,4.0,313.3,light,turn_on
2026-05-13 06:16:56,6,2,28.0,70.4,1.3,391.8,light,turn_on
2026-05-13 00:43:34,0,2,27.5,80.8,1.0,283.2,fan,turn_off
2026-05-14 03:13:05,3,3,28.2,75.9,2.7,336.5,light,turn_on
2026-05-12 03:07:10,3,1,32.9,58.7,65.0,420.0,fan,turn_on
2026-05-13 06:43:28,6,2,27.7,73.7,4.5,381.9,fan,turn_off
2026-05-13 13:07:38,13,2,33.3,60.8,81.2,476.4,fan,turn_on
2026-05-13 05:09:23,5,2,27.5,74.6,6.1,393.1,light,turn_on
2026-05-14 03:49:06,3,3,27.2,76.6,4.0,281.8,light,turn_on
2026-05-13 06:33:20,6,2,27.8,71.7,5.1,362.1,fan,turn_on
2026-05-13 02:05:34,2,2,28.9,78.5,3.1,286.3,light,turn_on
2026-05-13 06:54:25,6,2,27.6,74.8,1.0,374.2,light,turn_on
2026-05-13 09:54:24,9,2,33.5,63.8,87.5,563.4,fan,turn_on
2026-05-13 06:55:15,6,2,27.7,75.1,3.4,367.9,fan,turn_on
2026-05-13 21:30:38,21,2,28.9,72.7,5.0,286.6,fan,turn_on
2026-05-13 03:30:21,3,2,27.3,73.5,2.9,327.2,light,turn_on
2026-05-13 14:26:21,14,2,33.0,62.6,82.6,470.5,light,turn_off
2026-05-13 03:03:27,3,2,27.3,73.6,4.3,276.5,fan,turn_off
2026-05-13 00:41:40,0,2,27.6,81.0,1.8,299.9,fan,turn_off
2026-05-13 06:40:33,6,2,27.8,73.5,3.6,371.2,light,turn_on
2026-05-13 04:29:28,4,2,27.0,76.4,5.0,391.3,fan,turn_off
2026-05-13 00:41:00,0,2,27.4,81.1,2.1,290.6,light,turn_on
2026-05-13 22:54:45,22,2,28.0,74.7,2.9,302.1,fan,turn_off
2026-05-14 05:17:54,5,3,28.7,70.7,3.9,399.6,light,turn_on
2026-05-13 12:58:39,12,2,33.1,60.6,79.0,521.3,light,turn_off
2026-05-13 23:51:05,23,2,27.6,78.9,4.5,314.5,light,turn_on
2026-05-14 02:29:30,2,3,28.5,75.2,1.0,252.1,light,turn_on
2026-05-14 02:27:52,2,3,28.4,74.9,2.2,264.5,fan,turn_on
2026-05-13 12:00:00,12,2,33.7,64.3,84.3,515.3,fan,turn_on
2026-05-14 03:26:14,3,3,27.5,75.3,1.7,259.1,light,turn_on
2026-05-13 11:47:37,11,2,33.3,63.8,80.7,541.6,fan,turn_on
2026-05-14 01:35:27,1,3,28.2,75.1,3.6,268.3,fan,turn_on
2026-05-12 03:50:40,3,1,33.5,57.2,65.0,445.0,light,turn_on
2026-05-13 07:16:36,7,2,31.5,67.0,76.3,756.6,fan,turn_on
2026-05-14 02:22:07,2,3,28.2,75.4,4.4,257.5,fan,turn_off
2026-05-13 07:07:16,7,2,29.4,69.1,68.9,2981.8,light,turn_on
2026-05-13 23:38:04,23,2,28.3,75.9,1.0,318.7,light,turn_on
2026-05-13 19:28:20,19,2,29.4,67.3,26.7,388.7,light,turn_on
2026-05-14 00:32:59,0,3,26.4,77.5,1.2,271.2,fan,turn_on
2026-05-13 16:22:48,16,2,35.2,58.9,77.3,506.3,light,turn_off
2026-05-13 11:15:01,11,2,33.5,61.4,91.7,590.3,light,turn_off
2026-05-13 22:34:49,22,2,29.0,72.0,1.0,287.7,light,turn_on
2026-05-13 21:45:19,21,2,28.3,72.0,3.7,264.6,fan,turn_off
2026-05-13 07:10:48,7,2,30.1,69.1,69.8,3200.3,light,turn_off
2026-05-13 16:31:24,16,2,35.1,60.8,79.9,490.8,fan,turn_on
2026-05-13 20:46:15,20,2,31.1,64.9,26.8,436.5,light,turn_on
2026-05-13 07:10:21,7,2,30.0,69.4,69.7,3889.4,fan,turn_off
2026-05-13 10:27:57,10,2,33.7,61.3,84.3,567.7,light,turn_off
2026-05-13 01:08:24,1,2,27.7,83.1,1.3,286.7,fan,turn_off
2026-05-13 14:37:31,14,2,33.4,61.1,77.8,534.1,light,turn_off
2026-05-13 14:28:10,14,2,33.0,62.8,83.3,457.7,light,turn_off
2026-05-13 03:54:36,3,2,27.2,74.9,4.3,276.5,light,turn_on
2026-05-13 11:17:20,11,2,33.0,61.5,85.6,581.8,light,turn_off
2026-05-13 12:19:34,12,2,33.9,62.9,79.4,458.1,light,turn_off
2026-05-13 06:11:03,6,2,27.7,71.9,3.4,389.7,fan,turn_off
2026-05-13 20:25:24,20,2,31.5,62.8,24.4,433.9,light,turn_on
2026-05-13 21:55:11,21,2,28.1,73.1,2.9,285.3,fan,turn_off
2026-05-13 16:19:02,16,2,35.1,59.1,77.6,512.0,light,turn_off
2026-05-14 01:52:38,1,3,28.8,74.0,1.6,263.8,fan,turn_off
2026-05-13 05:04:10,5,2,27.5,75.9,3.1,349.5,light,turn_on
2026-05-13 16:37:03,16,2,35.4,60.9,82.5,506.9,light,turn_off
2026-05-13 22:26:38,22,2,28.7,71.7,3.0,279.8,fan,turn_off
2026-05-13 07:23:31,7,2,32.7,66.8,70.9,531.3,light,turn_off
2026-05-13 19:35:53,19,2,30.0,65.6,31.1,425.0,light,turn_on
2026-05-13 06:21:41,6,2,27.6,71.2,4.1,339.0,light,turn_on
2026-05-14 09:12:11,9,3,33.5,63.3,82.4,566.9,fan,turn_off
2026-05-13 06:23:18,6,2,27.7,71.3,3.4,336.4,light,turn_on
2026-05-13 15:20:33,15,2,33.9,56.8,71.8,508.7,light,turn_off
2026-05-13 15:12:22,15,2,33.3,57.7,78.8,469.2,light,turn_off
2026-05-13 23:29:17,23,2,28.7,76.2,4.2,294.4,fan,turn_on
2026-05-14 08:30:14,8,3,33.2,67.7,79.8,2159.1,fan,turn_on
2026-05-13 23:26:11,23,2,29.0,76.6,5.0,272.8,light,turn_on
2026-05-14 05:55:34,5,3,27.9,74.0,6.4,355.3,fan,turn_off
2026-05-13 12:51:14,12,2,33.1,61.1,76.9,481.8,fan,turn_on
2026-05-14 08:37:08,8,3,33.7,67.0,74.9,715.0,fan,turn_on
2026-05-07 08:17:30,8,3,33.7,59.3,83.0,433.0,fan,turn_on
2026-05-13 21:33:21,21,2,28.9,73.0,4.8,315.8,fan,turn_on
2026-05-13 09:12:58,9,2,34.3,64.3,82.5,587.8,light,turn_off
2026-05-14 07:19:55,7,3,31.7,67.0,72.5,2511.0,light,turn_off
2026-05-13 21:10:29,21,2,29.7,71.2,3.0,313.1,light,turn_on
2026-05-14 06:10:22,6,3,28.3,70.1,2.1,362.0,light,turn_on
2026-05-13 17:38:42,17,2,31.7,63.1,26.6,469.2,light,turn_off
2026-05-14 05:02:10,5,3,28.0,72.3,4.3,358.3,fan,turn_on
2026-05-13 06:29:14,6,2,27.9,71.3,5.5,344.0,light,turn_on
2026-05-13 05:07:35,5,2,27.4,75.6,6.6,356.1,light,turn_on
2026-05-13 15:58:58,15,2,35.2,58.6,85.3,477.7,light,turn_off
2026-05-13 11:03:58,11,2,33.6,63.2,86.7,568.1,light,turn_off
2026-05-14 03:57:57,3,3,27.2,74.3,1.1,252.5,fan,turn_off
2026-05-14 01:58:56,1,3,28.9,75.3,2.4,272.9,fan,turn_off
2026-05-13 15:25:30,15,2,34.1,58.4,77.4,517.3,fan,turn_on
2026-05-13 17:12:03,17,2,32.1,63.3,25.1,443.8,light,turn_on
2026-05-13 07:15:38,7,2,31.4,67.6,73.7,821.0,fan,turn_on
2026-05-12 03:43:25,3,1,33.3,55.5,68.0,435.0,fan,turn_off
2026-05-13 04:15:40,4,2,27.6,76.5,5.0,350.8,light,turn_on
2026-05-13 04:03:41,4,2,26.9,75.2,5.0,329.2,light,turn_on
2026-05-13 19:13:16,19,2,30.1,65.1,20.9,437.9,fan,turn_on
2026-05-13 17:27:24,17,2,32.2,62.2,27.7,399.1,light,turn_on
2026-05-13 12:31:16,12,2,33.4,61.7,79.8,533.9,light,turn_off
2026-05-14 08:51:31,8,3,33.6,67.0,73.3,2069.6,fan,turn_on
2026-05-14 08:18:22,8,3,33.9,69.3,77.8,503.5,light,turn_off
2026-05-14 00:52:23,0,3,27.5,77.1,1.0,284.6,light,turn_on
2026-05-13 17:30:29,17,2,32.1,61.7,27.5,416.6,fan,turn_on
2026-05-13 17:05:20,17,2,33.7,63.6,37.9,431.3,fan,turn_on
2026-05-13 20:26:52,20,2,31.4,63.5,26.3,434.2,fan,turn_on
2026-05-13 17:16:38,17,2,32.0,63.3,27.9,416.2,light,turn_on
2026-05-14 04:17:49,4,3,28.0,72.6,2.2,398.2,light,turn_on
2026-05-13 21:20:04,21,2,28.9,72.9,2.4,308.2,fan,turn_on
2026-05-13 06:32:23,6,2,28.0,71.4,3.4,348.7,fan,turn_on
2026-05-13 07:40:07,7,2,32.6,69.2,74.8,936.4,light,turn_off
2026-05-13 15:35:48,15,2,35.1,58.5,80.5,524.6,fan,turn_on
2026-05-14 06:17:41,6,3,28.2,70.4,4.6,348.7,fan,turn_on
2026-05-14 00:45:24,0,3,27.2,78.3,3.1,294.4,light,turn_on
2026-05-13 12:08:12,12,2,33.7,61.5,82.5,479.5,fan,turn_on
2026-05-13 01:14:27,1,2,28.1,81.6,2.7,286.0,fan,turn_on
2026-05-13 11:19:57,11,2,33.1,62.0,87.7,525.0,fan,turn_on
2026-05-13 02:05:56,2,2,29.0,78.1,4.6,276.3,light,turn_on
2026-05-13 14:20:15,14,2,33.3,62.0,80.0,526.9,light,turn_off
2026-05-13 22:14:02,22,2,28.5,72.2,3.9,297.0,fan,turn_off
2026-05-13 02:16:11,2,2,28.8,77.3,3.5,282.1,light,turn_on
2026-05-14 01:54:13,1,3,28.8,74.2,1.3,291.8,light,turn_on
2026-05-13 07:22:54,7,2,32.8,66.5,74.1,524.9,fan,turn_on
2026-05-13 17:45:33,17,2,31.7,64.0,24.9,427.1,light,turn_on
2026-05-13 06:13:04,6,2,27.9,71.2,2.2,357.5,fan,turn_off
2026-05-13 23:39:44,23,2,28.1,76.9,3.6,306.1,fan,turn_on
2026-05-13 18:15:03,18,2,30.5,61.9,26.4,453.9,fan,turn_off
2026-05-13 00:47:21,0,2,27.4,82.7,3.0,281.9,light,turn_on
2026-05-13 08:16:44,8,2,33.8,69.8,70.8,1748.6,light,turn_off
2026-05-14 03:57:08,3,3,27.4,74.8,2.9,237.8,fan,turn_off
2026-05-14 02:41:19,2,3,28.7,75.2,2.5,275.9,fan,turn_off
2026-05-14 07:27:22,7,3,32.2,67.2,77.4,3208.3,light,turn_off
2026-05-13 09:41:08,9,2,33.1,63.3,89.4,576.7,fan,turn_on
2026-05-14 01:21:16,1,3,27.9,75.4,3.0,273.8,light,turn_on
2026-05-13 12:43:24,12,2,34.0,59.7,77.1,531.8,fan,turn_on
2026-05-14 04:28:00,4,3,28.0,73.6,3.7,389.8,fan,turn_off
2026-05-13 06:30:43,6,2,27.8,71.4,5.6,358.5,light,turn_off
2026-05-07 08:05:45,8,3,33.8,58.0,80.0,3257.0,fan,turn_on
2026-05-13 10:02:50,10,2,33.3,64.8,86.2,563.0,light,turn_off
2026-05-13 21:58:32,21,2,28.0,71.9,1.4,260.2,fan,turn_off
2026-05-13 08:39:07,8,2,34.4,69.7,76.7,1221.2,fan,turn_on
2026-05-13 08:58:00,8,2,33.9,68.2,73.8,524.7,light,turn_off
2026-05-13 06:43:51,6,2,27.5,73.6,3.4,376.8,light,turn_off
2026-05-14 07:26:40,7,3,32.2,66.9,78.1,2836.2,fan,turn_on
2026-05-13 06:55:40,6,2,27.6,75.0,4.1,361.9,light,turn_on
2026-05-13 17:43:21,17,2,31.8,64.0,33.2,422.0,fan,turn_on
2026-05-13 04:35:25,4,2,27.3,76.1,4.8,379.4,fan,turn_off
2026-05-13 05:46:56,5,2,28.2,73.2,4.5,355.6,fan,turn_off
2026-05-13 06:11:31,6,2,27.8,71.9,4.3,369.2,light,turn_on
2026-05-13 08:53:12,8,2,34.1,68.4,75.8,590.8,fan,turn_on
2026-05-14 08:26:26,8,3,33.5,68.5,74.4,3431.8,fan,turn_on
2026-05-13 15:38:32,15,2,35.0,59.2,79.9,490.7,light,turn_off
2026-05-13 03:43:17,3,2,27.4,75.3,3.0,294.9,fan,turn_off
2026-05-13 00:13:59,0,2,27.0,80.0,3.1,306.1,fan,turn_off
2026-05-07 08:27:40,8,3,33.8,59.70000000000001,82.0,414.0,fan,turn_on
2026-05-14 01:06:47,1,3,27.5,75.8,1.0,317.2,light,turn_on
2026-05-13 21:54:36,21,2,28.2,72.6,2.9,303.2,light,turn_on
2026-05-13 23:10:30,23,2,28.6,75.6,2.5,306.9,light,turn_on
2026-05-13 05:02:35,5,2,27.6,75.7,2.5,350.3,fan,turn_off
2026-05-13 19:59:39,19,2,31.6,63.9,31.7,432.3,fan,turn_on
2026-05-14 06:30:45,6,3,28.5,72.3,7.0,338.4,fan,turn_off
2026-05-13 03:36:38,3,2,27.5,74.3,3.9,281.6,light,turn_on
2026-05-14 00:32:07,0,3,26.3,77.6,2.4,273.9,light,turn_on
2026-05-14 02:50:38,2,3,28.9,73.9,2.6,276.6,light,turn_on
2026-05-12 03:44:40,3,1,33.4,56.1,72.0,434.0,light,turn_on
2026-05-13 06:35:42,6,2,27.8,71.8,4.8,372.4,fan,turn_off
2026-05-14 07:25:25,7,3,32.3,66.4,74.7,3095.0,fan,turn_off
2026-05-13 23:45:49,23,2,27.2,79.5,4.8,263.6,fan,turn_off
2026-05-13 08:37:48,8,2,34.3,69.6,75.2,1661.7,fan,turn_on
2026-05-13 08:33:23,8,2,34.1,68.8,77.3,2862.2,light,turn_off
2026-05-13 09:26:03,9,2,33.7,63.8,83.4,607.3,light,turn_off
2026-05-13 21:15:14,21,2,28.9,73.4,2.2,330.1,light,turn_on
2026-05-13 07:55:35,7,2,33.1,68.6,77.9,1756.7,light,turn_off
2026-05-14 08:55:08,8,3,34.1,66.1,76.7,1124.5,light,turn_off
2026-05-13 02:35:05,2,2,28.5,74.5,1.8,258.6,light,turn_on
2026-05-13 21:03:08,21,2,31.0,66.0,1.0,315.4,light,turn_on
2026-05-14 05:37:31,5,3,28.4,71.9,2.2,351.4,light,turn_on
2026-05-14 08:47:18,8,3,33.9,67.1,73.0,551.7,light,turn_off
2026-05-13 22:36:05,22,2,29.0,72.1,2.4,296.2,fan,turn_off
2026-05-13 05:21:21,5,2,28.0,73.6,4.6,360.9,fan,turn_off
2026-05-13 09:59:14,9,2,33.6,63.8,87.0,593.7,fan,turn_on
2026-05-13 02:10:16,2,2,28.8,78.0,1.0,299.0,fan,turn_off
2026-05-13 18:07:31,18,2,30.7,62.6,33.4,437.7,light,turn_on
2026-05-13 19:13:37,19,2,30.1,65.4,26.6,418.9,light,turn_on
2026-05-13 21:58:59,21,2,28.1,72.3,2.7,278.0,fan,turn_off
2026-05-13 18:05:46,18,2,30.9,63.2,31.9,438.9,fan,turn_off
2026-05-13 04:19:40,4,2,27.7,76.8,3.9,379.3,fan,turn_off
2026-05-13 17:02:30,17,2,34.3,61.9,45.9,468.3,fan,turn_on
2026-05-13 18:01:27,18,2,31.6,63.4,35.2,445.3,fan,turn_on
2026-05-13 19:04:17,19,2,30.3,65.2,23.9,406.5,light,turn_on
2026-05-13 21:48:26,21,2,28.0,72.6,4.5,290.0,light,turn_on
2026-05-13 14:07:02,14,2,33.3,61.5,81.5,489.2,fan,turn_on
2026-05-14 07:41:11,7,3,33.0,67.3,69.8,2690.6,fan,turn_off
2026-05-13 07:32:11,7,2,32.3,68.8,78.3,2673.4,light,turn_off
2026-05-14 00:25:00,0,3,27.1,77.7,3.1,300.9,light,turn_on
2026-05-13 10:35:19,10,2,33.8,61.4,82.4,506.8,fan,turn_off
2026-05-12 03:32:30,3,1,33.3,58.29999999999999,61.0,438.0,fan,turn_off
2026-05-13 11:54:13,11,2,33.2,64.6,86.1,496.1,light,turn_off
2026-05-13 18:29:25,18,2,29.5,65.7,28.6,435.7,light,turn_on
2026-05-13 19:13:37,19,2,30.1,65.4,26.6,418.9,fan,turn_off
2026-05-13 14:43:36,14,2,33.3,61.8,81.6,549.1,light,turn_off
2026-05-14 07:20:24,7,3,31.8,66.6,71.7,2102.4,light,turn_off
2026-05-13 03:00:15,3,2,27.5,74.6,3.9,308.7,light,turn_on
2026-05-13 20:29:00,20,2,31.2,63.9,23.4,458.8,light,turn_on
2026-05-13 02:55:16,2,2,27.7,75.2,2.8,295.2,light,turn_on
2026-05-13 02:30:09,2,2,28.9,75.1,1.1,252.2,light,turn_on
2026-05-13 20:59:10,20,2,31.7,64.4,29.2,411.0,light,turn_on
2026-05-13 11:30:25,11,2,33.1,62.4,89.4,498.9,fan,turn_off
2026-05-13 09:03:14,9,2,33.7,64.8,79.3,1663.5,fan,turn_on
2026-05-14 09:06:00,9,3,33.6,64.7,84.3,560.5,fan,turn_on
2026-05-13 11:12:32,11,2,33.5,61.7,88.7,579.3,fan,turn_on
2026-05-13 02:33:25,2,2,28.7,74.7,4.5,259.8,fan,turn_on
2026-05-13 18:39:18,18,2,29.8,65.2,29.4,458.2,light,turn_on
2026-05-13 13:59:07,13,2,33.2,62.4,72.0,513.6,fan,turn_on
2026-05-13 16:41:23,16,2,35.3,60.7,80.1,488.2,light,turn_off
2026-05-14 06:52:51,6,3,27.5,73.2,4.3,365.5,fan,turn_off
2026-05-13 21:43:15,21,2,28.1,72.2,4.3,286.5,light,turn_on
2026-05-12 03:50:10,3,1,33.5,56.9,69.0,432.0,light,turn_on
2026-05-14 00:46:16,0,3,27.1,77.9,4.3,310.0,light,turn_on
2026-05-13 02:59:32,2,2,27.6,75.0,2.9,318.7,light,turn_on
2026-05-13 08:08:22,8,2,33.8,68.8,73.1,3875.0,light,turn_off
2026-05-13 23:06:20,23,2,28.7,74.5,2.9,261.8,fan,turn_on
2026-05-13 15:35:26,15,2,35.0,58.4,77.4,535.3,fan,turn_on
2026-05-14 05:04:14,5,3,28.2,72.4,6.0,384.7,fan,turn_on
2026-05-13 23:39:44,23,2,28.1,76.9,3.6,306.1,light,turn_on
2026-05-13 13:57:49,13,2,33.2,62.2,71.7,560.9,light,turn_off
2026-05-13 13:52:50,13,2,33.2,62.5,83.1,517.4,fan,turn_on
2026-05-13 11:53:25,11,2,33.4,64.6,85.4,508.7,fan,turn_on
2026-05-13 20:42:14,20,2,31.2,63.8,22.0,419.4,fan,turn_on
2026-05-12 03:32:00,3,1,0.0,0.0,66.0,0.0,fan,turn_off
2026-05-13 07:52:57,7,2,33.0,68.3,71.4,3042.5,light,turn_off
2026-05-13 13:52:04,13,2,33.3,62.0,83.8,504.5,light,turn_off
2026-05-14 02:58:16,2,3,28.8,73.3,1.0,292.0,light,turn_on
2026-05-14 06:44:59,6,3,27.4,72.0,3.9,362.8,light,turn_off
2026-05-14 09:02:03,9,3,33.8,65.0,79.5,614.2,light,turn_off
2026-05-13 18:20:32,18,2,30.2,63.4,32.6,455.0,light,turn_on
2026-05-13 23:03:03,23,2,28.6,74.8,3.5,288.6,light,turn_on
2026-05-13 19:41:47,19,2,30.4,64.9,31.7,423.0,fan,turn_off
2026-05-13 19:14:36,19,2,30.2,65.2,28.4,437.5,light,turn_on
2026-05-14 04:21:06,4,3,27.9,73.9,4.9,368.6,fan,turn_off
2026-05-14 06:29:42,6,3,28.5,71.9,6.2,358.3,light,turn_on
2026-05-13 15:12:57,15,2,33.1,57.4,80.6,468.5,light,turn_off
2026-05-13 02:52:06,2,2,27.4,74.9,3.4,298.4,fan,turn_off
2026-05-14 01:48:33,1,3,28.7,74.1,4.4,266.8,fan,turn_on
2026-05-14 05:46:56,5,3,27.7,73.2,3.4,383.1,light,turn_on
2026-05-13 05:26:41,5,2,28.4,73.4,4.7,380.3,fan,turn_off
2026-05-14 00:35:44,0,3,26.7,78.6,2.5,299.9,light,turn_on
2026-05-13 23:16:11,23,2,28.9,76.3,5.0,299.7,fan,turn_on
2026-05-13 06:59:17,6,2,27.7,74.1,7.7,379.4,light,turn_on
2026-05-13 21:40:50,21,2,28.2,72.0,3.5,304.9,light,turn_on
2026-05-13 13:55:28,13,2,33.4,62.7,74.2,541.3,light,turn_off
2026-05-13 18:34:49,18,2,30.1,66.2,24.8,447.0,light,turn_on
2026-05-13 02:41:52,2,2,28.0,75.3,3.8,289.9,fan,turn_on
2026-05-13 14:38:31,14,2,33.5,61.1,78.5,529.5,fan,turn_on
2026-05-13 08:54:36,8,2,34.3,69.2,76.8,562.3,fan,turn_on
2026-05-13 03:09:19,3,2,27.0,72.6,4.2,250.1,fan,turn_off
2026-05-13 14:27:05,14,2,33.0,62.4,82.9,455.7,fan,turn_on
2026-05-13 07:53:25,7,2,33.1,68.2,69.0,2996.0,fan,turn_on
2026-05-13 22:25:25,22,2,28.6,72.3,1.3,288.7,fan,turn_off
2026-05-14 07:28:39,7,3,32.3,67.8,74.1,2634.8,fan,turn_off
2026-05-13 11:46:23,11,2,33.2,64.1,86.3,538.7,light,turn_off
2026-05-07 07:55:35,7,3,33.6,58.1,85.0,3491.0,light,turn_off
2026-05-13 18:27:17,18,2,29.7,64.7,26.7,441.3,light,turn_on
2026-05-13 21:59:40,21,2,27.9,72.8,1.0,283.1,fan,turn_off
2026-05-13 00:41:40,0,2,27.6,81.0,1.8,299.9,light,turn_on
2026-05-13 22:47:23,22,2,28.1,73.2,1.9,324.7,light,turn_on
2026-05-13 14:01:33,14,2,33.1,62.1,72.1,508.9,fan,turn_on
2026-05-14 02:18:02,2,3,28.0,74.8,1.0,231.9,light,turn_off
2026-05-13 23:54:15,23,2,27.6,78.5,3.7,321.9,fan,turn_off
2026-05-13 05:15:37,5,2,27.7,75.2,7.7,408.0,light,turn_on
2026-05-14 04:36:25,4,3,28.4,73.4,5.0,391.8,fan,turn_on
2026-05-13 19:39:02,19,2,30.1,65.7,27.4,462.0,fan,turn_on
2026-05-13 11:48:03,11,2,33.2,64.3,82.8,521.8,fan,turn_on
2026-05-13 04:35:57,4,2,27.4,76.3,3.7,367.0,light,turn_on
2026-05-13 04:28:43,4,2,27.2,76.4,4.5,394.7,light,turn_on
2026-05-13 16:23:58,16,2,35.1,58.6,77.7,524.0,light,turn_off
2026-05-13 16:53:37,16,2,34.7,59.7,85.3,525.8,fan,turn_off
2026-05-13 19:17:06,19,2,30.0,64.1,26.8,428.4,light,turn_on
2026-05-13 19:54:49,19,2,30.8,63.5,33.4,409.1,light,turn_on
2026-05-14 04:42:56,4,3,28.1,73.8,5.0,377.1,light,turn_on
2026-05-14 02:35:06,2,3,28.7,74.9,2.2,303.1,fan,turn_on
2026-05-13 23:45:49,23,2,27.2,79.5,4.8,263.6,light,turn_on
2026-05-13 13:39:05,13,2,33.4,62.5,72.9,485.9,light,turn_off
2026-05-13 13:23:16,13,2,33.5,61.3,71.1,503.6,light,turn_off
2026-05-14 01:14:27,1,3,27.7,77.1,3.6,295.9,fan,turn_off
2026-05-14 07:36:08,7,3,32.7,66.9,77.9,3170.8,light,turn_off
2026-05-14 04:57:45,4,3,28.3,71.5,2.0,363.8,fan,turn_off
2026-05-13 11:56:28,11,2,33.5,64.6,82.7,522.6,light,turn_off
2026-05-14 01:15:21,1,3,27.7,77.0,1.5,291.3,light,turn_off
2026-05-13 12:43:46,12,2,33.8,59.4,77.0,524.6,light,turn_off
2026-05-13 03:50:12,3,2,27.2,74.8,4.5,292.4,fan,turn_on
2026-05-14 02:15:27,2,3,28.3,74.1,4.6,266.0,light,turn_on
2026-05-13 14:45:33,14,2,33.1,61.7,79.0,545.5,fan,turn_on
2026-05-13 20:39:54,20,2,30.8,64.3,26.0,439.5,light,turn_on
2026-05-14 04:07:33,4,3,27.5,72.7,1.2,375.5,light,turn_on
2026-05-13 03:53:33,3,2,27.2,74.9,1.2,254.6,light,turn_on
2026-05-14 01:34:37,1,3,28.2,75.1,2.7,265.1,fan,turn_off
2026-05-13 10:33:06,10,2,33.8,61.7,83.3,505.6,light,turn_off
2026-05-14 08:49:47,8,3,33.7,66.8,73.8,2622.0,fan,turn_on
2026-05-13 02:25:32,2,2,28.9,76.9,5.0,292.2,fan,turn_off
2026-05-14 00:27:39,0,3,27.2,77.4,2.7,285.4,light,turn_on
2026-05-13 02:49:50,2,2,27.4,74.3,4.6,306.5,light,turn_on
2026-05-13 07:45:15,7,2,33.2,68.6,79.9,580.8,fan,turn_on
2026-05-13 04:35:25,4,2,27.3,76.1,4.8,379.4,light,turn_on
2026-05-14 05:11:16,5,3,28.8,72.2,3.5,371.4,fan,turn_on
2026-05-13 18:28:35,18,2,29.5,65.2,31.9,461.9,fan,turn_off
2026-05-13 14:11:32,14,2,33.6,61.4,80.1,521.0,light,turn_off
2026-05-13 22:42:39,22,2,28.7,72.6,3.8,302.6,fan,turn_on
2026-05-13 05:10:19,5,2,27.3,75.0,6.6,369.7,light,turn_on
2026-05-13 20:15:33,20,2,31.9,61.7,32.4,399.0,light,turn_on
2026-05-13 07:46:06,7,2,33.1,69.0,80.3,549.2,light,turn_off
2026-05-12 03:46:00,3,1,33.4,55.79999999999999,71.0,384.0,light,turn_on
2026-05-13 21:24:42,21,2,28.6,72.5,3.1,288.0,fan,turn_off
2026-05-14 01:31:42,1,3,27.9,76.1,4.3,286.3,light,turn_on
2026-05-13 19:53:24,19,2,30.7,63.5,33.1,428.6,fan,turn_off
2026-05-13 05:40:16,5,2,28.2,74.3,5.4,373.2,fan,turn_off
2026-05-14 00:30:45,0,3,26.7,77.5,4.5,271.4,light,turn_on
2026-05-13 12:39:15,12,2,34.1,60.9,78.3,567.2,fan,turn_on
2026-05-13 06:02:53,6,2,28.1,72.3,1.7,368.9,light,turn_on
2026-05-13 09:13:54,9,2,34.2,64.1,85.9,563.0,fan,turn_on
2026-05-14 07:44:03,7,3,32.8,66.5,69.8,2665.2,fan,turn_off
2026-05-14 06:25:45,6,3,28.4,70.7,6.5,366.4,fan,turn_on
2026-05-13 13:35:47,13,2,33.2,63.2,77.9,526.1,fan,turn_on
2026-05-12 03:07:40,3,1,33.4,70.5,62.0,482.0,fan,turn_on
2026-05-13 01:49:45,1,2,28.8,78.2,5.0,274.9,light,turn_on
2026-05-14 00:26:49,0,3,27.1,77.9,1.0,281.2,fan,turn_off
2026-05-13 01:35:09,1,2,28.4,78.4,2.2,279.3,fan,turn_on
2026-05-14 05:50:04,5,3,27.7,74.0,3.1,361.3,light,turn_on
2026-05-14 04:29:25,4,3,28.0,74.1,5.0,368.4,light,turn_on
2026-05-07 08:03:45,8,3,34.0,57.4,81.0,3280.0,light,turn_off
2026-05-13 11:52:47,11,2,33.3,64.4,85.4,516.9,light,turn_off
2026-05-13 21:42:26,21,2,28.0,72.6,3.6,295.2,light,turn_on
2026-05-13 10:10:33,10,2,33.2,64.7,83.9,528.5,light,turn_off
2026-05-13 00:27:16,0,2,27.8,81.7,2.2,255.5,light,turn_on
2026-05-13 13:45:49,13,2,33.2,62.3,82.1,477.1,fan,turn_on
2026-05-14 04:31:17,4,3,28.3,73.9,3.2,368.3,light,turn_on
2026-05-13 03:22:48,3,2,27.0,72.0,2.1,284.6,fan,turn_on
2026-05-13 13:05:24,13,2,33.2,60.5,77.8,452.0,fan,turn_on
2026-05-14 07:35:43,7,3,32.6,67.2,73.1,823.3,light,turn_off
2026-05-14 06:26:51,6,3,28.6,71.2,4.1,379.6,light,turn_on
2026-05-13 02:14:50,2,2,28.8,78.1,4.5,260.5,fan,turn_off
2026-05-12 03:53:45,3,1,33.5,55.6,67.0,419.0,fan,turn_on
2026-05-14 00:06:52,0,3,27.4,77.6,4.9,318.9,light,turn_on
2026-05-14 08:24:11,8,3,33.9,68.1,73.4,526.6,light,turn_off
2026-05-13 11:16:00,11,2,33.4,61.5,89.1,565.9,fan,turn_on
2026-05-14 08:35:31,8,3,33.5,67.3,76.7,851.2,fan,turn_on
2026-05-14 00:11:58,0,3,27.7,78.0,3.0,305.6,light,turn_on
2026-05-13 20:00:19,20,2,31.7,64.1,31.2,452.1,fan,turn_on
2026-05-14 05:35:52,5,3,28.5,72.0,4.1,359.0,fan,turn_on
2026-05-13 16:10:55,16,2,35.2,58.1,78.4,519.9,light,turn_off
2026-05-13 00:19:05,0,2,27.2,80.6,2.4,274.1,light,turn_on
2026-05-13 19:35:18,19,2,29.8,66.2,28.5,427.4,fan,turn_on
2026-05-14 06:40:22,6,3,27.7,72.7,5.3,355.0,light,turn_on
2026-05-14 07:07:16,7,3,29.0,69.4,74.2,2753.9,fan,turn_on
2026-05-14 07:18:47,7,3,31.5,67.3,74.7,3660.8,light,turn_off
2026-05-13 13:57:21,13,2,33.2,62.2,73.9,544.7,light,turn_off
2026-05-14 07:15:31,7,3,30.8,68.8,74.5,2841.4,fan,turn_off
2026-05-13 12:53:45,12,2,33.0,61.4,77.3,527.5,fan,turn_on
2026-05-13 22:48:37,22,2,28.3,73.4,1.0,302.7,fan,turn_off
2026-05-13 09:50:31,9,2,33.3,64.9,83.7,543.7,light,turn_off
2026-05-13 18:45:01,18,2,30.5,64.9,25.3,426.2,light,turn_on
2026-05-13 07:31:32,7,2,32.5,68.3,77.9,3846.8,fan,turn_on
2026-05-13 16:47:50,16,2,34.9,60.0,82.6,483.1,fan,turn_on
2026-05-13 12:27:33,12,2,33.8,63.2,75.0,491.2,light,turn_off
2026-05-13 21:01:46,21,2,31.3,65.1,2.9,363.7,fan,turn_on
2026-05-14 08:22:08,8,3,34.0,69.2,75.8,497.7,light,turn_off
2026-05-12 03:46:35,3,1,33.4,56.1,71.0,435.0,light,turn_on
2026-05-12 03:10:10,3,1,33.1,57.1,58.0,480.0,fan,turn_on
2026-05-13 17:40:16,17,2,31.8,63.5,31.5,435.9,fan,turn_on
2026-05-13 00:18:14,0,2,27.2,80.5,1.0,277.3,fan,turn_off
2026-05-14 07:30:59,7,3,32.4,67.8,71.9,2129.4,light,turn_off
2026-05-13 20:48:44,20,2,31.3,64.6,29.2,477.4,light,turn_on
2026-05-13 22:04:09,22,2,27.9,72.7,1.1,280.4,fan,turn_off
2026-05-13 19:47:28,19,2,30.5,63.6,30.7,457.2,light,turn_on
2026-05-13 03:51:43,3,2,27.1,75.4,1.3,271.2,fan,turn_on
2026-05-13 22:15:22,22,2,28.7,72.2,2.9,297.6,light,turn_on
2026-05-14 08:43:13,8,3,34.0,67.3,74.0,547.7,light,turn_off
2026-05-13 06:57:42,6,2,27.8,74.2,6.7,375.3,fan,turn_off
2026-05-14 07:01:25,7,3,27.5,72.7,41.1,425.0,fan,turn_off
2026-05-13 03:33:26,3,2,27.6,73.5,3.6,284.0,fan,turn_off
2026-05-13 01:21:30,1,2,28.3,80.2,4.7,279.5,fan,turn_on
2026-05-13 16:11:36,16,2,35.2,58.2,79.0,515.0,light,turn_off
2026-05-13 09:07:29,9,2,33.9,64.5,81.9,788.0,light,turn_off
2026-05-14 01:49:45,1,3,28.7,74.2,2.7,245.5,light,turn_on
2026-05-14 04:04:50,4,3,27.4,74.2,1.5,366.2,light,turn_on
2026-05-13 15:19:35,15,2,33.7,57.2,70.3,501.3,light,turn_off
2026-05-13 22:11:47,22,2,28.4,73.0,3.4,274.4,fan,turn_off
2026-05-13 22:28:21,22,2,28.6,72.1,1.7,310.5,light,turn_on
2026-05-14 06:41:15,6,3,27.6,73.0,5.8,357.3,fan,turn_on
2026-05-13 22:30:28,22,2,28.9,72.4,1.0,288.5,light,turn_on
2026-05-13 20:51:35,20,2,31.5,64.5,23.8,435.9,fan,turn_on
2026-05-13 07:57:17,7,2,33.4,68.7,83.1,1300.4,fan,turn_on
2026-05-13 01:25:35,1,2,28.7,79.8,2.0,294.8,light,turn_on
2026-05-12 03:41:20,3,1,33.4,56.0,63.0,432.0,light,turn_on
2026-05-14 08:36:08,8,3,33.6,67.1,78.0,772.2,light,turn_off
2026-05-14 04:50:08,4,3,27.6,72.6,3.6,366.8,fan,turn_off
2026-05-14 07:36:34,7,3,32.6,67.4,74.8,2717.6,fan,turn_on
2026-05-13 16:44:13,16,2,35.3,60.9,82.8,518.4,light,turn_off
2026-05-14 01:15:21,1,3,27.7,77.0,1.5,291.3,fan,turn_off
2026-05-13 16:09:40,16,2,35.1,58.2,79.7,499.8,light,turn_off
2026-05-13 07:09:55,7,2,29.8,69.3,70.5,3505.0,fan,turn_on
2026-05-13 10:38:50,10,2,33.4,61.8,86.7,554.6,fan,turn_on
2026-05-13 12:48:13,12,2,33.3,60.6,75.0,524.9,fan,turn_on
2026-05-14 05:44:39,5,3,28.2,72.5,3.8,364.0,light,turn_on
2026-05-13 21:15:45,21,2,29.0,73.2,3.9,323.6,light,turn_on
2026-05-13 22:25:52,22,2,28.7,72.0,1.0,273.9,fan,turn_off
2026-05-13 09:28:10,9,2,33.8,63.7,81.9,565.2,light,turn_off
2026-05-13 11:13:41,11,2,33.6,61.1,87.9,552.8,fan,turn_on
2026-05-14 00:38:31,0,3,26.9,78.9,2.9,299.5,fan,turn_off
2026-05-13 15:54:29,15,2,35.3,59.3,84.7,504.7,light,turn_off
2026-05-07 08:02:45,8,3,34.0,57.6,80.0,3261.0,fan,turn_on
2026-05-13 16:40:37,16,2,35.4,60.6,80.6,515.2,fan,turn_off
2026-05-13 23:03:26,23,2,28.6,74.4,3.3,297.7,fan,turn_on
2026-05-13 17:28:11,17,2,32.0,62.3,31.6,403.1,light,turn_on
2026-05-13 00:13:31,0,2,27.1,79.9,1.0,305.4,light,turn_on
2026-05-14 04:43:54,4,3,28.0,73.6,3.3,379.7,fan,turn_on
2026-05-13 09:24:29,9,2,33.7,63.9,89.0,569.4,fan,turn_on
2026-05-13 16:22:48,16,2,35.2,58.9,77.3,506.3,fan,turn_on
2026-05-14 04:13:13,4,3,27.6,73.9,5.0,397.1,fan,turn_off
2026-05-14 06:34:36,6,3,27.9,73.4,7.4,327.6,light,turn_on
2026-05-13 20:52:12,20,2,31.5,64.8,22.8,409.6,fan,turn_on
2026-05-13 19:31:23,19,2,29.4,67.3,26.9,417.0,light,turn_on
2026-05-13 01:06:27,1,2,27.5,83.3,3.3,267.6,light,turn_on
2026-05-13 20:05:19,20,2,32.0,63.3,30.9,465.1,light,turn_on
2026-05-14 08:39:08,8,3,33.9,67.4,77.5,574.4,light,turn_on
2026-05-13 01:49:45,1,2,28.8,78.2,5.0,274.9,fan,turn_off
2026-05-07 08:16:25,8,3,33.7,59.5,82.0,447.0,fan,turn_off
2026-05-13 02:12:12,2,2,28.6,78.6,1.9,269.2,light,turn_on
2026-05-13 04:37:56,4,2,27.0,75.7,1.1,378.1,fan,turn_off
2026-05-13 13:28:16,13,2,33.8,61.3,83.2,508.9,fan,turn_on
2026-05-13 02:49:15,2,2,27.5,74.7,3.7,290.4,light,turn_on
2026-05-14 05:06:00,5,3,28.3,72.5,6.1,375.9,light,turn_on
2026-05-13 19:58:31,19,2,31.3,63.3,33.7,419.7,fan,turn_off
2026-05-13 23:59:21,23,2,27.8,76.8,1.0,266.8,light,turn_on
2026-05-13 03:37:54,3,2,27.4,75.1,3.6,279.2,light,turn_on
2026-05-13 23:16:42,23,2,28.9,76.9,5.0,304.9,light,turn_on
2026-05-14 00:29:25,0,3,27.1,77.3,4.4,273.5,light,turn_on
2026-05-13 22:40:47,22,2,28.8,72.2,3.2,304.2,light,turn_on
2026-05-14 02:25:20,2,3,28.2,75.3,4.7,273.5,fan,turn_off
2026-05-13 01:32:57,1,2,28.4,79.0,1.4,306.7,fan,turn_on
2026-05-12 03:08:10,3,1,33.2,57.6,60.0,471.0,light,turn_on
2026-05-14 07:52:26,7,3,33.3,66.8,79.3,602.7,fan,turn_on
2026-05-13 02:05:56,2,2,29.0,78.1,4.6,276.3,fan,turn_on
2026-05-13 20:24:11,20,2,31.3,62.9,25.0,451.1,fan,turn_off
2026-05-14 04:13:13,4,3,27.6,73.9,5.0,397.1,light,turn_on
2026-05-13 07:28:57,7,2,32.7,66.9,75.3,479.4,fan,turn_on
2026-05-14 06:33:08,6,3,28.1,73.5,5.4,320.6,light,turn_on
2026-05-13 14:19:46,14,2,33.3,61.7,78.9,487.4,light,turn_off
2026-05-13 16:37:55,16,2,35.3,61.1,85.4,523.2,fan,turn_on
2026-05-13 18:36:20,18,2,30.3,65.4,26.5,472.2,light,turn_on
2026-05-13 16:47:50,16,2,34.9,60.0,82.6,483.1,light,turn_off
2026-05-13 02:02:27,2,2,28.9,79.1,2.6,266.8,fan,turn_on
2026-05-14 07:48:10,7,3,33.1,65.7,73.9,946.3,fan,turn_on
2026-05-14 01:50:10,1,3,28.9,73.7,4.0,241.7,fan,turn_on
2026-05-14 06:23:59,6,3,28.6,70.4,3.3,355.9,fan,turn_off
2026-05-13 23:25:48,23,2,28.9,76.3,5.0,271.5,fan,turn_off
2026-05-14 07:39:48,7,3,32.9,67.3,76.5,2125.5,fan,turn_on
2026-05-13 08:13:09,8,2,33.9,69.0,74.4,4033.7,light,turn_off
2026-05-13 04:48:10,4,2,27.3,76.0,3.1,377.5,light,turn_on
2026-05-14 06:16:22,6,3,28.2,70.8,3.4,362.5,fan,turn_off
2026-05-13 18:21:20,18,2,30.0,63.2,35.1,460.3,fan,turn_on
2026-05-13 18:32:22,18,2,29.7,65.8,27.7,406.9,fan,turn_off
2026-05-13 11:51:47,11,2,33.1,64.6,84.5,534.2,light,turn_off
2026-05-14 08:44:20,8,3,34.1,67.0,74.2,521.6,fan,turn_on
2026-05-13 06:50:06,6,2,27.5,74.6,2.6,382.6,fan,turn_off
2026-05-14 00:19:29,0,3,26.9,78.5,1.0,273.1,fan,turn_off
2026-05-13 08:09:54,8,2,33.7,69.0,74.2,2642.6,light,turn_off
2026-05-13 08:40:41,8,2,34.4,69.3,75.4,2590.0,light,turn_off
2026-05-13 15:54:04,15,2,35.2,59.9,81.9,510.7,fan,turn_on
2026-05-14 07:00:43,7,3,27.4,73.1,31.3,414.4,fan,turn_off
2026-05-13 02:41:24,2,2,28.1,75.4,2.9,296.3,light,turn_on
2026-05-14 06:07:15,6,3,28.1,71.1,2.3,360.9,fan,turn_off
2026-05-14 09:18:48,9,3,33.3,63.1,84.5,526.8,light,turn_off
2026-05-13 03:53:07,3,2,27.0,75.1,1.0,267.5,light,turn_on
2026-05-13 03:22:09,3,2,27.1,72.3,3.2,281.0,light,turn_on
2026-05-14 08:53:23,8,3,33.8,66.3,75.5,1494.9,light,turn_off
2026-05-14 00:48:15,0,3,27.4,77.3,3.3,307.8,fan,turn_off
2026-05-14 06:10:48,6,3,28.4,70.1,2.2,361.0,light,turn_on
2026-05-13 09:47:40,9,2,33.2,64.5,85.3,510.8,light,turn_off
2026-05-13 00:15:39,0,2,27.2,80.3,1.2,287.2,fan,turn_off
2026-05-13 14:09:09,14,2,33.3,61.1,86.2,486.1,light,turn_off
2026-05-13 22:44:28,22,2,28.4,73.2,5.0,315.8,light,turn_on
2026-05-13 19:57:17,19,2,31.1,63.2,33.4,440.0,fan,turn_on
2026-05-13 00:32:53,0,2,27.2,80.4,1.8,303.7,light,turn_on
2026-05-14 02:30:29,2,3,28.6,75.3,2.9,233.8,light,turn_on
2026-05-13 20:52:12,20,2,31.5,64.8,22.8,409.6,light,turn_on
2026-05-13 08:00:20,8,2,33.5,69.0,75.1,825.9,light,turn_off
2026-05-14 03:24:20,3,3,27.6,75.7,2.1,243.8,light,turn_on
2026-05-07 07:55:35,7,3,33.6,58.1,85.0,3491.0,fan,turn_on
2026-05-13 03:42:54,3,2,27.3,75.8,4.4,267.4,light,turn_on
2026-05-13 03:59:37,3,2,26.8,75.2,3.7,278.2,fan,turn_off
2026-05-07 08:09:05,8,3,0.0,0.0,82.0,0.0,light,turn_off
2026-05-14 03:50:30,3,3,27.2,76.1,4.8,292.1,fan,turn_off
2026-05-13 17:44:11,17,2,31.8,63.6,26.8,415.6,light,turn_on
2026-05-13 09:09:53,9,2,34.1,64.5,86.4,664.0,light,turn_off
2026-05-13 05:40:16,5,2,28.2,74.3,5.4,373.2,light,turn_on
2026-05-14 03:54:54,3,3,27.6,75.6,2.0,277.7,light,turn_on
2026-05-13 14:23:45,14,2,33.3,62.7,79.1,513.0,light,turn_on
2026-05-13 18:21:20,18,2,30.0,63.2,35.1,460.3,light,turn_on
2026-05-14 01:28:40,1,3,27.8,74.6,4.0,312.9,light,turn_on
2026-05-13 14:19:46,14,2,33.3,61.7,78.9,487.4,fan,turn_on
2026-05-13 08:19:49,8,2,33.8,69.6,75.0,904.3,fan,turn_off
2026-05-13 05:25:55,5,2,28.3,73.6,4.9,389.5,fan,turn_off
2026-05-14 08:56:42,8,3,34.2,65.7,76.4,894.6,light,turn_off
2026-05-13 18:14:12,18,2,30.5,61.9,24.8,463.8,fan,turn_off
2026-05-13 04:18:40,4,2,27.7,77.0,4.0,364.8,light,turn_on
2026-05-13 08:38:29,8,2,34.5,70.0,77.0,1424.1,light,turn_off
2026-05-13 09:29:37,9,2,33.6,64.1,86.0,598.0,light,turn_off
2026-05-12 03:44:40,3,1,33.4,56.1,72.0,434.0,fan,turn_on
2026-05-13 11:21:14,11,2,33.0,61.7,86.1,507.1,light,turn_off
2026-05-13 08:12:43,8,2,33.8,68.8,76.5,2738.9,light,turn_off
2026-05-13 00:14:46,0,2,27.2,80.0,1.5,310.7,fan,turn_off
2026-05-14 03:55:59,3,3,27.7,75.1,1.4,255.5,fan,turn_off
2026-05-14 00:50:52,0,3,27.4,76.9,2.1,308.3,light,turn_on
2026-05-13 00:38:15,0,2,27.3,81.1,2.8,269.0,light,turn_on
2026-05-14 06:27:58,6,3,28.6,71.7,4.3,364.5,fan,turn_off
2026-05-13 16:05:50,16,2,34.8,58.3,83.5,476.8,fan,turn_on
2026-05-13 00:12:23,0,2,27.2,79.7,1.0,313.6,fan,turn_off
2026-05-13 15:58:06,15,2,35.4,58.7,83.7,512.7,fan,turn_on
2026-05-13 20:21:15,20,2,31.2,62.6,26.4,400.1,light,turn_on
2026-05-13 11:07:41,11,2,33.8,62.0,86.3,513.2,fan,turn_on
2026-05-13 13:02:11,13,2,33.1,60.3,73.8,483.0,light,turn_off
2026-05-13 12:24:16,12,2,34.1,62.6,73.6,519.4,light,turn_off
2026-05-13 07:03:32,7,2,28.7,71.2,59.5,2272.6,light,turn_off
2026-05-14 05:22:56,5,3,28.3,71.4,5.4,374.1,light,turn_off
2026-05-13 07:50:07,7,2,33.2,68.8,74.0,486.0,light,turn_on
2026-05-13 18:53:23,18,2,31.0,65.3,28.1,450.2,light,turn_on
2026-05-14 05:43:07,5,3,28.2,72.3,5.8,356.1,fan,turn_off
2026-05-12 03:31:10,3,1,33.2,57.6,67.0,445.0,light,turn_on
2026-05-14 06:21:44,6,3,28.5,69.9,4.3,335.2,fan,turn_off
2026-05-07 08:04:15,8,3,33.9,57.6,77.0,3230.0,light,turn_off
2026-05-13 03:22:09,3,2,27.1,72.3,3.2,281.0,fan,turn_off
2026-05-13 14:58:28,14,2,33.0,58.6,81.6,567.7,fan,turn_on
2026-05-13 04:09:41,4,2,27.2,75.7,4.6,387.8,fan,turn_off
2026-05-14 05:05:18,5,3,28.3,72.4,4.9,367.2,light,turn_on
2026-05-14 08:01:52,8,3,33.5,68.5,72.4,1117.7,fan,turn_on
2026-05-13 16:27:52,16,2,35.0,60.2,82.2,504.0,light,turn_off
2026-05-13 12:51:48,12,2,33.0,61.2,74.1,462.4,light,turn_off
2026-05-13 20:20:10,20,2,31.3,62.6,25.1,412.7,fan,turn_on
2026-05-14 08:43:34,8,3,34.1,67.6,76.3,561.4,light,turn_on
2026-05-13 21:22:58,21,2,28.9,72.7,3.9,308.5,light,turn_on
2026-05-13 03:49:20,3,2,27.2,75.0,3.1,289.7,light,turn_on
2026-05-14 01:28:40,1,3,27.8,74.6,4.0,312.9,fan,turn_off
2026-05-13 14:42:04,14,2,33.5,61.4,75.3,575.1,fan,turn_on
2026-05-13 09:30:41,9,2,33.5,64.3,85.6,567.0,fan,turn_on
2026-05-13 03:06:29,3,2,27.1,72.4,2.8,273.0,fan,turn_off
2026-05-13 12:47:52,12,2,33.3,60.3,77.4,515.6,light,turn_off
2026-05-13 03:04:07,3,2,27.2,73.4,3.3,284.5,fan,turn_off
2026-05-13 20:08:34,20,2,31.8,63.7,31.1,468.7,fan,turn_off
2026-05-13 09:00:10,9,2,33.9,67.5,69.3,3782.0,light,turn_off
2026-05-14 08:46:10,8,3,33.9,67.4,71.4,541.0,light,turn_off
2026-05-13 20:27:33,20,2,31.3,63.5,23.6,434.5,fan,turn_on
2026-05-14 08:35:31,8,3,33.5,67.3,76.7,851.2,light,turn_off
2026-05-14 06:05:45,6,3,27.9,71.6,2.5,350.5,fan,turn_off
2026-05-13 22:02:35,22,2,28.0,73.2,2.4,303.7,light,turn_on
2026-05-14 03:33:07,3,3,27.8,75.2,4.9,263.2,light,turn_on
2026-05-13 10:13:03,10,2,33.0,64.8,83.8,501.8,light,turn_off
2026-05-14 09:17:11,9,3,33.8,62.4,86.2,546.6,light,turn_off
2026-05-13 13:36:40,13,2,33.4,62.9,79.3,506.0,light,turn_off
2026-05-13 21:51:36,21,2,28.4,72.2,2.3,274.6,light,turn_on
2026-05-13 01:43:59,1,2,28.5,78.2,4.3,297.7,fan,turn_on
2026-05-13 06:39:35,6,2,27.8,73.1,5.6,374.5,fan,turn_off
2026-05-14 02:21:12,2,3,28.0,75.2,4.8,253.7,light,turn_on
2026-05-13 13:53:47,13,2,33.3,62.6,81.1,538.1,light,turn_off
2026-05-13 00:54:16,0,2,27.7,84.0,4.1,287.4,light,turn_on
2026-05-13 12:20:43,12,2,33.8,62.6,78.6,437.7,light,turn_off
2026-05-07 07:57:35,7,3,33.9,58.3,85.0,3511.0,light,turn_off
2026-05-14 02:54:07,2,3,29.1,74.4,1.4,279.4,light,turn_on
2026-05-13 21:20:43,21,2,28.9,73.5,2.0,299.4,fan,turn_on
2026-05-13 00:21:45,0,2,27.7,80.6,2.8,261.0,fan,turn_off
2026-05-13 01:23:05,1,2,28.4,79.7,4.9,274.3,light,turn_on
2026-05-14 06:01:15,6,3,28.0,73.0,2.6,350.2,fan,turn_on
2026-05-14 01:55:37,1,3,28.8,75.1,1.0,284.5,light,turn_on
2026-05-13 10:57:25,10,2,33.1,64.1,84.9,574.4,fan,turn_on
2026-05-13 15:08:12,15,2,32.9,58.4,83.2,477.7,fan,turn_on
2026-05-13 03:56:10,3,2,26.7,75.2,3.4,278.5,fan,turn_off
2026-05-14 02:48:37,2,3,28.8,74.6,3.5,268.2,light,turn_on
2026-05-13 03:44:47,3,2,27.1,75.8,3.7,298.8,fan,turn_off
2026-05-14 06:07:36,6,3,28.3,70.8,1.5,345.6,fan,turn_off
2026-05-13 23:55:56,23,2,27.6,77.4,2.3,287.4,fan,turn_off
2026-05-14 02:06:32,2,3,28.2,74.5,5.0,262.9,light,turn_on
2026-05-13 19:59:18,19,2,31.4,63.7,31.4,437.3,fan,turn_off
2026-05-13 19:12:47,19,2,30.2,64.5,24.6,473.2,light,turn_on
2026-05-13 22:27:56,22,2,28.8,72.4,1.2,309.2,light,turn_on
2026-05-13 08:25:45,8,2,34.2,69.4,75.2,597.0,fan,turn_on
2026-05-13 00:45:04,0,2,27.5,81.3,3.3,279.9,fan,turn_off
2026-05-13 18:51:56,18,2,31.2,65.3,26.0,430.0,light,turn_on
2026-05-13 08:21:15,8,2,34.0,69.9,77.8,767.5,fan,turn_on
2026-05-13 20:37:32,20,2,30.9,64.3,24.9,438.3,light,turn_on
2026-05-14 07:25:51,7,3,32.3,67.0,74.1,3407.0,fan,turn_on
2026-05-14 07:57:03,7,3,33.6,68.5,73.2,3333.6,fan,turn_on
2026-05-13 00:09:07,0,2,27.6,78.8,1.0,307.6,light,turn_on
2026-05-14 09:00:47,9,3,34.1,64.6,78.1,640.1,light,turn_off
2026-05-13 04:40:12,4,2,27.1,76.2,5.0,405.0,light,turn_on
2026-05-07 08:28:10,8,3,33.8,60.5,82.0,428.0,light,turn_off
2026-05-13 11:47:37,11,2,33.3,63.8,80.7,541.6,light,turn_on
2026-05-12 03:52:45,3,1,33.5,55.70000000000001,65.0,417.0,fan,turn_on
2026-05-13 12:06:10,12,2,33.4,62.1,85.4,454.6,light,turn_off
2026-05-13 08:09:07,8,2,33.7,69.0,73.2,3211.7,fan,turn_on
2026-05-13 07:02:40,7,2,28.6,71.6,54.6,2708.6,light,turn_off
2026-05-13 02:48:16,2,2,27.4,74.7,3.2,281.7,light,turn_on
2026-05-14 08:55:43,8,3,34.2,66.2,74.3,994.3,fan,turn_on
2026-05-13 03:36:58,3,2,27.6,74.7,3.0,271.8,light,turn_on
2026-05-13 20:38:25,20,2,30.8,64.1,25.2,433.0,light,turn_off
2026-05-12 03:46:00,3,1,33.4,55.79999999999999,71.0,384.0,fan,turn_on
2026-05-13 16:31:47,16,2,35.0,60.6,78.2,506.4,fan,turn_on
2026-05-13 02:26:46,2,2,28.7,76.6,4.8,266.0,light,turn_on
2026-05-13 11:12:04,11,2,33.5,61.4,84.7,594.8,fan,turn_on
2026-05-13 16:00:44,16,2,35.3,57.9,83.1,465.7,fan,turn_on
2026-05-14 04:18:38,4,3,27.9,73.1,1.0,392.6,fan,turn_off
2026-05-14 00:20:26,0,3,26.8,78.2,1.0,256.4,fan,turn_off
2026-05-13 05:20:44,5,2,27.9,74.1,7.1,361.0,light,turn_on
2026-05-12 03:34:35,3,1,33.3,56.70000000000001,60.0,433.0,fan,turn_off
2026-05-13 15:48:57,15,2,35.2,58.7,79.7,500.8,fan,turn_on
2026-05-13 21:00:46,21,2,31.6,64.3,5.0,382.7,fan,turn_off
2026-05-13 23:19:02,23,2,29.1,76.5,2.8,305.2,fan,turn_off
2026-05-14 08:37:48,8,3,33.8,66.8,74.1,655.9,light,turn_off
2026-05-13 12:10:15,12,2,33.8,61.6,82.6,500.8,fan,turn_on
2026-05-14 07:21:08,7,3,31.9,66.6,72.7,1784.1,light,turn_off
2026-05-13 00:09:07,0,2,27.6,78.8,1.0,307.6,fan,turn_off
2026-05-14 04:09:50,4,3,27.6,72.9,2.8,363.6,light,turn_on
2026-05-14 08:28:14,8,3,33.3,67.8,79.1,4058.3,light,turn_off
2026-05-13 21:01:17,21,2,31.5,64.7,2.5,382.5,fan,turn_on
2026-05-13 07:12:51,7,2,30.6,68.0,74.4,1596.4,light,turn_off
2026-05-13 01:46:58,1,2,28.7,78.3,3.7,300.8,light,turn_on
2026-05-13 04:20:15,4,2,27.7,76.4,2.7,351.2,light,turn_on
2026-05-13 07:56:21,7,2,33.3,68.9,81.1,1519.0,fan,turn_on
2026-05-14 02:10:46,2,3,28.4,73.1,3.5,303.2,light,turn_on
2026-05-14 02:49:54,2,3,28.9,74.2,1.0,269.2,light,turn_on
2026-05-13 23:33:45,23,2,28.8,76.3,3.7,295.5,fan,turn_off
2026-05-14 03:58:33,3,3,27.2,74.6,3.3,239.8,light,turn_on
2026-05-13 22:45:59,22,2,28.2,73.0,5.0,315.3,fan,turn_off
2026-05-14 09:01:07,9,3,34.0,65.1,79.7,621.5,fan,turn_on
2026-05-13 15:04:02,15,2,33.2,58.9,80.7,491.7,light,turn_off
2026-05-13 04:06:52,4,2,27.0,75.6,2.1,356.0,fan,turn_off
2026-05-13 09:51:01,9,2,33.4,64.4,82.3,557.9,fan,turn_on
2026-05-13 21:44:08,21,2,27.9,72.3,3.8,274.6,light,turn_on
2026-05-14 04:26:44,4,3,27.8,73.5,3.7,349.3,fan,turn_off
2026-05-13 09:19:00,9,2,34.1,63.7,80.8,560.5,light,turn_off
2026-05-14 03:57:28,3,3,27.4,74.7,2.9,260.5,light,turn_on
2026-05-13 13:23:59,13,2,33.5,61.2,75.0,531.7,fan,turn_on
2026-05-14 06:49:14,6,3,27.4,72.6,2.9,350.2,light,turn_on
2026-05-13 01:04:30,1,2,27.4,83.7,3.5,302.6,light,turn_on
2026-05-13 08:24:57,8,2,34.1,69.4,70.5,595.8,fan,turn_on
2026-05-13 11:46:45,11,2,33.2,63.7,83.6,540.3,fan,turn_on
2026-05-13 12:57:39,12,2,33.1,60.4,78.2,500.1,light,turn_off
2026-05-14 03:11:41,3,3,28.1,75.9,4.6,326.6,fan,turn_off
2026-05-14 05:02:56,5,3,28.0,72.6,4.8,373.4,light,turn_off
2026-05-14 01:19:33,1,3,27.9,76.2,1.0,293.8,light,turn_on
2026-05-13 21:36:49,21,2,28.5,72.6,2.8,319.6,fan,turn_off
2026-05-13 02:14:20,2,2,28.7,78.3,2.8,266.6,light,turn_on
2026-05-13 06:12:09,6,2,27.6,72.2,2.6,378.8,fan,turn_off
2026-05-12 03:47:35,3,1,33.5,56.5,72.0,430.0,fan,turn_off
2026-05-13 10:55:08,10,2,33.3,64.2,82.5,568.7,light,turn_off
2026-05-13 19:30:37,19,2,29.3,67.2,26.1,436.5,fan,turn_on
2026-05-13 07:31:06,7,2,32.3,68.3,76.2,498.0,fan,turn_on
2026-05-13 14:05:55,14,2,33.3,61.9,82.2,478.7,light,turn_off
2026-05-14 05:41:03,5,3,28.2,72.1,6.4,345.7,light,turn_on
2026-05-13 05:56:23,5,2,28.1,72.7,1.3,346.7,fan,turn_on
2026-05-13 09:22:42,9,2,33.5,64.5,90.2,596.1,fan,turn_off
2026-05-13 01:10:37,1,2,27.9,82.2,2.7,293.2,light,turn_on
2026-05-14 05:21:00,5,3,28.3,70.7,3.4,364.7,fan,turn_on
2026-05-14 00:58:51,0,3,27.4,77.4,1.0,304.1,fan,turn_off
2026-05-13 14:20:15,14,2,33.3,62.0,80.0,526.9,fan,turn_on
2026-05-14 00:09:06,0,3,27.4,77.5,5.0,294.4,light,turn_on
2026-05-14 04:41:13,4,3,28.4,73.2,5.0,345.1,light,turn_on
2026-05-13 21:33:21,21,2,28.9,73.0,4.8,315.8,light,turn_on
2026-05-13 09:42:59,9,2,33.1,63.7,90.3,542.5,fan,turn_on
2026-05-14 00:31:23,0,3,26.5,77.6,4.3,268.7,fan,turn_off
2026-05-13 13:10:47,13,2,33.5,60.3,83.1,513.6,light,turn_off
2026-05-14 05:02:56,5,3,28.0,72.6,4.8,373.4,fan,turn_on
2026-05-13 18:26:34,18,2,29.7,64.5,25.8,430.3,light,turn_on
2026-05-14 09:03:26,9,3,33.7,64.9,82.6,571.1,fan,turn_on
2026-05-14 03:20:43,3,3,27.9,76.0,1.1,271.1,fan,turn_off
2026-05-14 04:02:32,4,3,27.1,74.8,1.7,311.4,fan,turn_off
2026-05-13 12:30:55,12,2,33.3,62.1,80.4,505.9,fan,turn_off
2026-05-13 21:30:15,21,2,29.1,73.0,5.0,291.8,fan,turn_off
2026-05-13 14:41:37,14,2,33.5,61.2,77.7,565.0,light,turn_off
2026-05-13 01:54:42,1,2,28.9,77.9,3.9,304.6,fan,turn_off
2026-05-13 06:48:07,6,2,27.7,74.0,5.1,359.8,light,turn_on
2026-05-13 11:08:44,11,2,33.7,61.8,88.0,570.3,fan,turn_on
2026-05-13 20:02:09,20,2,31.7,63.3,28.7,457.6,light,turn_on
2026-05-13 07:20:56,7,2,32.3,66.4,74.9,574.0,fan,turn_on
2026-05-13 11:51:47,11,2,33.1,64.6,84.5,534.2,fan,turn_on
2026-05-13 14:39:03,14,2,33.4,60.8,77.7,540.1,fan,turn_on
2026-05-14 00:05:31,0,3,27.4,77.9,2.0,318.4,light,turn_on
2026-05-13 03:07:51,3,2,26.9,72.9,2.6,259.7,fan,turn_on
2026-05-13 08:42:09,8,2,34.2,69.6,78.0,3441.4,light,turn_off
2026-05-13 21:38:46,21,2,28.3,72.5,1.8,289.2,fan,turn_on
2026-05-13 08:21:15,8,2,34.0,69.9,77.8,767.5,light,turn_off
2026-05-13 18:24:30,18,2,29.5,63.7,33.0,441.8,fan,turn_on
2026-05-13 21:28:21,21,2,29.0,72.4,3.8,296.4,light,turn_on
2026-05-14 09:02:27,9,3,33.7,64.7,81.6,603.3,fan,turn_on
2026-05-13 00:29:02,0,2,27.4,81.6,3.6,281.8,light,turn_on
2026-05-13 12:23:54,12,2,34.0,62.2,72.6,497.3,light,turn_off
2026-05-13 17:05:54,17,2,33.5,63.6,34.0,424.4,fan,turn_on
2026-05-14 05:47:25,5,3,27.8,73.5,4.8,370.7,fan,turn_off
2026-05-13 01:13:05,1,2,28.0,81.2,2.8,294.3,fan,turn_on
2026-05-13 14:35:57,14,2,33.3,61.2,74.4,539.5,fan,turn_off
2026-05-14 02:26:37,2,3,28.4,75.1,3.8,259.4,light,turn_on
2026-05-13 15:20:09,15,2,33.8,56.7,70.8,480.3,fan,turn_off
2026-05-13 11:43:50,11,2,33.5,63.5,88.7,523.0,light,turn_off
2026-05-07 07:56:35,7,3,33.8,58.0,84.0,3405.0,light,turn_on
2026-05-07 08:17:55,8,3,33.7,59.4,83.0,424.0,fan,turn_on
2026-05-13 07:47:33,7,2,33.1,69.1,78.0,546.0,fan,turn_on
2026-05-13 08:06:23,8,2,33.6,68.3,72.6,2890.6,light,turn_off
2026-05-13 02:38:05,2,2,28.4,75.1,3.2,264.3,fan,turn_on
2026-05-13 16:04:16,16,2,34.9,58.1,80.1,479.3,fan,turn_on
2026-05-13 20:58:13,20,2,31.6,64.0,25.5,411.9,fan,turn_on
2026-05-13 21:40:27,21,2,28.2,72.1,3.0,314.1,fan,turn_off
2026-05-14 06:41:50,6,3,27.6,72.8,4.2,358.0,fan,turn_off
2026-05-13 07:46:06,7,2,33.1,69.0,80.3,549.2,fan,turn_on
2026-05-13 10:16:52,10,2,33.0,64.0,82.8,548.1,fan,turn_on
2026-05-13 00:02:23,0,2,27.6,78.5,4.7,303.1,fan,turn_off
2026-05-13 04:13:21,4,2,27.7,75.3,2.9,348.5,fan,turn_off
2026-05-13 04:48:59,4,2,27.5,75.5,1.6,370.8,light,turn_on
2026-05-13 23:53:21,23,2,27.4,78.4,2.4,322.5,light,turn_on
2026-05-13 22:38:59,22,2,28.9,72.6,5.0,316.5,light,turn_on
2026-05-13 03:02:29,3,2,27.3,74.1,3.8,277.6,light,turn_on
2026-05-13 04:36:40,4,2,27.3,76.0,2.6,366.7,fan,turn_off
2026-05-13 02:32:19,2,2,28.7,75.1,1.3,257.9,fan,turn_off
2026-05-13 11:13:03,11,2,33.7,61.4,88.5,557.3,light,turn_off
2026-05-13 16:52:48,16,2,34.7,59.9,83.9,517.4,light,turn_off
2026-05-13 20:21:15,20,2,31.2,62.6,26.4,400.1,fan,turn_on
2026-05-14 08:42:29,8,3,34.0,66.8,74.9,546.3,light,turn_off
2026-05-13 10:49:40,10,2,33.1,65.3,84.8,544.4,fan,turn_on
2026-05-13 04:17:04,4,2,27.6,76.4,5.0,346.7,fan,turn_off
2026-05-13 09:02:53,9,2,33.6,65.2,76.8,1968.7,light,turn_off
2026-05-14 08:24:11,8,3,33.9,68.1,73.4,526.6,fan,turn_on
2026-05-13 12:23:02,12,2,33.9,62.6,72.3,465.9,fan,turn_on
2026-05-13 14:04:33,14,2,33.0,62.8,79.2,473.9,fan,turn_on
2026-05-14 04:11:06,4,3,27.7,73.6,3.9,361.2,light,turn_on
2026-05-14 06:48:34,6,3,27.2,73.0,1.0,348.0,fan,turn_off
2026-05-14 09:17:38,9,3,33.6,62.3,83.5,532.9,light,turn_off
2026-05-13 05:13:26,5,2,27.7,75.3,4.9,395.7,fan,turn_off
2026-05-13 08:57:13,8,2,33.9,68.6,68.0,544.8,light,turn_off
2026-05-13 19:24:55,19,2,29.6,66.3,27.1,458.4,light,turn_on
2026-05-13 13:37:07,13,2,33.6,62.7,77.8,492.7,light,turn_off
2026-05-14 00:44:50,0,3,27.2,78.1,2.8,316.8,light,turn_on
2026-05-13 12:05:32,12,2,33.6,61.7,87.6,458.4,light,turn_off
2026-05-13 20:29:43,20,2,31.2,64.4,26.7,431.9,light,turn_on
2026-05-14 07:22:54,7,3,32.1,66.0,72.0,1163.2,fan,turn_off
2026-05-13 18:47:07,18,2,30.3,65.4,21.1,469.1,fan,turn_off
2026-05-14 04:35:21,4,3,28.5,73.6,3.3,380.3,light,turn_on
2026-05-14 00:01:12,0,3,27.5,77.8,2.6,260.8,fan,turn_off
2026-05-14 08:09:11,8,3,33.7,69.7,78.3,599.3,light,turn_off
2026-05-14 09:01:27,9,3,33.8,64.5,80.9,602.3,light,turn_off
2026-05-13 08:57:13,8,2,33.9,68.6,68.0,544.8,fan,turn_on
2026-05-13 15:28:14,15,2,34.5,58.0,77.9,551.0,light,turn_off
2026-05-13 21:16:29,21,2,28.8,72.9,5.0,325.8,fan,turn_off
2026-05-14 08:13:44,8,3,33.8,69.6,75.1,552.8,light,turn_off
2026-05-13 05:16:11,5,2,27.6,74.9,5.7,400.1,light,turn_on
2026-05-13 08:53:39,8,2,34.3,68.7,77.5,570.4,light,turn_off
2026-05-13 09:05:49,9,2,34.0,63.5,79.3,1058.1,fan,turn_on
2026-05-13 22:07:46,22,2,28.0,73.0,2.0,280.0,light,turn_on
2026-05-13 00:37:13,0,2,27.2,81.4,3.5,284.6,fan,turn_off
2026-05-13 06:00:17,6,2,28.0,72.5,5.7,358.1,light,turn_on
2026-05-13 20:53:14,20,2,31.7,64.5,28.1,451.8,light,turn_on
2026-05-13 23:29:17,23,2,28.7,76.2,4.2,294.4,light,turn_on
2026-05-13 17:23:09,17,2,32.0,62.3,33.1,437.4,light,turn_on
2026-05-14 08:40:40,8,3,33.7,67.3,75.0,533.9,light,turn_off
2026-05-13 17:35:40,17,2,31.9,63.3,23.8,418.7,fan,turn_on
2026-05-13 16:43:13,16,2,35.3,60.6,84.4,489.6,light,turn_off
2026-05-13 04:34:45,4,2,27.2,75.8,5.0,369.6,light,turn_on
2026-05-13 06:05:09,6,2,28.1,72.1,7.8,373.1,fan,turn_on
2026-05-13 13:41:01,13,2,33.4,62.3,73.5,497.4,fan,turn_on
2026-05-13 04:54:32,4,2,27.3,75.9,4.3,377.0,fan,turn_on
2026-05-13 20:08:57,20,2,31.8,63.4,26.9,463.8,fan,turn_off
2026-05-13 12:40:47,12,2,34.1,60.8,77.0,515.5,light,turn_on
2026-05-13 01:49:12,1,2,28.7,78.2,3.7,285.7,light,turn_on
2026-05-13 12:35:59,12,2,33.6,61.0,81.7,504.4,fan,turn_on
2026-05-13 01:01:13,1,2,27.7,84.1,2.3,264.6,light,turn_on
2026-05-13 06:52:59,6,2,27.5,74.1,1.6,357.3,light,turn_on
2026-05-13 10:15:12,10,2,33.1,65.0,84.6,535.5,light,turn_off
2026-05-13 05:09:50,5,2,27.4,74.4,6.0,373.4,fan,turn_off
2026-05-13 00:42:14,0,2,27.7,80.4,1.3,286.7,fan,turn_off
2026-05-13 13:15:08,13,2,33.4,60.5,78.3,530.2,light,turn_off
2026-05-13 01:59:28,1,2,29.0,78.7,3.0,264.6,light,turn_on
2026-05-14 03:15:27,3,3,27.9,76.3,1.7,282.1,fan,turn_off
2026-05-13 21:27:37,21,2,28.8,72.9,5.0,281.3,light,turn_on
2026-05-14 01:36:23,1,3,28.3,75.3,4.7,283.2,light,turn_on
2026-05-14 04:21:48,4,3,27.9,74.0,4.5,366.6,fan,turn_off
2026-05-13 00:19:05,0,2,27.2,80.6,2.4,274.1,fan,turn_off
2026-05-13 11:36:00,11,2,33.2,61.5,87.4,549.7,light,turn_off
2026-05-13 13:38:15,13,2,33.5,61.9,73.0,500.7,fan,turn_on
2026-05-13 16:46:50,16,2,35.0,59.8,83.7,519.4,light,turn_off
2026-05-13 16:14:55,16,2,35.0,58.7,78.2,506.1,fan,turn_on
2026-05-14 02:40:44,2,3,28.6,75.5,1.6,283.5,light,turn_on
2026-05-14 05:59:38,5,3,28.0,73.3,4.8,364.0,fan,turn_on
2026-05-13 15:47:20,15,2,35.1,58.6,78.2,509.9,fan,turn_on
2026-05-13 08:02:09,8,2,33.4,68.9,77.7,721.8,fan,turn_on
2026-05-14 02:14:46,2,3,28.4,73.6,4.3,259.1,light,turn_on
2026-05-13 22:50:21,22,2,28.3,74.1,1.6,280.6,fan,turn_on
2026-05-13 03:32:56,3,2,27.7,73.6,3.6,290.7,light,turn_on
2026-05-13 13:22:34,13,2,33.7,61.0,70.6,500.6,fan,turn_on
2026-05-13 04:04:53,4,2,27.1,75.5,3.1,344.3,light,turn_on
2026-05-13 03:43:37,3,2,27.2,75.4,4.9,276.6,fan,turn_off
2026-05-14 01:04:19,1,3,27.6,76.2,1.9,314.1,light,turn_on
2026-05-13 23:32:48,23,2,28.9,76.1,3.3,299.8,light,turn_on
2026-05-13 19:38:31,19,2,30.0,66.1,33.9,454.6,fan,turn_on
2026-05-13 20:53:52,20,2,31.7,64.2,29.8,460.8,light,turn_on
2026-05-13 22:46:41,22,2,28.1,73.5,3.0,328.1,fan,turn_off
2026-05-13 12:38:33,12,2,34.0,60.5,77.0,546.2,light,turn_off
2026-05-14 00:53:27,0,3,27.7,76.3,1.8,272.8,light,turn_on
2026-05-13 03:06:29,3,2,27.1,72.4,2.8,273.0,light,turn_on
2026-05-13 23:37:23,23,2,28.4,75.7,1.4,314.8,fan,turn_on
2026-05-13 12:09:30,12,2,34.0,61.3,81.9,492.0,light,turn_off
2026-05-14 06:05:07,6,3,27.8,72.1,3.7,345.0,fan,turn_off
2026-05-07 07:56:05,7,3,33.7,58.2,82.0,3392.0,light,turn_off
2026-05-13 07:11:37,7,2,30.2,68.4,70.8,2221.6,fan,turn_on
2026-05-13 05:31:20,5,2,28.1,74.0,8.3,359.3,fan,turn_off
2026-05-13 03:10:45,3,2,26.9,72.5,5.0,253.1,fan,turn_off
2026-05-13 15:58:06,15,2,35.4,58.7,83.7,512.7,light,turn_off
2026-05-13 18:38:18,18,2,30.0,64.9,29.9,486.6,fan,turn_off
2026-05-13 02:09:00,2,2,28.8,78.5,2.8,296.5,fan,turn_off
2026-05-13 12:57:18,12,2,33.0,60.5,73.6,513.9,fan,turn_on
2026-05-13 10:09:13,10,2,33.0,64.3,86.0,518.0,fan,turn_on
2026-05-13 07:58:48,7,2,33.6,68.9,82.1,1009.8,light,turn_off
2026-05-13 02:46:55,2,2,27.5,75.0,4.4,278.0,light,turn_on
2026-05-13 18:51:56,18,2,31.2,65.3,26.0,430.0,fan,turn_on
2026-05-13 21:31:12,21,2,29.0,72.6,3.7,294.9,fan,turn_off
2026-05-13 20:04:56,20,2,32.0,63.5,31.2,458.8,fan,turn_on
2026-05-14 01:05:26,1,3,27.5,76.0,1.1,321.4,light,turn_on
2026-05-13 05:55:25,5,2,27.9,72.5,1.8,344.2,fan,turn_off
2026-05-14 02:23:32,2,3,28.0,75.5,5.0,268.2,fan,turn_off
2026-05-13 01:47:49,1,2,28.7,77.9,3.7,294.7,light,turn_on
2026-05-14 07:44:32,7,3,32.7,66.3,74.4,2221.5,fan,turn_on
2026-05-14 00:11:10,0,3,27.7,77.9,2.1,297.8,light,turn_on
2026-05-13 09:20:41,9,2,33.7,64.1,87.9,565.7,light,turn_off
2026-05-13 15:35:26,15,2,35.0,58.4,77.4,535.3,light,turn_off
2026-05-13 11:02:30,11,2,33.6,63.4,84.2,559.6,fan,turn_on
2026-05-13 17:30:29,17,2,32.1,61.7,27.5,416.6,light,turn_on
2026-05-13 20:23:33,20,2,31.2,62.8,22.9,419.5,fan,turn_off
2026-05-13 18:58:12,18,2,30.6,65.0,29.9,439.0,fan,turn_off
2026-05-14 03:54:54,3,3,27.6,75.6,2.0,277.7,fan,turn_off
2026-05-13 05:14:06,5,2,27.8,75.4,4.7,409.2,light,turn_on
2026-05-14 02:46:04,2,3,29.0,75.1,1.0,281.5,fan,turn_off
2026-05-13 16:15:27,16,2,35.0,58.3,81.7,497.4,fan,turn_on
2026-05-13 00:31:28,0,2,27.4,80.8,1.0,308.9,fan,turn_off
2026-05-13 06:12:42,6,2,27.7,71.7,4.7,363.1,fan,turn_on
2026-05-13 17:04:01,17,2,33.9,62.8,34.6,423.7,fan,turn_on
